compound,gene_id,gene_name,type,sources,is_conflict,reactions,production_improvement,yield_improvement
cpd00322,CEY17_RS03645,CEY17_RS03645,KD,ecBridge,True,rxn00198_c;rxn00198_c_reverse,-0.005249,0.550654
cpd00322,CEY17_RS08090,aspA,KD,ecBridge,True,rxn00347_c;rxn00347_c_reverse,-0.186432,0.842772
cpd00322,CEY17_RS14115,fbaA,KD,ecBridge,True,rxn00786_c;rxn00786_c_reverse,-2.838562,11.898321
cpd00322,CEY17_RS08485,tpiA,KD,ecBridge,True,rxn00747_c;rxn00747_c_reverse,-0.624026,1.26974
cpd00322,CEY17_RS05085,CEY17_RS05085,KD,ecBridge,True,rxn00770_c;rxn00770_c_reverse,-0.001706,0.16685
cpd00322,CEY17_RS08495,gap,OE,ecBridge,True,rxn00781_c_reverse;rxn00781_c,3.66365,-3.982972
cpd00322,CEY17_RS10780,asnB,KD,ecBridge,True,rxn00416_c;rxn00340_c,-0.006706,0.73641
cpd00322,CEY17_RS11145,glmS,KD,ecBridge,True,rxn00555_c_reverse;rxn00555_c,-0.00242,0.247702
cpd00322,CEY17_RS14520,CEY17_RS14520,KD,ecBridge+ecFSEOF,True,rxn00191_c;rxn00191_c_reverse,-0.004098,0.438459
cpd00322,CEY17_RS10815,CEY17_RS10815,OE,ecBridge+ecFSEOF,False,rxn01575_c;rxn01575_c_reverse;rxn00806_c_reverse;rxn00903_c_reverse;rxn00903_c;rxn00806_c,1.255707,0.551352
cpd00322,CEY17_RS01305,hisC,KD,ecBridge,True,rxn00493_c_reverse;rxn00493_c;rxn00527_c;rxn00527_c_reverse,-0.002752,0.285432
cpd00322,CEY17_RS11680,CEY17_RS11680,KD,ecBridge,True,rxn00248_c;rxn00248_c_reverse,-0.159609,0.626844
cpd00322,CEY17_RS09165,ptsP,OE,ecBridge,False,rxn05655_c;rxn05560_c;rxn02005_c_num1;rxn05226_c;rxn05607_c;rxn05569_c;rxn05617_c;rxn05610_c;rxn05647_c;rxn05567_c;rxn10184_c;rxn05501_c,1.985004,-1.690772
cpd00322,CEY17_RS09185,CEY17_RS09185,OE,ecBridge,False,rxn05226_c;rxn05560_c,1.985004,-1.690772
cpd00322,CEY17_RS10245,pyk,OE,ecBridge,False,rxn00148_c_num1,0.329512,-0.390683
cpd00322,CEY17_RS04520,CEY17_RS04520,KD,ecBridge+ecFSEOF,False,rxn00256_c,-0.003253,0.337985
cpd00322,CEY17_RS09360,dapA,KD,ecBridge,False,rxn01644_c,-0.00689,0.75744
cpd00322,CEY17_RS06790,CEY17_RS06790,KD,ecBridge,False,rxn02316_c;rxn00545_c;rxn02317_c;rxn02314_c_num3;rxn02315_c,-0.554501,1.154056
cpd00322,CEY17_RS10860,glnA,KD,ecBridge,False,rxn03406_c_num2;rxn00187_c_num2,-0.002493,0.256046
cpd00322,CEY17_RS08615,CEY17_RS08615,KD,ecBridge,False,rxn01018_c,-0.001529,0.146738
cpd00322,CEY17_RS14095,CEY17_RS14095,KD,ecBridge,False,rxn00838_c,-0.004008,0.428212
cpd00322,CEY17_RS06890,ilvN,OE,ecBridge+ecFSEOF,True,rxn15021_c;rxn08043_c,0.889301,0.294621
cpd00322,CEY17_RS06885,CEY17_RS06885,OE,ecBridge+ecFSEOF,True,rxn15021_c;rxn08043_c,0.889301,0.294621
cpd00322,CEY17_RS08445,zwf,OE,ecBridge+ecFSEOF,False,rxn00604_c;rxn00604_c_reverse,1.131786,0.18511
cpd00322,CEY17_RS08450,CEY17_RS08450,OE,ecBridge+ecFSEOF,False,rxn00604_c;rxn00604_c_reverse,1.131786,0.18511
cpd00322,CEY17_RS08435,tkt,OE,ecBridge+ecFSEOF,False,rxn00785_c;rxn00785_c_reverse;rxn15228_c;rxn15228_c_reverse,0.587067,0.147933
cpd00322,CEY17_RS08440,tal,OE,ecBridge+ecFSEOF,False,rxn01333_c;rxn01333_c_reverse,0.217151,0.050423
cpd00322,CEY17_RS01500,CEY17_RS01500,OE,ecBridge+ecFSEOF,False,rxn00337_c;rxn00337_c_reverse,0.998836,0.39904
cpd00322,CEY17_RS08545,rpe,OE,ecBridge+ecFSEOF,False,rxn01116_c;rxn01116_c_reverse,0.227068,0.05715
cpd00322,CEY17_RS01410,CEY17_RS01410,OE,ecBridge+ecFSEOF,False,rxn00260_c;rxn00260_c_reverse,0.731765,0.817385
cpd00322,CEY17_RS10200,gdhA,OE,ecBridge+ecFSEOF,False,rxn00184a_c,0.676413,0.027201
cpd00322,CEY17_RS14910,CEY17_RS14910,OE,ecBridge+ecFSEOF,False,rxn00184a_c;rxn00184b_c,0.676413,0.027201
cpd00322,CEY17_RS10440,ilvA,OE,ecBridge+ecFSEOF,False,rxn00737_c,4.847558,2.288093
cpd00322,CEY17_RS06460,thrB,OE,ecBridge+ecFSEOF,False,rxn01300_c,0.572095,0.255319
cpd00322,CEY17_RS03780,CEY17_RS03780,OE,ecBridge+ecFSEOF,False,rxn00250_c,0.552615,0.04531
cpd00322,CEY17_RS06455,CEY17_RS06455,OE,ecBridge+ecFSEOF,False,rxn01302_c_reverse;rxn01302_c,2.651892,1.146161
cpd00322,CEY17_RS06870,ilvD,OE,ecBridge+ecFSEOF,False,rxn15467_c;rxn03437_c,6.812399,2.767218
cpd00322,CEY17_RS06895,ilvC,OE,ecBridge+ecFSEOF,False,rxn03436_c_reverse;rxn03436_c;rxn15466_c_reverse;rxn03435_c_reverse;rxn15466_c;rxn03435_c,6.164179,2.878474
cpd00322,CEY17_RS04635,pgi,KD,ecFSEOF,True,rxn00558_c;rxn00558_c_reverse,0.118007,1.330971
cpd00322,CEY17_RS01535,brnF,OE,ecFSEOF,False,rxn05244_c;rxn05615_c;rxn08722_c;rxn05243_c;rxn05669_c;rxn08722_c_reverse,48.233355,19.747254
cpd00322,CEY17_RS01540,brnE,OE,ecFSEOF,False,rxn05244_c;rxn05615_c;rxn08722_c;rxn05243_c;rxn05669_c;rxn08722_c_reverse,48.233355,19.747254
cpd00322,CEY17_RS10890,thrC,OE,ecFSEOF,False,rxn03446_c;rxn01069_c,1.90957,0.848076
cpd00322,CEY17_RS01505,CEY17_RS01505,OE,ecFSEOF,False,rxn01643_c,3.129463,1.240566
cpd00322,CEY17_RS07800,gndA,OE,ecFSEOF,False,rxn01115_c,6.13926,1.796199
cpd00322,CEY17_RS08455,pgl,OE,ecFSEOF,False,rxn01476_c,0.952565,0.156674
cpd00322,CEY17_RS03595,CEY17_RS03595,KD,ecFSEOF,False,rxn00952_c;rxn06078_c,-0.001692,0.165235
cpd00322,CEY17_RS08110,metH,KD,ecFSEOF,False,rxn11944_c_num2;rxn16206_c_num2;rxn00693_c_reverse_num2;rxn03052_c_num2;rxn16206_c_reverse_num2;rxn00693_c_num2,-0.002107,0.212218
cpd00322,CEY17_RS14055,CEY17_RS14055,KD,ecFSEOF,False,rxn06197_c_reverse;rxn00225_c;rxn00985_c;rxn06197_c;rxn00225_c_reverse;rxn00985_c_reverse,0.245255,5.229059
cpd00322,CEY17_RS14060,pta,KD,ecFSEOF,False,rxn00670_c;rxn00173_c;rxn11892_c;rxn11892_c_reverse;rxn00670_c_reverse;rxn00173_c_reverse;rxn01701_c,0.290422,7.121663
cpd00322,CEY17_RS07905,CEY17_RS07905,KD,ecFSEOF,False,rxn05651_c_num1,-0.00224,0.227349
cpd00322,CEY17_RS03800,CEY17_RS03800,KD,ecFSEOF,False,rxn05910_c_num1;rxn05289_c_reverse_num2;rxn16213_c_num1;rxn11571_c_num1;rxn05289_c_num2,-0.001306,0.121558
cpd00322,CEY17_RS13390,CEY17_RS13390,KD,ecFSEOF,False,rxn10484_c_reverse;rxn10484_c,-0.001235,0.113526
cpd00322,CEY17_RS12665,CEY17_RS12665,KD,ecFSEOF,False,rxn08018_c_num1;rxn08017_c_num1;rxn25647_c_num1;rxn05345_c_num1;rxn08019_c_num1;rxn08002_c_num1;rxn05343_c_num1;rxn07998_c_num1;rxn05346_c_num1;rxn05350_c_num1;rxn08018_c_reverse_num1;rxn06023_c_num1;rxn07997_c_num1;rxn08000_c_num1;rxn08766_c_reverse_num1;rxn05348_c_num1;rxn08017_c_reverse_num1;rxn08766_c_num1;rxn08001_c_num1,-0.001613,0.156246
cpd00322,CEY17_RS13050,murA,KD,ecFSEOF,False,rxn00461_c_reverse;rxn00461_c,-0.005684,0.619461
cpd00322,CEY17_RS11015,aceE,KD,ecFSEOF,False,rxn00011_c;rxn02342_c_reverse;rxn02342_c;rxn00154_c,0.615553,9.916905
cpd00322,CEY17_RS02085,lpdA,KD,ecFSEOF,False,rxn01241_c_reverse;rxn08094_c;rxn01241_c;rxn00154_c,0.534135,4.878306
cpd00322,CEY17_RS10830,sucB,KD,ecFSEOF,False,rxn08094_c;rxn01871_c;rxn01871_c_reverse;rxn00154_c,0.534135,4.878306
cpd00322,CEY17_RS08285,can,KD,ecFSEOF,False,rxn00974_c;rxn01388_c_reverse;rxn01388_c;rxn00974_c_reverse,-0.009717,1.063521
cpd00107,CEY17_RS10815,CEY17_RS10815,OE,ecBridge+ecFSEOF,True,rxn00806_c;rxn00806_c_reverse;rxn01575_c;rxn01575_c_reverse;rxn00903_c_reverse;rxn00903_c,0.929217,0.17411
cpd00107,CEY17_RS14520,CEY17_RS14520,KD,ecBridge+ecFSEOF,True,rxn00191_c;rxn00191_c_reverse,-0.034407,0.20794
cpd00107,CEY17_RS13050,murA,KD,ecBridge+ecFSEOF,True,rxn00461_c_reverse;rxn00461_c,-0.048428,0.293537
cpd00107,CEY17_RS08435,tkt,OE,ecBridge+ecFSEOF,False,rxn15228_c_reverse;rxn00785_c_reverse;rxn15228_c;rxn00785_c,0.342467,0.006175
cpd00107,CEY17_RS11145,glmS,KD,ecBridge,True,rxn00555_c_reverse;rxn00555_c,-0.019575,0.117577
cpd00107,CEY17_RS03780,CEY17_RS03780,KD,ecBridge,True,rxn00250_c,-0.069813,0.542606
cpd00107,CEY17_RS09360,dapA,KD,ecBridge,False,rxn01644_c,-0.059082,0.358694
cpd00107,CEY17_RS06885,CEY17_RS06885,OE,ecBridge+ecFSEOF,True,rxn08043_c;rxn15021_c,2.339678,0.457723
cpd00107,CEY17_RS06890,ilvN,OE,ecBridge+ecFSEOF,True,rxn08043_c;rxn15021_c,2.339678,0.457723
cpd00107,CEY17_RS05880,nadA,KD,ecBridge,False,rxn02988_c,-0.162183,0.994362
cpd00107,CEY17_RS14850,CEY17_RS14850,OE,ecBridge+ecFSEOF,False,rxnfmn_c_num1;rxn03974_c_num2;rxn08521_c;rxnfad1_c_num1;rxnfad3_c_num1;rxn03975_c_num2;rxnfad2_c_num1;rxnriboflavin_c,0.848594,0.195163
cpd00107,CEY17_RS08445,zwf,OE,ecBridge+ecFSEOF,False,rxn00604_c;rxn00604_c_reverse,0.665729,-0.035442
cpd00107,CEY17_RS08450,CEY17_RS08450,OE,ecBridge+ecFSEOF,False,rxn00604_c;rxn00604_c_reverse,0.665729,-0.035442
cpd00107,CEY17_RS08440,tal,OE,ecBridge+ecFSEOF,False,rxn01333_c;rxn01333_c_reverse,0.127158,0.000217
cpd00107,CEY17_RS08485,tpiA,OE,ecBridge,False,rxn00747_c_reverse;rxn00747_c,0.406449,-0.065499
cpd00107,CEY17_RS14115,fbaA,OE,ecBridge,False,rxn00786_c_reverse;rxn00786_c,2.035655,-0.342751
cpd00107,CEY17_RS01490,leuA,OE,ecBridge+ecFSEOF,False,rxn00902_c,49.16516,7.862055
cpd00107,CEY17_RS08545,rpe,OE,ecBridge+ecFSEOF,False,rxn01116_c;rxn01116_c_reverse,0.132641,0.002326
cpd00107,CEY17_RS08490,pgk,OE,ecBridge+ecFSEOF,False,rxn01100_c_reverse;rxn00181_c;rxn01100_c;rxn00181_c_reverse,0.426788,-0.059183
cpd00107,CEY17_RS08495,gap,OE,ecBridge+ecFSEOF,False,rxn00781_c_reverse;rxn00781_c,7.789911,-1.352179
cpd00107,CEY17_RS06790,CEY17_RS06790,OE,ecBridge,False,rxn00545_c;rxn02315_c;rxn02316_c;rxn02314_c_num3;rxn02317_c,0.361295,-0.060409
cpd00107,CEY17_RS04635,pgi,OE,ecBridge,False,rxn00558_c;rxn00558_c_reverse,0.196832,-0.086406
cpd00107,CEY17_RS07100,leuC,OE,ecBridge+ecFSEOF,False,rxn02811_c_reverse;rxn02811_c;rxn02789_c_reverse;rxn02789_c,7.048131,1.451175
cpd00107,CEY17_RS07105,leuD,OE,ecBridge+ecFSEOF,False,rxn02811_c_reverse;rxn02811_c;rxn02789_c_reverse;rxn02789_c,7.048131,1.451175
cpd00107,CEY17_RS08600,carB,OE,ecFSEOF,False,rxn00113_c;rxn00414_c,0.147639,-0.888469
cpd00107,CEY17_RS08605,carA,OE,ecFSEOF,False,rxn00113_c;rxn00414_c,0.147639,-0.888469
cpd00107,CEY17_RS01540,brnE,OE,ecFSEOF,False,rxn05243_c;rxn05669_c;rxn08722_c;rxn05244_c;rxn08722_c_reverse;rxn05615_c,5.501522,1.222837
cpd00107,CEY17_RS01535,brnF,OE,ecFSEOF,False,rxn05243_c;rxn05669_c;rxn08722_c;rxn05244_c;rxn08722_c_reverse;rxn05615_c,5.501522,1.222837
cpd00107,CEY17_RS06955,CEY17_RS06955,OE,ecFSEOF,False,rxn03062_c_reverse;rxn03062_c,4.374398,0.917357
cpd00107,CEY17_RS06870,ilvD,OE,ecFSEOF,False,rxn03437_c;rxn15467_c,7.753277,1.424422
cpd00107,CEY17_RS06895,ilvC,OE,ecFSEOF,False,rxn15466_c;rxn15466_c_reverse;rxn03436_c;rxn03436_c_reverse;rxn03435_c_reverse;rxn03435_c,0.24644,-0.01832
cpd00107,CEY17_RS10245,pyk,OE,ecFSEOF,False,rxn00148_c_num1,1.060919,-0.029149
cpd00107,CEY17_RS08455,pgl,OE,ecFSEOF,False,rxn01476_c,0.560911,-0.029407
cpd00107,CEY17_RS07800,gndA,OE,ecFSEOF,False,rxn01115_c,3.417423,-0.234516
cpd00107,CEY17_RS06595,CEY17_RS06595,KD,ecFSEOF,True,rxn00062_c;rxn08173_c,4.860609,0.45192
cpd00107,CEY17_RS06600,atpD,KD,ecFSEOF,True,rxn00062_c;rxn08173_c,4.860609,0.45192
cpd00107,CEY17_RS06570,atpB,KD,ecFSEOF,True,rxn00062_c;rxn08173_c,4.860609,0.45192
cpd00107,CEY17_RS06605,CEY17_RS06605,KD,ecFSEOF,True,rxn00062_c;rxn08173_c,4.860609,0.45192
cpd00107,CEY17_RS06580,CEY17_RS06580,KD,ecFSEOF,True,rxn00062_c;rxn08173_c,4.860609,0.45192
cpd00107,CEY17_RS06585,CEY17_RS06585,KD,ecFSEOF,True,rxn00062_c;rxn08173_c,4.860609,0.45192
cpd00107,CEY17_RS06590,atpA,KD,ecFSEOF,True,rxn00062_c;rxn08173_c,4.860609,0.45192
cpd00107,CEY17_RS13145,pstB,KD,ecFSEOF,False,rxn05145_c,-0.042352,0.253049
cpd00107,CEY17_RS13160,pstS,KD,ecFSEOF,False,rxn05145_c,-0.042352,0.253049
cpd00107,CEY17_RS13150,pstA,KD,ecFSEOF,False,rxn05145_c,-0.042352,0.253049
cpd00107,CEY17_RS13155,pstC,KD,ecFSEOF,False,rxn05145_c,-0.042352,0.253049
cpd00107,CEY17_RS10440,ilvA,KD,ecFSEOF,False,rxn00737_c,-0.042902,0.25978
cpd00107,CEY17_RS08110,metH,KD,ecFSEOF,False,rxn16206_c_num2;rxn11944_c_num2;rxn00693_c_reverse_num2;rxn16206_c_reverse_num2;rxn03052_c_num2;rxn00693_c_num2,-0.01681,0.10075
cpd00107,CEY17_RS14060,pta,KD,ecFSEOF,False,rxn00670_c;rxn00670_c_reverse;rxn00173_c;rxn11892_c_reverse;rxn01701_c;rxn11892_c;rxn00173_c_reverse,0.471213,0.320177
cpd00107,CEY17_RS14055,CEY17_RS14055,KD,ecFSEOF,False,rxn06197_c;rxn00225_c;rxn00985_c_reverse;rxn06197_c_reverse;rxn00985_c;rxn00225_c_reverse,0.463413,0.493834
cpd00107,CEY17_RS07905,CEY17_RS07905,KD,ecFSEOF,False,rxn05651_c_num1,-0.017989,0.107926
cpd00107,CEY17_RS10770,CEY17_RS10770,KD,ecFSEOF,False,rxn00058_c_num3;rxnbccaa3_c,3.684483,4.724066
cpd00107,CEY17_RS10760,CEY17_RS10760,KD,ecFSEOF,False,rxn00058_c_num4;rxnbccaa3_c,3.684483,4.724066
cpd00107,CEY17_RS12850,ctaD,KD,ecFSEOF,False,rxn00058_c_num2;rxnbccaa3_c,3.684483,4.724066
cpd00107,CEY17_RS10775,CEY17_RS10775,KD,ecFSEOF,False,rxnbccaa3_c;rxn00058_c_num1,3.684483,4.724066
cpd00107,CEY17_RS10745,qcrB,KD,ecFSEOF,False,rxnbccaa3_c,3.684483,4.724066
cpd00107,CEY17_RS10750,CEY17_RS10750,KD,ecFSEOF,False,rxn08287_c;rxnbccaa3_c,3.684483,4.724066
cpd00107,CEY17_RS10755,CEY17_RS10755,KD,ecFSEOF,False,rxnbccaa3_c,3.684483,4.724066
cpd00107,CEY17_RS02085,lpdA,KD,ecFSEOF,False,rxn08094_c;rxn01241_c_reverse;rxn00154_c;rxn01241_c,-1.710213,1.45868
cpd00107,CEY17_RS11015,aceE,KD,ecFSEOF,False,rxn02342_c_reverse;rxn02342_c;rxn00154_c;rxn00011_c,-1.790302,1.370608
cpd00107,CEY17_RS10830,sucB,KD,ecFSEOF,False,rxn08094_c;rxn01871_c_reverse;rxn01871_c;rxn00154_c,-1.710213,1.45868
cpd00107,CEY17_RS01410,CEY17_RS01410,KD,ecFSEOF,False,rxn00260_c_reverse;rxn00260_c,0.592829,0.629341
cpd00107,CEY17_RS04520,CEY17_RS04520,KD,ecFSEOF,False,rxn00256_c,-0.025948,0.160525
cpd00107,CEY17_RS08285,can,KD,ecFSEOF,False,rxn00974_c;rxn00974_c_reverse;rxn01388_c_reverse;rxn01388_c,-0.081704,0.50148
cpd00060,CEY17_RS06945,serA,OE,ecBridge,True,rxn01101_c_reverse;rxn01101_c,0.273217,0.099939
cpd00060,CEY17_RS14115,fbaA,KD,ecBridge+ecFSEOF,True,rxn00786_c_reverse;rxn00786_c,-1.234973,6.956779
cpd00060,CEY17_RS04515,serC,OE,ecBridge,True,rxn02914_c_reverse;rxn02914_c,0.955013,0.3494
cpd00060,CEY17_RS08485,tpiA,KD,ecBridge+ecFSEOF,True,rxn00747_c_reverse;rxn00747_c,-0.232286,1.494484
cpd00060,CEY17_RS05085,CEY17_RS05085,KD,ecBridge,True,rxn00770_c_reverse;rxn00770_c,-0.011358,0.164712
cpd00060,CEY17_RS08090,aspA,OE,ecBridge,True,rxn00347_c;rxn00347_c_reverse,0.391406,0.009556
cpd00060,CEY17_RS01410,CEY17_RS01410,OE,ecBridge,False,rxn00260_c;rxn00260_c_reverse,0.540141,0.015529
cpd00060,CEY17_RS10320,CEY17_RS10320,KD,ecBridge,True,rxn02320_c;rxn02320_c_reverse,-0.015446,0.225348
cpd00060,CEY17_RS10815,CEY17_RS10815,KD,ecBridge,True,rxn00806_c_reverse;rxn00806_c;rxn00903_c;rxn01575_c;rxn01575_c_reverse;rxn00903_c_reverse,-0.026821,0.394525
cpd00060,CEY17_RS01305,hisC,KD,ecBridge,True,rxn00493_c;rxn00527_c;rxn00493_c_reverse;rxn00527_c_reverse,-0.019245,0.281789
cpd00060,CEY17_RS14520,CEY17_RS14520,KD,ecBridge+ecFSEOF,True,rxn00191_c;rxn00191_c_reverse,-0.029395,0.432892
cpd00060,CEY17_RS10200,gdhA,OE,ecBridge,True,rxn00184a_c,0.577859,-0.022813
cpd00060,CEY17_RS14910,CEY17_RS14910,OE,ecBridge,True,rxn00184a_c;rxn00184b_c,0.577859,-0.022813
cpd00060,CEY17_RS10780,asnB,KD,ecBridge,True,rxn00340_c;rxn00416_c,-0.049069,0.727158
cpd00060,CEY17_RS08600,carB,OE,ecBridge+ecFSEOF,False,rxn00414_c;rxn00113_c,0.124789,-1.825538
cpd00060,CEY17_RS08605,carA,OE,ecBridge+ecFSEOF,False,rxn00414_c;rxn00113_c,0.124789,-1.825538
cpd00060,CEY17_RS06790,CEY17_RS06790,KD,ecBridge+ecFSEOF,False,rxn02315_c;rxn02316_c;rxn02317_c;rxn00545_c;rxn02314_c_num3,-0.207776,1.353378
cpd00060,CEY17_RS11435,glcB,OE,ecFSEOF,True,rxn00330_c,0.655483,0.336444
cpd00060,CEY17_RS06460,thrB,KD,ecBridge,False,rxn01300_c,-0.01129,0.163695
cpd00060,CEY17_RS09360,dapA,KD,ecBridge,False,rxn01644_c,-0.050453,0.74793
cpd00060,CEY17_RS15780,trpA,KD,ecBridge,False,rxn00474_c,-0.009042,0.130377
cpd00060,CEY17_RS08615,CEY17_RS08615,KD,ecBridge,False,rxn01018_c,-0.010019,0.144857
cpd00060,CEY17_RS10860,glnA,KD,ecBridge,True,rxn03406_c_num2;rxn00187_c_num2,-0.017293,0.252775
cpd00060,CEY17_RS14095,CEY17_RS14095,KD,ecBridge,False,rxn00838_c,-0.028717,0.422773
cpd00060,CEY17_RS08450,CEY17_RS08450,OE,ecBridge+ecFSEOF,False,rxn00604_c_reverse;rxn00604_c,1.580459,0.416468
cpd00060,CEY17_RS08445,zwf,OE,ecBridge+ecFSEOF,False,rxn00604_c_reverse;rxn00604_c,1.580459,0.416468
cpd00060,CEY17_RS08435,tkt,OE,ecBridge+ecFSEOF,False,rxn00785_c;rxn15228_c;rxn15228_c_reverse;rxn00785_c_reverse,0.815171,0.267218
cpd00060,CEY17_RS10005,thiO,OE,ecBridge+ecFSEOF,False,rxn00269_c,8.755052,4.328555
cpd00060,CEY17_RS08440,tal,OE,ecBridge+ecFSEOF,False,rxn01333_c;rxn01333_c_reverse,0.301403,0.094596
cpd00060,CEY17_RS01500,CEY17_RS01500,OE,ecBridge+ecFSEOF,False,rxn00337_c_reverse;rxn00337_c,0.848884,0.329252
cpd00060,CEY17_RS08545,rpe,OE,ecBridge+ecFSEOF,False,rxn01116_c_reverse;rxn01116_c,0.314934,0.10329
cpd00060,CEY17_RS03595,CEY17_RS03595,OE,ecBridge+ecFSEOF,False,rxn00952_c;rxn06078_c,2.683672,1.331119
cpd00060,CEY17_RS14330,cysD,OE,ecBridge+ecFSEOF,False,rxn09240_c;rxn05256_c;rxn05239_c;rxn00379_c;rxn03373_c,4.208722,2.03043
cpd00060,CEY17_RS14335,CEY17_RS14335,OE,ecBridge+ecFSEOF,False,rxn09240_c;rxn05256_c;rxn05239_c;rxn00379_c;rxn03373_c,4.208722,2.03043
cpd00060,CEY17_RS14325,CEY17_RS14325,OE,ecBridge+ecFSEOF,False,rxn09240_c;rxn05256_c;rxn05239_c;rxn00379_c;rxn03373_c,4.208722,2.03043
cpd00060,CEY17_RS08110,metH,OE,ecBridge+ecFSEOF,False,rxn00693_c_num2;rxn03052_c_num2;rxn11944_c_num2;rxn16206_c_num2;rxn00693_c_reverse_num2;rxn16206_c_reverse_num2,7.5406,3.656326
cpd00060,CEY17_RS06230,metE,OE,ecBridge,False,rxn00693_c_reverse_num1;rxn16206_c_num1;rxn03052_c_num1;rxn11944_c_num1;rxn16206_c_reverse_num1;rxn00693_c_num1,3.794839,1.872321
cpd00060,CEY17_RS03590,CEY17_RS03590,OE,ecBridge+ecFSEOF,False,rxn01303_c,5.389347,2.639263
cpd00060,CEY17_RS14345,CEY17_RS14345,OE,ecBridge+ecFSEOF,False,rxn00623_c_reverse;rxn00623_c,2.009863,0.979523
cpd00060,CEY17_RS05590,glyA,OE,ecBridge+ecFSEOF,False,rxn00692_c;rxn00692_c_reverse,5.247422,2.151509
cpd00060,CEY17_RS06455,CEY17_RS06455,OE,ecBridge+ecFSEOF,False,rxn01302_c;rxn01302_c_reverse,2.242452,0.959763
cpd00060,CEY17_RS10725,CEY17_RS10725,OE,ecFSEOF,False,rxn00216_c_num1,0.910088,0.062419
cpd00060,CEY17_RS04635,pgi,OE,ecFSEOF,True,rxn00558_c_reverse;rxn00558_c,0.278911,-0.129578
cpd00060,CEY17_RS01535,brnF,OE,ecFSEOF,False,rxn05615_c;rxn08722_c;rxn05243_c;rxn05669_c;rxn08722_c_reverse;rxn05244_c,1.935097,0.987789
cpd00060,CEY17_RS01540,brnE,OE,ecFSEOF,False,rxn05615_c;rxn08722_c;rxn05243_c;rxn05669_c;rxn08722_c_reverse;rxn05244_c,1.935097,0.987789
cpd00060,CEY17_RS10655,metF,OE,ecFSEOF,False,rxn04954_c;rxn04954_c_reverse,3.40295,1.682087
cpd00060,CEY17_RS07905,CEY17_RS07905,OE,ecFSEOF,False,rxn05651_c_num1,7.168406,3.383041
cpd00060,CEY17_RS03800,CEY17_RS03800,OE,ecFSEOF,False,rxn05289_c_num2;rxn05289_c_reverse_num2;rxn11571_c_num1;rxn05910_c_num1;rxn16213_c_num1,0.897673,0.435367
cpd00060,CEY17_RS14060,pta,OE,ecFSEOF,False,rxn11892_c_reverse;rxn01701_c;rxn00670_c_reverse;rxn11892_c;rxn00173_c_reverse;rxn00173_c;rxn00670_c,0.114912,-0.304287
cpd00060,CEY17_RS01505,CEY17_RS01505,OE,ecFSEOF,False,rxn01643_c,2.651012,1.022104
cpd00060,CEY17_RS07800,gndA,OE,ecFSEOF,False,rxn01115_c,8.52469,2.10865
cpd00060,CEY17_RS08455,pgl,OE,ecFSEOF,False,rxn01476_c,1.329048,0.351231
cpd00060,CEY17_RS11015,aceE,KD,ecFSEOF,False,rxn02342_c_reverse;rxn02342_c;rxn00011_c;rxn00154_c,-1.341338,3.04699
cpd00060,CEY17_RS02085,lpdA,KD,ecFSEOF,False,rxn01241_c;rxn08094_c;rxn01241_c_reverse;rxn00154_c,-1.253235,3.236231
cpd00060,CEY17_RS10830,sucB,KD,ecFSEOF,False,rxn08094_c;rxn01871_c_reverse;rxn01871_c;rxn00154_c,-1.253235,3.236231
cpd00060,CEY17_RS12665,CEY17_RS12665,KD,ecFSEOF,False,rxn08766_c_reverse_num1;rxn08017_c_reverse_num1;rxn05348_c_num1;rxn08766_c_num1;rxn08018_c_num1;rxn08000_c_num1;rxn08017_c_num1;rxn25647_c_num1;rxn08001_c_num1;rxn08019_c_num1;rxn05345_c_num1;rxn08002_c_num1;rxn07998_c_num1;rxn05343_c_num1;rxn05346_c_num1;rxn05350_c_num1;rxn07997_c_num1;rxn08018_c_reverse_num1;rxn06023_c_num1,-0.010652,0.154243
cpd00060,CEY17_RS10440,ilvA,KD,ecFSEOF,False,rxn00737_c,-0.036645,0.541111
cpd00060,CEY17_RS13390,CEY17_RS13390,KD,ecFSEOF,False,rxn10484_c;rxn10484_c_reverse,-0.007806,0.112069
cpd00060,CEY17_RS13050,murA,KD,ecFSEOF,False,rxn00461_c;rxn00461_c_reverse,-0.041361,0.611645
cpd00060,CEY17_RS08285,can,KD,ecFSEOF,False,rxn01388_c_reverse;rxn00974_c_reverse;rxn00974_c;rxn01388_c,-0.069814,1.041502
cpd00060,CEY17_RS04520,CEY17_RS04520,KD,ecFSEOF,False,rxn00256_c,-0.022234,0.32827
cpd00060,CEY17_RS10245,pyk,KD,ecFSEOF,False,rxn00148_c_num1,1.560513,3.499966
cpd00039,CEY17_RS09360,dapA,OE,ecBridge+ecFSEOF,False,rxn01644_c,8.761789,1.740844
cpd00039,CEY17_RS06455,CEY17_RS06455,KD,ecBridge,True,rxn01302_c;rxn01302_c_reverse,-0.057486,0.417307
cpd00039,CEY17_RS08090,aspA,OE,ecBridge,True,rxn00347_c;rxn00347_c_reverse,0.391752,-0.005125
cpd00039,CEY17_RS14115,fbaA,OE,ecBridge,True,rxn00786_c;rxn00786_c_reverse,1.176019,-0.543679
cpd00039,CEY17_RS08485,tpiA,OE,ecBridge,True,rxn00747_c;rxn00747_c_reverse,0.2373,-0.105309
cpd00039,CEY17_RS01410,CEY17_RS01410,OE,ecBridge+ecFSEOF,False,rxn00260_c;rxn00260_c_reverse,1.495524,0.202404
cpd00039,CEY17_RS08495,gap,OE,ecBridge,True,rxn00781_c;rxn00781_c_reverse,6.50941,-1.872892
cpd00039,CEY17_RS10815,CEY17_RS10815,KD,ecBridge,True,rxn01575_c;rxn00903_c;rxn00806_c_reverse;rxn01575_c_reverse;rxn00806_c;rxn00903_c_reverse,-0.026188,0.188713
cpd00039,CEY17_RS10200,gdhA,OE,ecBridge,True,rxn00184a_c,0.65068,-0.00927
cpd00039,CEY17_RS14910,CEY17_RS14910,OE,ecBridge,True,rxn00184a_c;rxn00184b_c,0.65068,-0.00927
cpd00039,CEY17_RS14520,CEY17_RS14520,KD,ecBridge+ecFSEOF,True,rxn00191_c_reverse;rxn00191_c,-0.028701,0.207023
cpd00039,CEY17_RS01305,hisC,KD,ecBridge,True,rxn00493_c_reverse;rxn00527_c_reverse;rxn00493_c;rxn00527_c,-0.018793,0.134868
cpd00039,CEY17_RS04515,serC,KD,ecBridge,True,rxn02914_c;rxn02914_c_reverse,-0.04542,0.32026
cpd00039,CEY17_RS10320,CEY17_RS10320,KD,ecBridge,True,rxn02320_c;rxn02320_c_reverse,-0.015084,0.107888
cpd00039,CEY17_RS10780,asnB,KD,ecBridge,True,rxn00416_c;rxn00340_c,-0.047906,0.347213
cpd00039,CEY17_RS08600,carB,OE,ecBridge+ecFSEOF,False,rxn00113_c;rxn00414_c,0.122858,-0.884823
cpd00039,CEY17_RS08605,carA,OE,ecBridge+ecFSEOF,False,rxn00113_c;rxn00414_c,0.122858,-0.884823
cpd00039,CEY17_RS06790,CEY17_RS06790,KD,ecBridge,False,rxn02314_c_num3;rxn02317_c;rxn00545_c;rxn02315_c;rxn02316_c,-1.052451,0.461477
cpd00039,CEY17_RS14095,CEY17_RS14095,KD,ecBridge,False,rxn00838_c,-0.028039,0.202194
cpd00039,CEY17_RS07525,CEY17_RS07525,KD,ecBridge,False,rxn01434_c,-0.067355,0.48964
cpd00039,CEY17_RS10860,glnA,KD,ecBridge,False,rxn03406_c_num2;rxn00187_c_num2,-0.01737,0.120894
cpd00039,CEY17_RS08450,CEY17_RS08450,OE,ecBridge+ecFSEOF,False,rxn00604_c;rxn00604_c_reverse,1.76332,0.198792
cpd00039,CEY17_RS08445,zwf,OE,ecBridge+ecFSEOF,False,rxn00604_c;rxn00604_c_reverse,1.76332,0.198792
cpd00039,CEY17_RS08435,tkt,OE,ecBridge+ecFSEOF,False,rxn00785_c;rxn00785_c_reverse;rxn15228_c;rxn15228_c_reverse,0.909109,0.127577
cpd00039,CEY17_RS01500,CEY17_RS01500,OE,ecBridge+ecFSEOF,False,rxn00337_c;rxn00337_c_reverse,1.898807,0.363117
cpd00039,CEY17_RS08440,tal,OE,ecBridge+ecFSEOF,False,rxn01333_c_reverse;rxn01333_c,0.335915,0.045187
cpd00039,CEY17_RS08545,rpe,OE,ecBridge+ecFSEOF,False,rxn01116_c_reverse;rxn01116_c,0.35104,0.049343
cpd00039,CEY17_RS04635,pgi,OE,ecFSEOF,True,rxn00558_c_reverse;rxn00558_c,0.129027,-0.101958
cpd00039,CEY17_RS06840,lysE,OE,ecFSEOF,False,rxn05303_c_num1;rxn05674_c;rxn05305_c;rxn05628_c_reverse;rxn05628_c,8.876534,1.834241
cpd00039,CEY17_RS09370,dapB,OE,ecFSEOF,False,rxn02929_c_reverse;rxn02929_c,7.794865,1.559276
cpd00039,CEY17_RS06440,lysA,OE,ecFSEOF,False,rxn00313_c,18.147116,3.383277
cpd00039,CEY17_RS13390,CEY17_RS13390,OE,ecFSEOF,False,rxn10484_c_reverse;rxn10484_c,1.217468,0.255254
cpd00039,CEY17_RS01505,CEY17_RS01505,OE,ecFSEOF,False,rxn01643_c,6.06324,1.128159
cpd00039,CEY17_RS08455,pgl,OE,ecFSEOF,False,rxn01476_c,1.482354,0.167655
cpd00039,CEY17_RS07800,gndA,OE,ecFSEOF,False,rxn01115_c,9.592132,1.010702
cpd00039,CEY17_RS03780,CEY17_RS03780,OE,ecFSEOF,False,rxn00250_c,1.050476,0.117178
cpd00039,CEY17_RS10440,ilvA,KD,ecFSEOF,False,rxn00737_c,-0.035778,0.258629
cpd00039,CEY17_RS08110,metH,KD,ecFSEOF,False,rxn03052_c_num2;rxn00693_c_num2;rxn11944_c_num2;rxn16206_c_num2;rxn00693_c_reverse_num2;rxn16206_c_reverse_num2,-0.014041,0.10031
cpd00039,CEY17_RS14060,pta,KD,ecFSEOF,False,rxn11892_c_reverse;rxn00670_c;rxn00670_c_reverse;rxn00173_c_reverse;rxn11892_c;rxn00173_c;rxn01701_c,0.49197,0.32245
cpd00039,CEY17_RS14055,CEY17_RS14055,KD,ecFSEOF,False,rxn00985_c;rxn00225_c_reverse;rxn06197_c;rxn00985_c_reverse;rxn06197_c_reverse;rxn00225_c,0.474473,0.486665
cpd00039,CEY17_RS07905,CEY17_RS07905,KD,ecFSEOF,False,rxn05651_c_num1,-0.015024,0.107455
cpd00039,CEY17_RS13050,murA,KD,ecFSEOF,False,rxn00461_c_reverse;rxn00461_c,-0.040382,0.292234
cpd00039,CEY17_RS13150,pstA,KD,ecFSEOF,False,rxn05145_c,-0.03541,0.251934
cpd00039,CEY17_RS13155,pstC,KD,ecFSEOF,False,rxn05145_c,-0.03541,0.251934
cpd00039,CEY17_RS13145,pstB,KD,ecFSEOF,False,rxn05145_c,-0.03541,0.251934
cpd00039,CEY17_RS13160,pstS,KD,ecFSEOF,False,rxn05145_c,-0.03541,0.251934
cpd00039,CEY17_RS11015,aceE,KD,ecFSEOF,False,rxn02342_c;rxn00154_c;rxn02342_c_reverse;rxn00011_c,1.429106,2.050436
cpd00039,CEY17_RS02085,lpdA,KD,ecFSEOF,False,rxn01241_c_reverse;rxn00154_c;rxn08094_c;rxn01241_c,1.513694,2.135554
cpd00039,CEY17_RS10830,sucB,KD,ecFSEOF,False,rxn01871_c;rxn00154_c;rxn08094_c;rxn01871_c_reverse,1.513694,2.135554
cpd00039,CEY17_RS04520,CEY17_RS04520,KD,ecFSEOF,False,rxn00256_c,-0.021544,0.159813
cpd00039,CEY17_RS08285,can,KD,ecFSEOF,False,rxn01388_c;rxn00974_c_reverse;rxn01388_c_reverse;rxn00974_c,-0.067995,0.499211
cpd00129,CEY17_RS01410,CEY17_RS01410,KD,ecBridge+ecFSEOF,True,rxn00260_c_reverse;rxn00260_c,0.592829,0.385457
cpd00129,CEY17_RS14520,CEY17_RS14520,KD,ecBridge+ecFSEOF,True,rxn00191_c_reverse;rxn00191_c,-0.034407,0.127566
cpd00129,CEY17_RS13050,murA,KD,ecBridge+ecFSEOF,True,rxn00461_c_reverse;rxn00461_c,-0.048428,0.180018
cpd00129,CEY17_RS08600,carB,OE,ecBridge,False,rxn00414_c;rxn00113_c,0.147639,-0.547366
cpd00129,CEY17_RS08605,carA,OE,ecBridge,False,rxn00414_c;rxn00113_c,0.147639,-0.547366
cpd00129,CEY17_RS06885,CEY17_RS06885,KD,ecBridge,False,rxn08043_c;rxn15021_c,-0.058482,0.21943
cpd00129,CEY17_RS06890,ilvN,KD,ecBridge,False,rxn08043_c;rxn15021_c,-0.058482,0.21943
cpd00129,CEY17_RS09360,dapA,KD,ecBridge,False,rxn01644_c,-0.059082,0.219921
cpd00129,CEY17_RS05880,nadA,KD,ecBridge,False,rxn02988_c,-0.162183,0.608169
cpd00129,CEY17_RS14850,CEY17_RS14850,OE,ecBridge+ecFSEOF,False,rxnriboflavin_c;rxnfad1_c_num1;rxn03974_c_num2;rxnfad3_c_num1;rxn08521_c;rxnfad2_c_num1;rxn03975_c_num2;rxnfmn_c_num1,0.885568,0.124915
cpd00129,CEY17_RS11570,proB,OE,ecBridge+ecFSEOF,False,rxn00179_c,7.018445,0.931261
cpd00129,CEY17_RS03645,CEY17_RS03645,OE,ecBridge+ecFSEOF,False,rxn00198_c;rxn00198_c_reverse,2.481337,0.312624
cpd00129,CEY17_RS08450,CEY17_RS08450,OE,ecBridge+ecFSEOF,False,rxn00604_c_reverse;rxn00604_c,1.759707,0.131571
cpd00129,CEY17_RS08445,zwf,OE,ecBridge+ecFSEOF,False,rxn00604_c_reverse;rxn00604_c,1.759707,0.131571
cpd00129,CEY17_RS03780,CEY17_RS03780,OE,ecBridge+ecFSEOF,False,rxn00250_c,2.083054,0.22149
cpd00129,CEY17_RS08435,tkt,OE,ecBridge+ecFSEOF,False,rxn00785_c_reverse;rxn15228_c_reverse;rxn15228_c;rxn00785_c,0.906808,0.083398
cpd00129,CEY17_RS08440,tal,OE,ecBridge+ecFSEOF,False,rxn01333_c_reverse;rxn01333_c,0.335169,0.029633
cpd00129,CEY17_RS08485,tpiA,OE,ecBridge,False,rxn00747_c_reverse;rxn00747_c,0.712542,0.003117
cpd00129,CEY17_RS14115,fbaA,OE,ecBridge,False,rxn00786_c;rxn00786_c_reverse,3.618496,0.009368
cpd00129,CEY17_RS04520,CEY17_RS04520,OE,ecBridge+ecFSEOF,False,rxn00256_c,1.513718,0.192087
cpd00129,CEY17_RS14910,CEY17_RS14910,OE,ecBridge+ecFSEOF,False,rxn00184a_c;rxn00184b_c,1.396884,0.102276
cpd00129,CEY17_RS10200,gdhA,OE,ecFSEOF,False,rxn00184a_c,1.396884,0.102276
cpd00129,CEY17_RS08495,gap,OE,ecBridge+ecFSEOF,False,rxn00781_c;rxn00781_c_reverse,15.683756,0.186895
cpd00129,CEY17_RS08490,pgk,OE,ecBridge+ecFSEOF,False,rxn00181_c;rxn01100_c;rxn01100_c_reverse;rxn00181_c_reverse,0.797137,0.016045
cpd00129,CEY17_RS08545,rpe,OE,ecBridge+ecFSEOF,False,rxn01116_c;rxn01116_c_reverse,0.350202,0.032276
cpd00129,CEY17_RS06790,CEY17_RS06790,OE,ecBridge,False,rxn02317_c;rxn02316_c;rxn02315_c;rxn02314_c_num3;rxn00545_c,0.632876,0.001379
cpd00129,CEY17_RS08285,can,OE,ecBridge+ecFSEOF,False,rxn01388_c_reverse;rxn01388_c;rxn00974_c;rxn00974_c_reverse,4.888655,0.573892
cpd00129,CEY17_RS01690,CEY17_RS01690,KD,ecFSEOF,True,rxn12676_c;rxn02679_c_reverse;rxn02169_c;rxn02679_c;rxn03251_c_reverse;rxn12240_c;rxn02720_c;rxn03253_c_reverse;rxn02720_c_reverse;rxn01802_c;rxn02803_c_reverse;rxn03251_c;rxn00946_c_reverse;rxn00946_c;rxn03253_c;rxn00872_c_reverse;rxn12240_c_reverse;rxn02803_c;rxn00872_c;rxn12676_c_reverse,-0.035655,0.132231
cpd00129,CEY17_RS14060,pta,KD,ecFSEOF,True,rxn11892_c;rxn11892_c_reverse;rxn01701_c;rxn00173_c;rxn00670_c;rxn00670_c_reverse;rxn00173_c_reverse,0.471213,0.196335
cpd00129,CEY17_RS14055,CEY17_RS14055,KD,ecFSEOF,True,rxn00985_c_reverse;rxn06197_c_reverse;rxn00985_c;rxn06197_c;rxn00225_c;rxn00225_c_reverse,0.463413,0.30262
cpd00129,CEY17_RS02330,proC,OE,ecFSEOF,False,rxn00931_c,4.252553,0.576994
cpd00129,CEY17_RS11560,CEY17_RS11560,OE,ecFSEOF,False,rxn02373_c,12.302845,1.56628
cpd00129,CEY17_RS07800,gndA,OE,ecFSEOF,False,rxn01115_c,9.552654,0.66481
cpd00129,CEY17_RS08455,pgl,OE,ecFSEOF,False,rxn01476_c,1.479427,0.110984
cpd00129,CEY17_RS10245,pyk,OE,ecFSEOF,False,rxn00148_c_num1,1.888336,0.097861
cpd00129,CEY17_RS10750,CEY17_RS10750,KD,ecFSEOF,False,rxn08287_c;rxnbccaa3_c,-3.16819,1.997995
cpd00129,CEY17_RS12850,ctaD,KD,ecFSEOF,False,rxnbccaa3_c;rxn00058_c_num2,-3.16819,1.997995
cpd00129,CEY17_RS10775,CEY17_RS10775,KD,ecFSEOF,False,rxn00058_c_num1;rxnbccaa3_c,-3.16819,1.997995
cpd00129,CEY17_RS10760,CEY17_RS10760,KD,ecFSEOF,False,rxn00058_c_num4;rxnbccaa3_c,-3.16819,1.997995
cpd00129,CEY17_RS10745,qcrB,KD,ecFSEOF,False,rxnbccaa3_c,-3.16819,1.997995
cpd00129,CEY17_RS10770,CEY17_RS10770,KD,ecFSEOF,False,rxnbccaa3_c;rxn00058_c_num3,-3.16819,1.997995
cpd00129,CEY17_RS10755,CEY17_RS10755,KD,ecFSEOF,False,rxnbccaa3_c,-3.16819,1.997995
cpd00129,CEY17_RS13155,pstC,KD,ecFSEOF,False,rxn05145_c,-0.042352,0.155212
cpd00129,CEY17_RS13150,pstA,KD,ecFSEOF,False,rxn05145_c,-0.042352,0.155212
cpd00129,CEY17_RS13145,pstB,KD,ecFSEOF,False,rxn05145_c,-0.042352,0.155212
cpd00129,CEY17_RS13160,pstS,KD,ecFSEOF,False,rxn05145_c,-0.042352,0.155212
cpd00129,CEY17_RS10440,ilvA,KD,ecFSEOF,False,rxn00737_c,-0.042902,0.159336
cpd00129,CEY17_RS04635,pgi,KD,ecFSEOF,False,rxn00558_c;rxn00558_c_reverse,-0.517783,0.30938
cpd00161,CEY17_RS11680,CEY17_RS11680,KD,ecBridge,True,rxn00248_c;rxn00248_c_reverse,-0.159609,0.436976
cpd00161,CEY17_RS08090,aspA,OE,ecBridge,True,rxn00347_c;rxn00347_c_reverse,0.39439,0.007613
cpd00161,CEY17_RS03645,CEY17_RS03645,KD,ecBridge,True,rxn00198_c_reverse;rxn00198_c,-0.005249,0.383951
cpd00161,CEY17_RS14115,fbaA,OE,ecBridge,True,rxn00786_c;rxn00786_c_reverse,1.224907,-0.726827
cpd00161,CEY17_RS08485,tpiA,OE,ecBridge,True,rxn00747_c_reverse;rxn00747_c,0.246011,-0.139887
cpd00161,CEY17_RS03780,CEY17_RS03780,OE,ecBridge+ecFSEOF,False,rxn00250_c,1.589043,0.393978
cpd00161,CEY17_RS05085,CEY17_RS05085,KD,ecBridge,True,rxn00770_c_reverse;rxn00770_c,-0.001706,0.116473
cpd00161,CEY17_RS08495,gap,OE,ecBridge,True,rxn00781_c;rxn00781_c_reverse,7.05666,-1.655643
cpd00161,CEY17_RS14520,CEY17_RS14520,KD,ecFSEOF,True,rxn00191_c_reverse;rxn00191_c,-0.004098,0.305825
cpd00161,CEY17_RS10780,asnB,KD,ecBridge,True,rxn00416_c;rxn00340_c,-0.006706,0.513185
cpd00161,CEY17_RS12665,CEY17_RS12665,KD,ecBridge+ecFSEOF,True,rxn08002_c_num1;rxn05345_c_num1;rxn25647_c_num1;rxn07998_c_num1;rxn05343_c_num1;rxn05346_c_num1;rxn05350_c_num1;rxn06023_c_num1;rxn07997_c_num1;rxn08000_c_num1;rxn08018_c_reverse_num1;rxn05348_c_num1;rxn08001_c_num1;rxn08766_c_num1;rxn08766_c_reverse_num1;rxn08017_c_reverse_num1;rxn08018_c_num1;rxn08017_c_num1;rxn08019_c_num1,-0.001613,0.109074
cpd00161,CEY17_RS03595,CEY17_RS03595,KD,ecFSEOF,True,rxn00952_c;rxn06078_c,-0.001692,0.115346
cpd00161,CEY17_RS03590,CEY17_RS03590,KD,ecBridge,False,rxn01303_c,-0.003085,0.225508
cpd00161,CEY17_RS09360,dapA,KD,ecBridge,False,rxn01644_c,-0.00689,0.527807
cpd00161,CEY17_RS10440,ilvA,KD,ecBridge+ecFSEOF,False,rxn00737_c,-0.005059,0.382134
cpd00161,CEY17_RS04520,CEY17_RS04520,KD,ecBridge+ecFSEOF,False,rxn00256_c,-0.003253,0.235816
cpd00161,CEY17_RS06790,CEY17_RS06790,KD,ecBridge,False,rxn02315_c;rxn02316_c;rxn00545_c;rxn02317_c;rxn02314_c_num3,-1.082175,0.616022
cpd00161,CEY17_RS08615,CEY17_RS08615,KD,ecBridge,False,rxn01018_c,-0.001529,0.10244
cpd00161,CEY17_RS14095,CEY17_RS14095,KD,ecBridge,False,rxn00838_c,-0.004008,0.298687
cpd00161,CEY17_RS07525,CEY17_RS07525,KD,ecBridge,False,rxn01434_c,-0.009348,0.724065
cpd00161,CEY17_RS10860,glnA,KD,ecBridge,True,rxn00187_c_num2;rxn03406_c_num2,-0.002493,0.17869
cpd00161,CEY17_RS11570,proB,KD,ecBridge,False,rxn00179_c,-0.00181,0.124692
cpd00161,CEY17_RS08445,zwf,OE,ecBridge+ecFSEOF,False,rxn00604_c_reverse;rxn00604_c,1.992843,0.428617
cpd00161,CEY17_RS08450,CEY17_RS08450,OE,ecBridge+ecFSEOF,False,rxn00604_c_reverse;rxn00604_c,1.992843,0.428617
cpd00161,CEY17_RS08435,tkt,OE,ecBridge+ecFSEOF,False,rxn15228_c_reverse;rxn00785_c_reverse;rxn00785_c;rxn15228_c,1.029693,0.25846
cpd00161,CEY17_RS01500,CEY17_RS01500,OE,ecBridge+ecFSEOF,False,rxn00337_c_reverse;rxn00337_c,2.901385,0.935582
cpd00161,CEY17_RS08440,tal,OE,ecBridge+ecFSEOF,False,rxn01333_c;rxn01333_c_reverse,0.379902,0.092618
cpd00161,CEY17_RS01410,CEY17_RS01410,OE,ecBridge+ecFSEOF,False,rxn00260_c;rxn00260_c_reverse,2.463123,1.168287
cpd00161,CEY17_RS08545,rpe,OE,ecBridge+ecFSEOF,False,rxn01116_c;rxn01116_c_reverse,0.397303,0.099943
cpd00161,CEY17_RS06460,thrB,OE,ecBridge+ecFSEOF,False,rxn01300_c,1.649168,0.554098
cpd00161,CEY17_RS10200,gdhA,OE,ecBridge,False,rxn00184a_c,1.008104,0.135349
cpd00161,CEY17_RS14910,CEY17_RS14910,OE,ecBridge,False,rxn00184a_c;rxn00184b_c,1.008104,0.135349
cpd00161,CEY17_RS06455,CEY17_RS06455,OE,ecBridge+ecFSEOF,False,rxn01302_c_reverse;rxn01302_c,7.951968,2.554044
cpd00161,CEY17_RS14055,CEY17_RS14055,KD,ecFSEOF,True,rxn00225_c_reverse;rxn00225_c;rxn06197_c_reverse;rxn00985_c_reverse;rxn00985_c;rxn06197_c,-0.207389,3.440212
cpd00161,CEY17_RS14060,pta,KD,ecFSEOF,True,rxn11892_c_reverse;rxn00670_c_reverse;rxn01701_c;rxn00670_c;rxn11892_c;rxn00173_c_reverse;rxn00173_c,-0.164477,10.087766
cpd00161,CEY17_RS04635,pgi,OE,ecFSEOF,True,rxn00558_c;rxn00558_c_reverse,0.173026,-0.126456
cpd00161,CEY17_RS13420,CEY17_RS13420,OE,ecFSEOF,False,rxn05307_c_reverse_num3;rxn10945_c;rxn05300_c_num1;rxn10945_c_reverse;rxn05307_c_num3,17.359317,5.5248
cpd00161,CEY17_RS10890,thrC,OE,ecFSEOF,False,rxn03446_c;rxn01069_c,5.644963,1.851793
cpd00161,CEY17_RS01505,CEY17_RS01505,OE,ecFSEOF,False,rxn01643_c,9.469915,2.940408
cpd00161,CEY17_RS08455,pgl,OE,ecFSEOF,False,rxn01476_c,1.67467,0.361169
cpd00161,CEY17_RS07800,gndA,OE,ecFSEOF,False,rxn01115_c,11.134034,2.846632
cpd00161,CEY17_RS10830,sucB,KD,ecFSEOF,False,rxn00154_c;rxn08094_c;rxn01871_c_reverse;rxn01871_c,-1.01679,2.822395
cpd00161,CEY17_RS02085,lpdA,KD,ecFSEOF,False,rxn00154_c;rxn08094_c;rxn01241_c;rxn01241_c_reverse,-1.01679,2.822395
cpd00161,CEY17_RS11015,aceE,KD,ecFSEOF,False,rxn00154_c;rxn00011_c;rxn02342_c_reverse;rxn02342_c,-0.809614,11.819464
cpd00161,CEY17_RS08285,can,KD,ecFSEOF,False,rxn00974_c_reverse;rxn00974_c;rxn01388_c_reverse;rxn01388_c,-0.009717,0.740412
cpd00161,CEY17_RS08110,metH,KD,ecFSEOF,False,rxn16206_c_num2;rxn16206_c_reverse_num2;rxn00693_c_reverse_num2;rxn03052_c_num2;rxn00693_c_num2;rxn11944_c_num2,-0.002107,0.148123
cpd00161,CEY17_RS07905,CEY17_RS07905,KD,ecFSEOF,False,rxn05651_c_num1,-0.00224,0.158677
cpd00161,CEY17_RS13050,murA,KD,ecFSEOF,False,rxn00461_c;rxn00461_c_reverse,-0.005684,0.431838
cpd00161,CEY17_RS13155,pstC,KD,ecFSEOF,False,rxn05145_c,-0.004937,0.372405
cpd00161,CEY17_RS13145,pstB,KD,ecFSEOF,False,rxn05145_c,-0.004937,0.372405
cpd00161,CEY17_RS13160,pstS,KD,ecFSEOF,False,rxn05145_c,-0.004937,0.372405
cpd00161,CEY17_RS13150,pstA,KD,ecFSEOF,False,rxn05145_c,-0.004937,0.372405
cpd00156,CEY17_RS10815,CEY17_RS10815,OE,ecBridge+ecFSEOF,True,rxn01575_c;rxn00806_c_reverse;rxn00806_c;rxn00903_c;rxn01575_c_reverse;rxn00903_c_reverse,0.821297,0.211473
cpd00156,CEY17_RS08435,tkt,OE,ecBridge+ecFSEOF,True,rxn15228_c;rxn00785_c;rxn15228_c_reverse;rxn00785_c_reverse,0.301733,-0.004572
cpd00156,CEY17_RS14520,CEY17_RS14520,KD,ecBridge+ecFSEOF,True,rxn00191_c;rxn00191_c_reverse,-0.030626,0.295613
cpd00156,CEY17_RS01305,hisC,KD,ecBridge,True,rxn00527_c_reverse;rxn00527_c;rxn00493_c;rxn00493_c_reverse,-0.020048,0.192521
cpd00156,CEY17_RS14910,CEY17_RS14910,OE,ecBridge,True,rxn00184a_c;rxn00184b_c,0.444904,-0.072941
cpd00156,CEY17_RS10200,gdhA,OE,ecBridge,True,rxn00184a_c,0.444904,-0.072941
cpd00156,CEY17_RS01410,CEY17_RS01410,KD,ecBridge+ecFSEOF,True,rxn00260_c_reverse;rxn00260_c,0.604634,0.896317
cpd00156,CEY17_RS10320,CEY17_RS10320,KD,ecBridge,True,rxn02320_c;rxn02320_c_reverse,-0.016089,0.153988
cpd00156,CEY17_RS04515,serC,KD,ecBridge,True,rxn02914_c;rxn02914_c_reverse,-0.048317,0.459971
cpd00156,CEY17_RS08440,tal,OE,ecBridge+ecFSEOF,True,rxn01333_c_reverse;rxn01333_c,0.112049,-0.004639
cpd00156,CEY17_RS14115,fbaA,OE,ecBridge,True,rxn00786_c;rxn00786_c_reverse,0.91797,-0.847583
cpd00156,CEY17_RS08485,tpiA,OE,ecBridge,True,rxn00747_c;rxn00747_c_reverse,0.185793,-0.16482
cpd00156,CEY17_RS06945,serA,KD,ecBridge,True,rxn01101_c;rxn01101_c_reverse,-0.014231,0.132505
cpd00156,CEY17_RS08600,carB,OE,ecBridge+ecFSEOF,False,rxn00113_c;rxn00414_c,0.131376,-1.257488
cpd00156,CEY17_RS08605,carA,OE,ecBridge+ecFSEOF,False,rxn00113_c;rxn00414_c,0.131376,-1.257488
cpd00156,CEY17_RS11145,glmS,KD,ecBridge,True,rxn00555_c;rxn00555_c_reverse,-0.017435,0.16709
cpd00156,CEY17_RS12665,CEY17_RS12665,KD,ecBridge,True,rxn08766_c_reverse_num1;rxn08017_c_reverse_num1;rxn08018_c_num1;rxn08017_c_num1;rxn08019_c_num1;rxn08001_c_num1;rxn08002_c_num1;rxn05345_c_num1;rxn25647_c_num1;rxn07998_c_num1;rxn05343_c_num1;rxn05346_c_num1;rxn05350_c_num1;rxn06023_c_num1;rxn07997_c_num1;rxn08000_c_num1;rxn08018_c_reverse_num1;rxn05348_c_num1;rxn08766_c_num1,-0.011093,0.105425
cpd00156,CEY17_RS05085,CEY17_RS05085,KD,ecBridge,True,rxn00770_c_reverse;rxn00770_c,-0.012089,0.112491
cpd00156,CEY17_RS01490,leuA,KD,ecBridge,False,rxn00902_c,-0.323312,3.243927
cpd00156,CEY17_RS03780,CEY17_RS03780,KD,ecBridge,False,rxn00250_c,-0.059975,0.772427
cpd00156,CEY17_RS09360,dapA,KD,ecBridge,False,rxn01644_c,-0.052572,0.510239
cpd00156,CEY17_RS06885,CEY17_RS06885,OE,ecBridge+ecFSEOF,True,rxn15021_c;rxn08043_c,2.071979,0.563378
cpd00156,CEY17_RS06890,ilvN,OE,ecBridge+ecFSEOF,True,rxn15021_c;rxn08043_c,2.071979,0.563378
cpd00156,CEY17_RS10860,glnA,KD,ecBridge,True,rxn03406_c_num2;rxn00187_c_num2,-0.018498,0.172556
cpd00156,CEY17_RS11570,proB,KD,ecBridge,False,rxn00179_c,-0.012646,0.12052
cpd00156,CEY17_RS04635,pgi,KD,ecBridge,False,rxn00558_c;rxn00558_c_reverse,0.096454,0.918026
cpd00156,CEY17_RS08445,zwf,OE,ecBridge+ecFSEOF,False,rxn00604_c;rxn00604_c_reverse,0.586332,-0.076
cpd00156,CEY17_RS08450,CEY17_RS08450,OE,ecBridge+ecFSEOF,False,rxn00604_c;rxn00604_c_reverse,0.586332,-0.076
cpd00156,CEY17_RS14850,CEY17_RS14850,OE,ecBridge+ecFSEOF,False,rxnfmn_c_num1;rxn08521_c;rxnfad1_c_num1;rxnfad3_c_num1;rxn03975_c_num2;rxn03974_c_num2;rxnfad2_c_num1;rxnriboflavin_c,0.113242,0.036828
cpd00156,CEY17_RS08495,gap,OE,ecBridge,False,rxn00781_c;rxn00781_c_reverse,3.77544,-3.17735
cpd00156,CEY17_RS08490,pgk,OE,ecBridge,False,rxn01100_c_reverse;rxn00181_c_reverse;rxn00181_c;rxn01100_c,0.21819,-0.151919
cpd00156,CEY17_RS09165,ptsP,OE,ecBridge,False,rxn05610_c;rxn05560_c;rxn05501_c;rxn05655_c;rxn02005_c_num1;rxn10184_c;rxn05226_c;rxn05607_c;rxn05647_c;rxn05569_c;rxn05617_c;rxn05567_c,1.762854,-1.294503
cpd00156,CEY17_RS09185,CEY17_RS09185,OE,ecBridge,False,rxn05226_c;rxn05560_c,1.762854,-1.294503
cpd00156,CEY17_RS10245,pyk,OE,ecBridge,False,rxn00148_c_num1,0.472315,-0.232935
cpd00156,CEY17_RS08545,rpe,OE,ecBridge+ecFSEOF,False,rxn01116_c_reverse;rxn01116_c,0.116878,-0.001869
cpd00156,CEY17_RS08455,pgl,OE,ecBridge+ecFSEOF,False,rxn01476_c,0.494135,-0.063372
cpd00156,CEY17_RS06895,ilvC,OE,ecBridge+ecFSEOF,False,rxn03436_c;rxn03435_c;rxn15466_c;rxn03436_c_reverse;rxn15466_c_reverse;rxn03435_c_reverse,0.218748,-0.034969
cpd00156,CEY17_RS01540,brnE,OE,ecFSEOF,False,rxn05615_c;rxn08722_c;rxn05243_c;rxn05669_c;rxn08722_c_reverse;rxn05244_c,136.205598,23.301538
cpd00156,CEY17_RS01535,brnF,OE,ecFSEOF,False,rxn05615_c;rxn08722_c;rxn05243_c;rxn05669_c;rxn08722_c_reverse;rxn05244_c,136.205598,23.301538
cpd00156,CEY17_RS06870,ilvD,OE,ecFSEOF,False,rxn15467_c;rxn03437_c,6.825205,1.749103
cpd00156,CEY17_RS07800,gndA,OE,ecFSEOF,False,rxn01115_c,2.992914,-0.466757
cpd00156,CEY17_RS10440,ilvA,KD,ecFSEOF,False,rxn00737_c,-0.038182,0.369388
cpd00156,CEY17_RS03595,CEY17_RS03595,KD,ecFSEOF,False,rxn06078_c;rxn00952_c,-0.011717,0.111487
cpd00156,CEY17_RS08110,metH,KD,ecFSEOF,False,rxn16206_c_num2;rxn11944_c_num2;rxn16206_c_reverse_num2;rxn00693_c_reverse_num2;rxn03052_c_num2;rxn00693_c_num2,-0.014976,0.143167
cpd00156,CEY17_RS14060,pta,KD,ecFSEOF,False,rxn00173_c;rxn01701_c;rxn00670_c;rxn11892_c_reverse;rxn11892_c;rxn00173_c_reverse;rxn00670_c_reverse,0.485159,0.458008
cpd00156,CEY17_RS14055,CEY17_RS14055,KD,ecFSEOF,False,rxn00225_c;rxn00225_c_reverse;rxn06197_c;rxn00985_c_reverse;rxn06197_c_reverse;rxn00985_c,0.472676,0.702943
cpd00156,CEY17_RS07905,CEY17_RS07905,KD,ecFSEOF,False,rxn05651_c_num1,-0.016025,0.153369
cpd00156,CEY17_RS13050,murA,KD,ecFSEOF,False,rxn00461_c_reverse;rxn00461_c,-0.043096,0.417444
cpd00156,CEY17_RS10770,CEY17_RS10770,KD,ecFSEOF,False,rxn00058_c_num3;rxnbccaa3_c,0.989133,6.017789
cpd00156,CEY17_RS10775,CEY17_RS10775,KD,ecFSEOF,False,rxn00058_c_num1;rxnbccaa3_c,0.989133,6.017789
cpd00156,CEY17_RS10745,qcrB,KD,ecFSEOF,False,rxnbccaa3_c,0.989133,6.017789
cpd00156,CEY17_RS10750,CEY17_RS10750,KD,ecFSEOF,False,rxn08287_c;rxnbccaa3_c,0.989133,6.017789
cpd00156,CEY17_RS10755,CEY17_RS10755,KD,ecFSEOF,False,rxnbccaa3_c,0.989133,6.017789
cpd00156,CEY17_RS10760,CEY17_RS10760,KD,ecFSEOF,False,rxn00058_c_num4;rxnbccaa3_c,0.989133,6.017789
cpd00156,CEY17_RS12850,ctaD,KD,ecFSEOF,False,rxn00058_c_num2;rxnbccaa3_c,0.989133,6.017789
cpd00156,CEY17_RS11015,aceE,KD,ecFSEOF,False,rxn00154_c;rxn00011_c;rxn02342_c;rxn02342_c_reverse,1.418758,2.97488
cpd00156,CEY17_RS10830,sucB,KD,ecFSEOF,False,rxn01871_c;rxn00154_c;rxn01871_c_reverse;rxn08094_c,1.503044,3.099896
cpd00156,CEY17_RS02085,lpdA,KD,ecFSEOF,False,rxn01241_c;rxn00154_c;rxn08094_c;rxn01241_c_reverse,1.503044,3.099896
cpd00156,CEY17_RS04520,CEY17_RS04520,KD,ecFSEOF,False,rxn00256_c,-0.023028,0.228163
cpd00156,CEY17_RS08285,can,KD,ecFSEOF,False,rxn01388_c_reverse;rxn00974_c;rxn00974_c_reverse;rxn01388_c,-0.072617,0.71376
cpd00227,CEY17_RS11680,CEY17_RS11680,KD,ecBridge,True,rxn00248_c_reverse;rxn00248_c,-0.159609,0.427518
cpd00227,CEY17_RS08090,aspA,OE,ecBridge,True,rxn00347_c_reverse;rxn00347_c,0.39439,0.007449
cpd00227,CEY17_RS03645,CEY17_RS03645,KD,ecBridge,True,rxn00198_c;rxn00198_c_reverse,-0.005249,0.375646
cpd00227,CEY17_RS14115,fbaA,OE,ecBridge,True,rxn00786_c_reverse;rxn00786_c,1.135925,-0.741926
cpd00227,CEY17_RS08485,tpiA,OE,ecBridge,True,rxn00747_c;rxn00747_c_reverse,0.228278,-0.143011
cpd00227,CEY17_RS03780,CEY17_RS03780,OE,ecBridge+ecFSEOF,False,rxn00250_c,1.755446,0.441929
cpd00227,CEY17_RS05085,CEY17_RS05085,KD,ecBridge,True,rxn00770_c;rxn00770_c_reverse,-0.001706,0.11396
cpd00227,CEY17_RS08495,gap,OE,ecBridge,True,rxn00781_c;rxn00781_c_reverse,7.076383,-1.614072
cpd00227,CEY17_RS14520,CEY17_RS14520,KD,ecFSEOF,True,rxn00191_c_reverse;rxn00191_c,-0.004098,0.299214
cpd00227,CEY17_RS10780,asnB,KD,ecBridge,True,rxn00416_c;rxn00340_c,-0.006706,0.50207
cpd00227,CEY17_RS09360,dapA,KD,ecBridge,False,rxn01644_c,-0.00689,0.516373
cpd00227,CEY17_RS06460,thrB,KD,ecBridge,False,rxn01300_c,-0.001697,0.113257
cpd00227,CEY17_RS03590,CEY17_RS03590,KD,ecBridge,False,rxn01303_c,-0.003085,0.220637
cpd00227,CEY17_RS04520,CEY17_RS04520,KD,ecBridge+ecFSEOF,False,rxn00256_c,-0.003253,0.230722
cpd00227,CEY17_RS06790,CEY17_RS06790,KD,ecBridge,False,rxn02317_c;rxn02314_c_num3;rxn00545_c;rxn02315_c;rxn02316_c,-1.005284,0.629428
cpd00227,CEY17_RS08615,CEY17_RS08615,KD,ecBridge,False,rxn01018_c,-0.001529,0.10023
cpd00227,CEY17_RS14095,CEY17_RS14095,KD,ecBridge,False,rxn00838_c,-0.004008,0.292231
cpd00227,CEY17_RS07525,CEY17_RS07525,KD,ecBridge,False,rxn01434_c,-0.009348,0.708351
cpd00227,CEY17_RS10860,glnA,KD,ecBridge,False,rxn03406_c_num2;rxn00187_c_num2,-0.002493,0.174833
cpd00227,CEY17_RS11570,proB,KD,ecBridge,False,rxn00179_c,-0.00181,0.122001
cpd00227,CEY17_RS12665,CEY17_RS12665,KD,ecBridge+ecFSEOF,False,rxn08018_c_reverse_num1;rxn05348_c_num1;rxn08766_c_reverse_num1;rxn08766_c_num1;rxn07997_c_num1;rxn08017_c_reverse_num1;rxn08018_c_num1;rxn08000_c_num1;rxn08017_c_num1;rxn08001_c_num1;rxn05345_c_num1;rxn08019_c_num1;rxn25647_c_num1;rxn08002_c_num1;rxn05343_c_num1;rxn07998_c_num1;rxn05346_c_num1;rxn05350_c_num1;rxn06023_c_num1,-0.001613,0.106721
cpd00227,CEY17_RS08445,zwf,OE,ecBridge+ecFSEOF,False,rxn00604_c_reverse;rxn00604_c,2.208539,0.492209
cpd00227,CEY17_RS08450,CEY17_RS08450,OE,ecBridge+ecFSEOF,False,rxn00604_c_reverse;rxn00604_c,2.208539,0.492209
cpd00227,CEY17_RS08435,tkt,OE,ecBridge+ecFSEOF,False,rxn15228_c;rxn00785_c_reverse;rxn15228_c_reverse;rxn00785_c,1.140006,0.29058
cpd00227,CEY17_RS01500,CEY17_RS01500,OE,ecBridge+ecFSEOF,False,rxn00337_c;rxn00337_c_reverse,3.209844,1.017992
cpd00227,CEY17_RS08440,tal,OE,ecBridge+ecFSEOF,False,rxn01333_c_reverse;rxn01333_c,0.420323,0.104552
cpd00227,CEY17_RS01410,CEY17_RS01410,OE,ecBridge+ecFSEOF,False,rxn00260_c_reverse;rxn00260_c,2.7433,1.236372
cpd00227,CEY17_RS08545,rpe,OE,ecBridge+ecFSEOF,False,rxn01116_c_reverse;rxn01116_c,0.439587,0.112357
cpd00227,CEY17_RS10200,gdhA,OE,ecBridge,False,rxn00184a_c,1.122976,0.171741
cpd00227,CEY17_RS14910,CEY17_RS14910,OE,ecBridge,False,rxn00184b_c;rxn00184a_c,1.122976,0.171741
cpd00227,CEY17_RS06455,CEY17_RS06455,OE,ecBridge+ecFSEOF,False,rxn01302_c_reverse;rxn01302_c,8.843579,2.775465
cpd00227,CEY17_RS04635,pgi,OE,ecFSEOF,True,rxn00558_c_reverse;rxn00558_c,0.282351,-0.085921
cpd00227,CEY17_RS01540,brnE,OE,ecFSEOF,False,rxn08722_c_reverse;rxn05615_c;rxn05243_c;rxn05669_c;rxn08722_c;rxn05244_c,24.225361,7.243004
cpd00227,CEY17_RS01535,brnF,OE,ecFSEOF,False,rxn08722_c_reverse;rxn05615_c;rxn05243_c;rxn05669_c;rxn08722_c;rxn05244_c,24.225361,7.243004
cpd00227,CEY17_RS01505,CEY17_RS01505,OE,ecFSEOF,False,rxn01643_c,10.548232,3.204953
cpd00227,CEY17_RS07800,gndA,OE,ecFSEOF,False,rxn01115_c,12.445607,3.178492
cpd00227,CEY17_RS08455,pgl,OE,ecFSEOF,False,rxn01476_c,1.855253,0.414605
cpd00227,CEY17_RS11015,aceE,KD,ecFSEOF,False,rxn00154_c;rxn02342_c;rxn02342_c_reverse;rxn00011_c,-0.221309,9.413599
cpd00227,CEY17_RS10830,sucB,KD,ecFSEOF,False,rxn00154_c;rxn08094_c;rxn01871_c_reverse;rxn01871_c,-0.377054,2.976986
cpd00227,CEY17_RS02085,lpdA,KD,ecFSEOF,False,rxn00154_c;rxn08094_c;rxn01241_c_reverse;rxn01241_c,-0.377054,2.976986
cpd00227,CEY17_RS08285,can,KD,ecFSEOF,False,rxn01388_c;rxn01388_c_reverse;rxn00974_c;rxn00974_c_reverse,-0.009717,0.72434
cpd00227,CEY17_RS10440,ilvA,KD,ecFSEOF,False,rxn00737_c,-0.005059,0.373868
cpd00227,CEY17_RS08110,metH,KD,ecFSEOF,False,rxn00693_c_reverse_num2;rxn16206_c_reverse_num2;rxn03052_c_num2;rxn00693_c_num2;rxn11944_c_num2;rxn16206_c_num2,-0.002107,0.144926
cpd00227,CEY17_RS03595,CEY17_RS03595,KD,ecFSEOF,False,rxn06078_c;rxn00952_c,-0.001692,0.112858
cpd00227,CEY17_RS14055,CEY17_RS14055,KD,ecFSEOF,False,rxn06197_c_reverse;rxn00985_c_reverse;rxn06197_c;rxn00985_c;rxn00225_c_reverse;rxn00225_c,-0.019469,3.426631
cpd00227,CEY17_RS14060,pta,KD,ecFSEOF,False,rxn11892_c;rxn00173_c_reverse;rxn01701_c;rxn11892_c_reverse;rxn00173_c;rxn00670_c;rxn00670_c_reverse,0.024377,7.671491
cpd00227,CEY17_RS07905,CEY17_RS07905,KD,ecFSEOF,False,rxn05651_c_num1,-0.00224,0.155252
cpd00227,CEY17_RS13050,murA,KD,ecFSEOF,False,rxn00461_c;rxn00461_c_reverse,-0.005684,0.422492
cpd00227,CEY17_RS13155,pstC,KD,ecFSEOF,False,rxn05145_c,-0.004937,0.36435
cpd00227,CEY17_RS13145,pstB,KD,ecFSEOF,False,rxn05145_c,-0.004937,0.36435
cpd00227,CEY17_RS13160,pstS,KD,ecFSEOF,False,rxn05145_c,-0.004937,0.36435
cpd00227,CEY17_RS13150,pstA,KD,ecFSEOF,False,rxn05145_c,-0.004937,0.36435
cpd00051,CEY17_RS11145,glmS,KD,ecBridge,True,rxn00555_c;rxn00555_c_reverse,-0.000115,0.241068
cpd00051,CEY17_RS14520,CEY17_RS14520,KD,ecBridge+ecFSEOF,True,rxn00191_c;rxn00191_c_reverse,-2.6e-05,0.426687
cpd00051,CEY17_RS10815,CEY17_RS10815,KD,ecBridge,True,rxn00806_c_reverse;rxn01575_c_reverse;rxn00903_c;rxn00903_c_reverse;rxn01575_c;rxn00806_c,-4.4e-05,0.388882
cpd00051,CEY17_RS01305,hisC,KD,ecBridge,True,rxn00493_c_reverse;rxn00493_c;rxn00527_c;rxn00527_c_reverse,-9.7e-05,0.277784
cpd00051,CEY17_RS08435,tkt,OE,ecBridge+ecFSEOF,True,rxn00785_c_reverse;rxn15228_c_reverse;rxn00785_c;rxn15228_c,0.370069,0.037273
cpd00051,CEY17_RS08440,tal,OE,ecBridge+ecFSEOF,True,rxn01333_c_reverse;rxn01333_c,0.136991,0.00956
cpd00051,CEY17_RS14115,fbaA,KD,ecBridge,True,rxn00786_c;rxn00786_c_reverse,-4.920722,13.99962
cpd00051,CEY17_RS08485,tpiA,OE,ecBridge,True,rxn00747_c;rxn00747_c_reverse,0.218559,-0.207368
cpd00051,CEY17_RS01500,CEY17_RS01500,KD,ecBridge,True,rxn00337_c_reverse;rxn00337_c,1e-05,0.50162
cpd00051,CEY17_RS05085,CEY17_RS05085,KD,ecBridge,True,rxn00770_c_reverse;rxn00770_c,-0.000153,0.162386
cpd00051,CEY17_RS06945,serA,KD,ecBridge,True,rxn01101_c_reverse;rxn01101_c,-0.000139,0.191309
cpd00051,CEY17_RS11570,proB,KD,ecBridge,False,rxn00179_c,-0.000147,0.17385
cpd00051,CEY17_RS08615,CEY17_RS08615,KD,ecBridge,False,rxn01018_c,-0.000162,0.142814
cpd00051,CEY17_RS10780,asnB,KD,ecBridge,True,rxn00340_c;rxn00416_c,0.000113,0.716561
cpd00051,CEY17_RS14095,CEY17_RS14095,KD,ecBridge,False,rxn00838_c,-3e-05,0.416716
cpd00051,CEY17_RS04635,pgi,KD,ecBridge+ecFSEOF,True,rxn00558_c;rxn00558_c_reverse,0.286393,2.252492
cpd00051,CEY17_RS06885,CEY17_RS06885,KD,ecBridge,False,rxn15021_c;rxn08043_c,4.4e-05,0.728549
cpd00051,CEY17_RS06890,ilvN,KD,ecBridge,False,rxn15021_c;rxn08043_c,4.4e-05,0.728549
cpd00051,CEY17_RS09360,dapA,KD,ecBridge,False,rxn01644_c,0.000122,0.737019
cpd00051,CEY17_RS08445,zwf,OE,ecBridge+ecFSEOF,False,rxn00604_c;rxn00604_c_reverse,0.711272,-0.025254
cpd00051,CEY17_RS08450,CEY17_RS08450,OE,ecBridge+ecFSEOF,False,rxn00604_c;rxn00604_c_reverse,0.711272,-0.025254
cpd00051,CEY17_RS07530,argH,OE,ecBridge+ecFSEOF,False,rxn00802_c;rxn00802_c_reverse,25.643486,10.70276
cpd00051,CEY17_RS07525,CEY17_RS07525,OE,ecBridge+ecFSEOF,False,rxn01434_c,10.546214,4.709202
cpd00051,CEY17_RS01410,CEY17_RS01410,OE,ecBridge+ecFSEOF,False,rxn00260_c;rxn00260_c_reverse,0.846807,1.013299
cpd00051,CEY17_RS08600,carB,OE,ecBridge+ecFSEOF,False,rxn00414_c;rxn00113_c,22.044129,7.942265
cpd00051,CEY17_RS08605,carA,OE,ecBridge+ecFSEOF,False,rxn00414_c;rxn00113_c,22.044129,7.942265
cpd00051,CEY17_RS03780,CEY17_RS03780,OE,ecBridge+ecFSEOF,False,rxn00250_c,0.597919,0.066007
cpd00051,CEY17_RS03645,CEY17_RS03645,OE,ecBridge,False,rxn00198_c_reverse;rxn00198_c,0.712666,0.240819
cpd00051,CEY17_RS07510,CEY17_RS07510,OE,ecBridge+ecFSEOF,False,rxn01637_c_reverse_num1;rxn01637_c_num1,0.829817,0.387699
cpd00051,CEY17_RS02735,gabT,OE,ecBridge,False,rxn01637_c_num2;rxn01637_c_reverse_num2;rxn01204_c;rxn01204_c_reverse,0.449217,0.210118
cpd00051,CEY17_RS14910,CEY17_RS14910,OE,ecBridge+ecFSEOF,False,rxn00184a_c;rxn00184b_c,1.16294,0.263026
cpd00051,CEY17_RS10200,gdhA,OE,ecBridge+ecFSEOF,False,rxn00184a_c,1.16294,0.263026
cpd00051,CEY17_RS08495,gap,OE,ecBridge,False,rxn00781_c;rxn00781_c_reverse,4.604184,-3.413179
cpd00051,CEY17_RS07515,argF,OE,ecBridge+ecFSEOF,False,rxn01019_c,0.21298,0.099563
cpd00051,CEY17_RS08090,aspA,OE,ecBridge,False,rxn00347_c;rxn00347_c_reverse,0.394621,0.010672
cpd00051,CEY17_RS08545,rpe,OE,ecBridge+ecFSEOF,False,rxn01116_c_reverse;rxn01116_c,0.143273,0.014298
cpd00051,CEY17_RS09165,ptsP,OE,ecBridge,False,rxn05607_c;rxn05569_c;rxn05617_c;rxn05610_c;rxn05647_c;rxn05567_c;rxn05501_c;rxn10184_c;rxn05655_c;rxn05560_c;rxn02005_c_num1;rxn05226_c,2.094895,-1.579274
cpd00051,CEY17_RS09185,CEY17_RS09185,OE,ecBridge,False,rxn05226_c;rxn05560_c,2.094895,-1.579274
cpd00051,CEY17_RS10245,pyk,OE,ecBridge+ecFSEOF,False,rxn00148_c_num1,0.581674,-0.255257
cpd00051,CEY17_RS07500,argJ,OE,ecBridge+ecFSEOF,False,rxn01636_c_reverse;rxn01636_c,0.426173,0.199345
cpd00051,CEY17_RS08490,pgk,OE,ecBridge,False,rxn01100_c;rxn00181_c_reverse;rxn00181_c;rxn01100_c_reverse,0.259,-0.184374
cpd00051,CEY17_RS08285,can,OE,ecBridge,False,rxn00974_c;rxn00974_c_reverse;rxn01388_c_reverse;rxn01388_c,1.395351,9.49575
cpd00051,CEY17_RS07505,argB,OE,ecBridge+ecFSEOF,False,rxn01917_c_reverse;rxn01917_c,1.069829,0.499347
cpd00051,CEY17_RS10860,glnA,OE,ecFSEOF,False,rxn00187_c_num2;rxn03406_c_num2,0.247656,0.071031
cpd00051,CEY17_RS06840,lysE,OE,ecFSEOF,False,rxn05628_c_reverse;rxn05628_c;rxn05305_c;rxn05303_c_num1;rxn05674_c,2.008756,0.975916
cpd00051,CEY17_RS07495,argC,OE,ecFSEOF,False,rxn02465_c,1.246976,0.581586
cpd00051,CEY17_RS07800,gndA,OE,ecFSEOF,False,rxn01115_c,3.878045,0.682434
cpd00051,CEY17_RS08455,pgl,OE,ecFSEOF,False,rxn01476_c,0.59921,-0.020377
cpd00051,CEY17_RS10830,sucB,KD,ecFSEOF,False,rxn08094_c;rxn01871_c_reverse;rxn01871_c;rxn00154_c,-2.478833,3.394051
cpd00051,CEY17_RS02085,lpdA,KD,ecFSEOF,False,rxn08094_c;rxn01241_c;rxn00154_c;rxn01241_c_reverse,-2.478833,3.394051
cpd00051,CEY17_RS11015,aceE,KD,ecFSEOF,False,rxn02342_c_reverse;rxn02342_c;rxn00011_c;rxn00154_c,-2.48244,11.428839
cpd00051,CEY17_RS12665,CEY17_RS12665,KD,ecFSEOF,False,rxn08002_c_num1;rxn05343_c_num1;rxn05346_c_num1;rxn07998_c_num1;rxn05350_c_num1;rxn06023_c_num1;rxn07997_c_num1;rxn08000_c_num1;rxn08018_c_reverse_num1;rxn08019_c_num1;rxn05348_c_num1;rxn08766_c_num1;rxn08766_c_reverse_num1;rxn08001_c_num1;rxn08017_c_reverse_num1;rxn08018_c_num1;rxn08017_c_num1;rxn05345_c_num1;rxn25647_c_num1,-0.000157,0.152066
cpd00051,CEY17_RS03595,CEY17_RS03595,KD,ecFSEOF,False,rxn00952_c;rxn06078_c,-0.000153,0.160815
cpd00051,CEY17_RS08110,metH,KD,ecFSEOF,False,rxn16206_c_num2;rxn00693_c_reverse_num2;rxn03052_c_num2;rxn16206_c_reverse_num2;rxn00693_c_num2;rxn11944_c_num2,-0.000131,0.206537
cpd00051,CEY17_RS03800,CEY17_RS03800,KD,ecFSEOF,False,rxn05289_c_reverse_num2;rxn16213_c_num1;rxn05289_c_num2;rxn05910_c_num1;rxn11571_c_num1,-0.000174,0.118308
cpd00051,CEY17_RS14055,CEY17_RS14055,KD,ecFSEOF,False,rxn06197_c_reverse;rxn00985_c;rxn00225_c;rxn06197_c;rxn00225_c_reverse;rxn00985_c_reverse,-0.033132,0.751576
cpd00051,CEY17_RS14060,pta,KD,ecFSEOF,False,rxn01701_c;rxn00670_c;rxn11892_c;rxn00173_c_reverse;rxn00173_c;rxn00670_c_reverse;rxn11892_c_reverse,-0.03738,9.962181
cpd00051,CEY17_RS07905,CEY17_RS07905,KD,ecFSEOF,False,rxn05651_c_num1,-0.000124,0.221262
cpd00051,CEY17_RS13390,CEY17_RS13390,KD,ecFSEOF,False,rxn10484_c;rxn10484_c_reverse,-0.000178,0.110491
cpd00051,CEY17_RS13050,murA,KD,ecFSEOF,False,rxn00461_c;rxn00461_c_reverse,5.8e-05,0.60279
cpd00051,CEY17_RS10440,ilvA,KD,ecFSEOF,False,rxn00737_c,2.5e-05,0.533308
cpd00069,CEY17_RS01305,hisC,OE,ecBridge+ecFSEOF,False,rxn00493_c;rxn00527_c_reverse;rxn00493_c_reverse;rxn00527_c,5.800853,1.833404
cpd00069,CEY17_RS03075,CEY17_RS03075,OE,ecBridge,False,rxn00147_c;rxn00958_c,0.421325,-5.98001
cpd00069,CEY17_RS03080,CEY17_RS03080,OE,ecBridge,False,rxn00147_c;rxn00958_c,0.421325,-5.98001
cpd00069,CEY17_RS08440,tal,OE,ecBridge+ecFSEOF,True,rxn01333_c;rxn01333_c_reverse,0.281388,0.054108
cpd00069,CEY17_RS08435,tkt,OE,ecBridge+ecFSEOF,True,rxn00785_c_reverse;rxn15228_c;rxn15228_c_reverse;rxn00785_c,2.928477,0.433911
cpd00069,CEY17_RS13050,murA,KD,ecBridge+ecFSEOF,True,rxn00461_c;rxn00461_c_reverse,-0.035951,0.405855
cpd00069,CEY17_RS05085,CEY17_RS05085,KD,ecBridge,True,rxn00770_c;rxn00770_c_reverse,-0.009896,0.109463
cpd00069,CEY17_RS11145,glmS,KD,ecBridge,True,rxn00555_c;rxn00555_c_reverse,-0.014568,0.162466
cpd00069,CEY17_RS15755,CEY17_RS15755,KD,ecBridge,False,rxn00727_c,-0.018458,0.206648
cpd00069,CEY17_RS15760,CEY17_RS15760,KD,ecBridge,False,rxn00727_c,-0.018458,0.206648
cpd00069,CEY17_RS09165,ptsP,KD,ecBridge+ecFSEOF,False,rxn05610_c;rxn05501_c;rxn05617_c;rxn05567_c;rxn05655_c;rxn05226_c;rxn05647_c;rxn10184_c;rxn02005_c_num1;rxn05607_c;rxn05560_c;rxn05569_c,0.32128,3.514265
cpd00069,CEY17_RS07320,CEY17_RS07320,KD,ecFSEOF,False,rxn05647_c;rxn05501_c;rxn05226_c,0.32128,3.514265
cpd00069,CEY17_RS09185,CEY17_RS09185,KD,ecBridge+ecFSEOF,False,rxn05560_c;rxn05226_c,0.32128,3.514265
cpd00069,CEY17_RS10245,pyk,KD,ecBridge+ecFSEOF,False,rxn00148_c_num1,1.606002,2.293524
cpd00069,CEY17_RS14775,pheA,KD,ecBridge,False,rxn01000_c,-0.083533,0.952094
cpd00069,CEY17_RS06790,CEY17_RS06790,KD,ecBridge,False,rxn02315_c;rxn02316_c;rxn02314_c_num3;rxn02317_c;rxn00545_c,-1.644185,0.409813
cpd00069,CEY17_RS04105,aroA,OE,ecBridge+ecFSEOF,False,rxn02476_c,0.245041,0.078382
cpd00069,CEY17_RS10690,CEY17_RS10690,OE,ecBridge+ecFSEOF,False,rxn01332_c_num1,0.578319,0.184902
cpd00069,CEY17_RS08445,zwf,OE,ecBridge+ecFSEOF,False,rxn00604_c;rxn00604_c_reverse,0.751631,-0.012026
cpd00069,CEY17_RS08450,CEY17_RS08450,OE,ecBridge+ecFSEOF,False,rxn00604_c;rxn00604_c_reverse,0.751631,-0.012026
cpd00069,CEY17_RS01335,CEY17_RS01335,OE,ecBridge+ecFSEOF,False,rxn01268_c,1.091278,0.358051
cpd00069,CEY17_RS04635,pgi,OE,ecBridge,True,rxn00558_c_reverse;rxn00558_c,0.276922,-0.201339
cpd00069,CEY17_RS04645,CEY17_RS04645,OE,ecBridge+ecFSEOF,False,rxn01256_c,19.637509,5.557905
cpd00069,CEY17_RS08670,CEY17_RS08670,OE,ecBridge+ecFSEOF,False,rxn01739_c,2.636538,0.832873
cpd00069,CEY17_RS08705,CEY17_RS08705,OE,ecBridge+ecFSEOF,False,rxn01740r_c,0.572641,0.183091
cpd00069,CEY17_RS10725,CEY17_RS10725,OE,ecFSEOF,False,rxn00216_c_num1,9.261394,2.663632
cpd00069,CEY17_RS02395,aroQ,OE,ecFSEOF,False,rxn02213_c,1.938541,0.615011
cpd00069,CEY17_RS08675,aroC,OE,ecFSEOF,False,rxn01255_c,26.64965,7.040501
cpd00069,CEY17_RS07800,gndA,OE,ecFSEOF,False,rxn01115_c,4.230152,-4.812374
cpd00069,CEY17_RS08455,pgl,OE,ecFSEOF,False,rxn01476_c,0.633159,-0.010109
cpd00069,CEY17_RS08490,pgk,KD,ecFSEOF,False,rxn00181_c_reverse;rxn00181_c;rxn01100_c;rxn01100_c_reverse,-1.42063,0.577615
cpd00069,CEY17_RS08110,metH,KD,ecFSEOF,False,rxn11944_c_num2;rxn00693_c_num2;rxn00693_c_reverse_num2;rxn03052_c_num2;rxn16206_c_num2;rxn16206_c_reverse_num2,-0.012769,0.139924
cpd00069,CEY17_RS03595,CEY17_RS03595,KD,ecFSEOF,False,rxn00952_c;rxn06078_c,-0.010054,0.109121
cpd00069,CEY17_RS14055,CEY17_RS14055,KD,ecFSEOF,False,rxn06197_c_reverse;rxn00985_c_reverse;rxn00225_c_reverse;rxn06197_c;rxn00985_c;rxn00225_c,0.413638,0.669522
cpd00069,CEY17_RS14060,pta,KD,ecFSEOF,False,rxn00670_c_reverse;rxn00173_c_reverse;rxn11892_c;rxn00670_c;rxn01701_c;rxn11892_c_reverse;rxn00173_c,0.365039,0.697788
cpd00069,CEY17_RS07905,CEY17_RS07905,KD,ecFSEOF,False,rxn05651_c_num1,-0.013643,0.149843
cpd00069,CEY17_RS10440,ilvA,KD,ecFSEOF,False,rxn00737_c,-0.031855,0.359139
cpd00069,CEY17_RS03780,CEY17_RS03780,KD,ecFSEOF,False,rxn00250_c,-0.069475,0.74602
cpd00069,CEY17_RS14520,CEY17_RS14520,KD,ecFSEOF,False,rxn00191_c_reverse;rxn00191_c,-0.02556,0.28742
cpd00069,CEY17_RS12665,CEY17_RS12665,KD,ecFSEOF,False,rxn05346_c_num1;rxn07997_c_num1;rxn08000_c_num1;rxn05345_c_num1;rxn08019_c_num1;rxn05350_c_num1;rxn08018_c_num1;rxn06023_c_num1;rxn08766_c_num1;rxn08002_c_num1;rxn05348_c_num1;rxn08766_c_reverse_num1;rxn08017_c_reverse_num1;rxn07998_c_num1;rxn05343_c_num1;rxn08018_c_reverse_num1;rxn25647_c_num1;rxn08001_c_num1;rxn08017_c_num1,-0.009283,0.102509
cpd00069,CEY17_RS13155,pstC,KD,ecFSEOF,False,rxn05145_c,-0.031053,0.349995
cpd00069,CEY17_RS13160,pstS,KD,ecFSEOF,False,rxn05145_c,-0.031053,0.349995
cpd00069,CEY17_RS13145,pstB,KD,ecFSEOF,False,rxn05145_c,-0.031053,0.349995
cpd00069,CEY17_RS13150,pstA,KD,ecFSEOF,False,rxn05145_c,-0.031053,0.349995
cpd00069,CEY17_RS11015,aceE,KD,ecFSEOF,False,rxn02342_c_reverse;rxn00154_c;rxn02342_c;rxn00011_c,1.287044,2.863194
cpd00069,CEY17_RS10830,sucB,KD,ecFSEOF,False,rxn01871_c;rxn00154_c;rxn01871_c_reverse;rxn08094_c,1.379904,2.984846
cpd00069,CEY17_RS02085,lpdA,KD,ecFSEOF,False,rxn01241_c_reverse;rxn00154_c;rxn01241_c;rxn08094_c,1.379904,2.984846
cpd00069,CEY17_RS04520,CEY17_RS04520,KD,ecFSEOF,False,rxn00256_c,-0.019152,0.218092
cpd00069,CEY17_RS08285,can,KD,ecFSEOF,False,rxn01388_c;rxn00974_c;rxn00974_c_reverse;rxn01388_c_reverse,-0.060475,0.690122
cpd00069,CEY17_RS10860,glnA,KD,ecFSEOF,False,rxn03406_c_num2;rxn00187_c_num2,-0.01505,0.167935
cpd00069,CEY17_RS01410,CEY17_RS01410,KD,ecFSEOF,False,rxn00260_c;rxn00260_c_reverse,0.526119,0.422793
cpd00274,CEY17_RS01410,CEY17_RS01410,KD,ecBridge+ecFSEOF,True,rxn00260_c_reverse;rxn00260_c,0.698636,0.990535
cpd00274,CEY17_RS14520,CEY17_RS14520,KD,ecBridge+ecFSEOF,True,rxn00191_c_reverse;rxn00191_c,-0.00068,0.321897
cpd00274,CEY17_RS11680,CEY17_RS11680,KD,ecBridge,True,rxn00248_c_reverse;rxn00248_c,-0.032568,0.339401
cpd00274,CEY17_RS08445,zwf,OE,ecBridge+ecFSEOF,True,rxn00604_c_reverse;rxn00604_c,0.936948,0.405331
cpd00274,CEY17_RS08450,CEY17_RS08450,OE,ecBridge+ecFSEOF,True,rxn00604_c_reverse;rxn00604_c,0.936948,0.405331
cpd00274,CEY17_RS08435,tkt,OE,ecBridge+ecFSEOF,True,rxn15228_c_reverse;rxn15228_c;rxn00785_c_reverse;rxn00785_c,0.483968,0.067051
cpd00274,CEY17_RS08440,tal,OE,ecBridge+ecFSEOF,True,rxn01333_c_reverse;rxn01333_c,0.179109,0.021646
cpd00274,CEY17_RS14115,fbaA,OE,ecBridge,True,rxn00786_c_reverse;rxn00786_c,2.028366,-0.475052
cpd00274,CEY17_RS08485,tpiA,OE,ecBridge,True,rxn00747_c;rxn00747_c_reverse,0.404619,-0.090574
cpd00274,CEY17_RS06945,serA,KD,ecBridge,True,rxn01101_c_reverse;rxn01101_c,-0.000433,0.144409
cpd00274,CEY17_RS13050,murA,KD,ecBridge+ecFSEOF,True,rxn00461_c;rxn00461_c_reverse,-0.000863,0.454556
cpd00274,CEY17_RS05085,CEY17_RS05085,KD,ecBridge,True,rxn00770_c;rxn00770_c_reverse,-0.000402,0.122586
cpd00274,CEY17_RS07525,CEY17_RS07525,KD,ecBridge,False,rxn01434_c,-0.001288,0.762247
cpd00274,CEY17_RS08615,CEY17_RS08615,KD,ecBridge,False,rxn01018_c,-0.000382,0.107815
cpd00274,CEY17_RS11570,proB,KD,ecBridge,False,rxn00179_c,-0.000414,0.131236
cpd00274,CEY17_RS06885,CEY17_RS06885,KD,ecBridge,False,rxn08043_c;rxn15021_c,-0.001001,0.549313
cpd00274,CEY17_RS06890,ilvN,KD,ecBridge,False,rxn08043_c;rxn15021_c,-0.001001,0.549313
cpd00274,CEY17_RS09360,dapA,KD,ecBridge,False,rxn01644_c,-0.001003,0.555595
cpd00274,CEY17_RS07510,CEY17_RS07510,OE,ecBridge+ecFSEOF,False,rxn01637_c_reverse_num1;rxn01637_c_num1,1.576759,0.555395
cpd00274,CEY17_RS02735,gabT,OE,ecBridge,False,rxn01204_c;rxn01204_c_reverse;rxn01637_c_num2;rxn01637_c_reverse_num2,0.850775,0.300907
cpd00274,CEY17_RS10200,gdhA,OE,ecBridge+ecFSEOF,False,rxn00184a_c,1.557416,0.679365
cpd00274,CEY17_RS14910,CEY17_RS14910,OE,ecBridge+ecFSEOF,False,rxn00184b_c;rxn00184a_c,1.557416,0.679365
cpd00274,CEY17_RS08605,carA,OE,ecBridge+ecFSEOF,False,rxn00113_c;rxn00414_c,51.667232,12.990458
cpd00274,CEY17_RS08600,carB,OE,ecBridge+ecFSEOF,False,rxn00113_c;rxn00414_c,51.667232,12.990458
cpd00274,CEY17_RS04520,CEY17_RS04520,OE,ecBridge+ecFSEOF,False,rxn00256_c,0.828847,0.250336
cpd00274,CEY17_RS07500,argJ,OE,ecBridge+ecFSEOF,False,rxn01636_c;rxn01636_c_reverse,0.806977,0.285481
cpd00274,CEY17_RS03645,CEY17_RS03645,OE,ecBridge+ecFSEOF,False,rxn00198_c;rxn00198_c_reverse,1.352957,0.407665
cpd00274,CEY17_RS08495,gap,OE,ecBridge,False,rxn00781_c_reverse;rxn00781_c,8.236129,-1.367269
cpd00274,CEY17_RS07515,argF,OE,ecBridge+ecFSEOF,False,rxn01019_c,0.402627,0.14267
cpd00274,CEY17_RS08490,pgk,OE,ecBridge,False,rxn01100_c;rxn00181_c_reverse;rxn00181_c;rxn01100_c_reverse,0.447568,-0.07257
cpd00274,CEY17_RS08545,rpe,OE,ecBridge+ecFSEOF,False,rxn01116_c_reverse;rxn01116_c,0.187316,0.025884
cpd00274,CEY17_RS09165,ptsP,OE,ecBridge,False,rxn05501_c;rxn05617_c;rxn05655_c;rxn05647_c;rxn10184_c;rxn02005_c_num1;rxn05560_c;rxn05226_c;rxn05607_c;rxn05569_c;rxn05610_c;rxn05567_c,3.499785,-0.709829
cpd00274,CEY17_RS09185,CEY17_RS09185,OE,ecBridge,False,rxn05560_c;rxn05226_c,3.499785,-0.709829
cpd00274,CEY17_RS10245,pyk,OE,ecBridge+ecFSEOF,False,rxn00148_c_num1,1.079546,-0.01674
cpd00274,CEY17_RS08285,can,OE,ecBridge+ecFSEOF,False,rxn01388_c;rxn01388_c_reverse;rxn00974_c;rxn00974_c_reverse,2.707709,4.788136
cpd00274,CEY17_RS07505,argB,OE,ecBridge+ecFSEOF,False,rxn01917_c_reverse;rxn01917_c,2.037119,0.715598
cpd00274,CEY17_RS07495,argC,OE,ecBridge+ecFSEOF,False,rxn02465_c,2.378166,0.833698
cpd00274,CEY17_RS10860,glnA,OE,ecFSEOF,False,rxn03406_c_num2;rxn00187_c_num2,0.46838,0.13214
cpd00274,CEY17_RS06840,lysE,OE,ecFSEOF,False,rxn05628_c_reverse;rxn05628_c;rxn05305_c;rxn05303_c_num1;rxn05674_c,0.387677,0.140697
cpd00274,CEY17_RS03780,CEY17_RS03780,OE,ecFSEOF,False,rxn00250_c,1.134261,0.239533
cpd00274,CEY17_RS07800,gndA,OE,ecFSEOF,False,rxn01115_c,5.081375,0.761584
cpd00274,CEY17_RS08455,pgl,OE,ecFSEOF,False,rxn01476_c,0.784053,0.047564
cpd00274,CEY17_RS08090,aspA,KD,ecFSEOF,False,rxn00347_c_reverse;rxn00347_c,-0.032568,0.498558
cpd00274,CEY17_RS10830,sucB,KD,ecFSEOF,False,rxn00154_c;rxn08094_c;rxn01871_c_reverse;rxn01871_c,-3.780654,1.856304
cpd00274,CEY17_RS11015,aceE,KD,ecFSEOF,False,rxn00154_c;rxn02342_c_reverse;rxn02342_c;rxn00011_c,-3.820878,5.257564
cpd00274,CEY17_RS02085,lpdA,KD,ecFSEOF,False,rxn00154_c;rxn08094_c;rxn01241_c;rxn01241_c_reverse,-3.780654,1.856304
cpd00274,CEY17_RS04635,pgi,KD,ecFSEOF,False,rxn00558_c;rxn00558_c_reverse,-0.293953,1.292519
cpd00274,CEY17_RS12665,CEY17_RS12665,KD,ecFSEOF,False,rxn06023_c_num1;rxn08018_c_reverse_num1;rxn05348_c_num1;rxn08766_c_reverse_num1;rxn08766_c_num1;rxn08001_c_num1;rxn08017_c_reverse_num1;rxn08018_c_num1;rxn08017_c_num1;rxn07997_c_num1;rxn05345_c_num1;rxn08019_c_num1;rxn08000_c_num1;rxn25647_c_num1;rxn07998_c_num1;rxn08002_c_num1;rxn05343_c_num1;rxn05346_c_num1;rxn05350_c_num1,-0.000391,0.114798
cpd00274,CEY17_RS07905,CEY17_RS07905,KD,ecFSEOF,False,rxn05651_c_num1,-0.000464,0.167006
cpd00274,CEY17_RS14060,pta,KD,ecFSEOF,False,rxn11892_c;rxn00670_c_reverse;rxn11892_c_reverse;rxn01701_c;rxn00173_c;rxn00670_c;rxn00173_c_reverse,0.259461,4.786321
cpd00274,CEY17_RS14055,CEY17_RS14055,KD,ecFSEOF,False,rxn00985_c_reverse;rxn06197_c;rxn00225_c_reverse;rxn06197_c_reverse;rxn00985_c;rxn00225_c,0.228763,2.681976
cpd00274,CEY17_RS08110,metH,KD,ecFSEOF,False,rxn16206_c_num2;rxn00693_c_reverse_num2;rxn11944_c_num2;rxn03052_c_num2;rxn00693_c_num2;rxn16206_c_reverse_num2,-0.000449,0.155898
cpd00274,CEY17_RS03595,CEY17_RS03595,KD,ecFSEOF,False,rxn00952_c;rxn06078_c,-0.000401,0.1214
cpd00274,CEY17_RS13155,pstC,KD,ecFSEOF,False,rxn05145_c,-0.000777,0.391986
cpd00274,CEY17_RS13145,pstB,KD,ecFSEOF,False,rxn05145_c,-0.000777,0.391986
cpd00274,CEY17_RS13160,pstS,KD,ecFSEOF,False,rxn05145_c,-0.000777,0.391986
cpd00274,CEY17_RS13150,pstA,KD,ecFSEOF,False,rxn05145_c,-0.000777,0.391986
cpd00274,CEY17_RS10440,ilvA,KD,ecFSEOF,False,rxn00737_c,-0.000791,0.402228
cpd00064,CEY17_RS01410,CEY17_RS01410,KD,ecFSEOF,True,rxn00260_c;rxn00260_c_reverse,0.592829,0.358246
cpd00064,CEY17_RS08600,carB,OE,ecBridge,False,rxn00113_c;rxn00414_c,0.147639,-0.50906
cpd00064,CEY17_RS08605,carA,OE,ecBridge,False,rxn00113_c;rxn00414_c,0.147639,-0.50906
cpd00064,CEY17_RS14520,CEY17_RS14520,KD,ecFSEOF,True,rxn00191_c_reverse;rxn00191_c,-0.034407,0.118582
cpd00064,CEY17_RS13050,murA,KD,ecBridge+ecFSEOF,True,rxn00461_c_reverse;rxn00461_c,-0.048428,0.167334
cpd00064,CEY17_RS09165,ptsP,OE,ecFSEOF,True,rxn02005_c_num1;rxn05560_c;rxn05226_c;rxn05607_c;rxn05569_c;rxn05617_c;rxn05610_c;rxn05647_c;rxn05567_c;rxn05501_c;rxn10184_c;rxn05655_c,7.134993,0.160713
cpd00064,CEY17_RS07320,CEY17_RS07320,OE,ecFSEOF,True,rxn05647_c;rxn05501_c;rxn05226_c,7.134993,0.160713
cpd00064,CEY17_RS09185,CEY17_RS09185,OE,ecFSEOF,True,rxn05560_c;rxn05226_c,7.134993,0.160713
cpd00064,CEY17_RS06890,ilvN,KD,ecBridge,False,rxn08043_c;rxn15021_c,-0.058482,0.203963
cpd00064,CEY17_RS06885,CEY17_RS06885,KD,ecBridge,False,rxn08043_c;rxn15021_c,-0.058482,0.203963
cpd00064,CEY17_RS09360,dapA,KD,ecBridge,False,rxn01644_c,-0.059082,0.20442
cpd00064,CEY17_RS05880,nadA,KD,ecBridge,False,rxn02988_c,-0.162183,0.565148
cpd00064,CEY17_RS14850,CEY17_RS14850,OE,ecBridge+ecFSEOF,True,rxnfmn_c_num1;rxnfad2_c_num1;rxnriboflavin_c;rxn03975_c_num2;rxnfad1_c_num1;rxn03974_c_num2;rxn08521_c;rxnfad3_c_num1,1.089798,0.142671
cpd00064,CEY17_RS02735,gabT,OE,ecBridge,False,rxn01204_c;rxn01204_c_reverse;rxn01637_c_num2;rxn01637_c_reverse_num2,1.68847,0.217235
cpd00064,CEY17_RS07510,CEY17_RS07510,OE,ecBridge+ecFSEOF,False,rxn01637_c_num1;rxn01637_c_reverse_num1,3.151363,0.400577
cpd00064,CEY17_RS07500,argJ,OE,ecBridge+ecFSEOF,False,rxn01636_c;rxn01636_c_reverse,1.600877,0.206113
cpd00064,CEY17_RS08445,zwf,OE,ecBridge+ecFSEOF,False,rxn00604_c_reverse;rxn00604_c,1.918562,0.142781
cpd00064,CEY17_RS08450,CEY17_RS08450,OE,ecBridge+ecFSEOF,False,rxn00604_c_reverse;rxn00604_c,1.918562,0.142781
cpd00064,CEY17_RS03780,CEY17_RS03780,OE,ecBridge+ecFSEOF,False,rxn00250_c,2.26973,0.229747
cpd00064,CEY17_RS08440,tal,OE,ecBridge+ecFSEOF,False,rxn01333_c;rxn01333_c_reverse,0.365074,0.031483
cpd00064,CEY17_RS08435,tkt,OE,ecBridge+ecFSEOF,False,rxn15228_c_reverse;rxn00785_c_reverse;rxn15228_c;rxn00785_c,0.988268,0.08815
cpd00064,CEY17_RS08485,tpiA,OE,ecBridge,False,rxn00747_c;rxn00747_c_reverse,0.783109,0.012157
cpd00064,CEY17_RS10200,gdhA,OE,ecFSEOF,False,rxn00184a_c,3.138434,0.317694
cpd00064,CEY17_RS14910,CEY17_RS14910,OE,ecBridge+ecFSEOF,False,rxn00184a_c;rxn00184b_c,3.138434,0.317694
cpd00064,CEY17_RS14115,fbaA,OE,ecBridge,False,rxn00786_c_reverse;rxn00786_c,3.988998,0.055827
cpd00064,CEY17_RS04520,CEY17_RS04520,OE,ecBridge+ecFSEOF,False,rxn00256_c,1.648992,0.195979
cpd00064,CEY17_RS03645,CEY17_RS03645,OE,ecBridge+ecFSEOF,False,rxn00198_c_reverse;rxn00198_c,2.705375,0.318958
cpd00064,CEY17_RS08495,gap,OE,ecBridge+ecFSEOF,False,rxn00781_c_reverse;rxn00781_c,17.479758,0.374347
cpd00064,CEY17_RS08490,pgk,OE,ecBridge+ecFSEOF,False,rxn01100_c_reverse;rxn00181_c;rxn01100_c;rxn00181_c_reverse,0.874793,0.02509
cpd00064,CEY17_RS08545,rpe,OE,ecBridge+ecFSEOF,False,rxn01116_c;rxn01116_c_reverse,0.381483,0.03412
cpd00064,CEY17_RS06790,CEY17_RS06790,OE,ecBridge,False,rxn02314_c_num3;rxn00545_c;rxn02315_c;rxn02316_c;rxn02317_c,0.695459,0.009502
cpd00064,CEY17_RS08285,can,OE,ecBridge+ecFSEOF,False,rxn01388_c;rxn01388_c_reverse;rxn00974_c;rxn00974_c_reverse,5.347338,0.589202
cpd00064,CEY17_RS01690,CEY17_RS01690,KD,ecFSEOF,True,rxn03253_c_reverse;rxn02679_c_reverse;rxn12676_c_reverse;rxn03251_c_reverse;rxn02169_c;rxn12240_c;rxn03253_c;rxn12240_c_reverse;rxn00872_c;rxn03251_c;rxn02679_c;rxn12676_c;rxn00946_c_reverse;rxn01802_c;rxn00946_c;rxn02803_c;rxn02720_c_reverse;rxn02803_c_reverse;rxn00872_c_reverse;rxn02720_c,-0.035655,0.122919
cpd00064,CEY17_RS14055,CEY17_RS14055,KD,ecFSEOF,True,rxn00985_c;rxn06197_c_reverse;rxn00225_c_reverse;rxn00225_c;rxn00985_c_reverse;rxn06197_c,0.463413,0.281274
cpd00064,CEY17_RS14060,pta,KD,ecFSEOF,True,rxn11892_c;rxn00670_c;rxn00173_c_reverse;rxn00670_c_reverse;rxn01701_c;rxn00173_c;rxn11892_c_reverse,0.471213,0.1825
cpd00064,CEY17_RS06840,lysE,OE,ecFSEOF,False,rxn05303_c_num1;rxn05674_c;rxn05305_c;rxn05628_c_reverse;rxn05628_c,2.006291,0.260696
cpd00064,CEY17_RS07505,argB,OE,ecFSEOF,False,rxn01917_c;rxn01917_c_reverse,4.089866,0.515861
cpd00064,CEY17_RS07495,argC,OE,ecFSEOF,False,rxn02465_c,4.790652,0.600782
cpd00064,CEY17_RS07800,gndA,OE,ecFSEOF,False,rxn01115_c,10.492788,0.726505
cpd00064,CEY17_RS08455,pgl,OE,ecFSEOF,False,rxn01476_c,1.612541,0.120397
cpd00064,CEY17_RS10245,pyk,OE,ecFSEOF,False,rxn00148_c_num1,2.080292,0.11572
cpd00064,CEY17_RS10770,CEY17_RS10770,KD,ecFSEOF,False,rxn00058_c_num3;rxnbccaa3_c,-1.756284,2.025157
cpd00064,CEY17_RS12850,ctaD,KD,ecFSEOF,False,rxn00058_c_num2;rxnbccaa3_c,-1.756284,2.025157
cpd00064,CEY17_RS10745,qcrB,KD,ecFSEOF,False,rxnbccaa3_c,-1.756284,2.025157
cpd00064,CEY17_RS10775,CEY17_RS10775,KD,ecFSEOF,False,rxn00058_c_num1;rxnbccaa3_c,-1.756284,2.025157
cpd00064,CEY17_RS10750,CEY17_RS10750,KD,ecFSEOF,False,rxn08287_c;rxnbccaa3_c,-1.756284,2.025157
cpd00064,CEY17_RS10755,CEY17_RS10755,KD,ecFSEOF,False,rxnbccaa3_c,-1.756284,2.025157
cpd00064,CEY17_RS10760,CEY17_RS10760,KD,ecFSEOF,False,rxn00058_c_num4;rxnbccaa3_c,-1.756284,2.025157
cpd00064,CEY17_RS13160,pstS,KD,ecFSEOF,False,rxn05145_c,-0.042352,0.144278
cpd00064,CEY17_RS13150,pstA,KD,ecFSEOF,False,rxn05145_c,-0.042352,0.144278
cpd00064,CEY17_RS13155,pstC,KD,ecFSEOF,False,rxn05145_c,-0.042352,0.144278
cpd00064,CEY17_RS13145,pstB,KD,ecFSEOF,False,rxn05145_c,-0.042352,0.144278
cpd00064,CEY17_RS10440,ilvA,KD,ecFSEOF,False,rxn00737_c,-0.042902,0.148112
cpd00064,CEY17_RS04635,pgi,KD,ecFSEOF,False,rxn00558_c;rxn00558_c_reverse,-0.597776,0.277085
cpd00065,CEY17_RS06945,serA,OE,ecBridge+ecFSEOF,True,rxn01101_c;rxn01101_c_reverse,0.234504,0.063733
cpd00065,CEY17_RS04105,aroA,OE,ecBridge+ecFSEOF,False,rxn02476_c,0.117996,0.04439
cpd00065,CEY17_RS10690,CEY17_RS10690,OE,ecBridge+ecFSEOF,False,rxn01332_c_num1,0.278147,0.104931
cpd00065,CEY17_RS04515,serC,OE,ecBridge+ecFSEOF,True,rxn02914_c_reverse;rxn02914_c,0.819,0.222825
cpd00065,CEY17_RS15775,trpB,OE,ecBridge+ecFSEOF,False,rxn01682_c;rxn01682_c_reverse,6.118071,2.423121
cpd00065,CEY17_RS08435,tkt,OE,ecBridge+ecFSEOF,True,rxn00785_c_reverse;rxn15228_c;rxn00785_c;rxn15228_c_reverse,2.494528,0.362213
cpd00065,CEY17_RS10815,CEY17_RS10815,KD,ecBridge,True,rxn00806_c;rxn01575_c;rxn01575_c_reverse;rxn00903_c;rxn00903_c_reverse;rxn00806_c_reverse,-0.023324,0.324016
cpd00065,CEY17_RS10200,gdhA,OE,ecBridge,True,rxn00184a_c,0.323218,-0.12786
cpd00065,CEY17_RS14910,CEY17_RS14910,OE,ecBridge,True,rxn00184b_c;rxn00184a_c,0.323218,-0.12786
cpd00065,CEY17_RS01410,CEY17_RS01410,KD,ecBridge+ecFSEOF,True,rxn00260_c_reverse;rxn00260_c,0.521487,0.521202
cpd00065,CEY17_RS14520,CEY17_RS14520,KD,ecBridge+ecFSEOF,True,rxn00191_c;rxn00191_c_reverse,-0.02556,0.3555
cpd00065,CEY17_RS01305,hisC,KD,ecBridge,True,rxn00493_c;rxn00493_c_reverse;rxn00527_c;rxn00527_c_reverse,-0.016745,0.231477
cpd00065,CEY17_RS10320,CEY17_RS10320,KD,ecBridge,True,rxn02320_c;rxn02320_c_reverse,-0.013446,0.185133
cpd00065,CEY17_RS05590,glyA,KD,ecBridge,True,rxn00692_c;rxn00692_c_reverse,-0.130494,1.85762
cpd00065,CEY17_RS13205,purF,KD,ecBridge,False,rxn11759_c;rxn01362_c_num2;rxn00790_c,-0.047452,0.66495
cpd00065,CEY17_RS08605,carA,KD,ecBridge,True,rxn00113_c;rxn00414_c,-0.441649,6.609076
cpd00065,CEY17_RS08600,carB,KD,ecBridge,True,rxn00113_c;rxn00414_c,-0.441649,6.609076
cpd00065,CEY17_RS04635,pgi,KD,ecBridge,False,rxn00558_c_reverse;rxn00558_c,-1.522387,0.422418
cpd00065,CEY17_RS15760,CEY17_RS15760,OE,ecBridge+ecFSEOF,False,rxn00727_c,15.111827,5.698455
cpd00065,CEY17_RS15755,CEY17_RS15755,OE,ecBridge+ecFSEOF,False,rxn00727_c,15.111827,5.698455
cpd00065,CEY17_RS15765,trpD,OE,ecBridge+ecFSEOF,False,rxn00791_c,1.234122,0.502317
cpd00065,CEY17_RS07800,gndA,OE,ecBridge,False,rxn01115_c,2.238668,-6.276623
cpd00065,CEY17_RS15780,trpA,OE,ecBridge+ecFSEOF,False,rxn00474_c,5.821992,2.309674
cpd00065,CEY17_RS10860,glnA,OE,ecBridge+ecFSEOF,False,rxn03406_c_num2;rxn00187_c_num2,0.168278,0.026369
cpd00065,CEY17_RS05085,CEY17_RS05085,OE,ecBridge+ecFSEOF,False,rxn00770_c;rxn00770_c_reverse,0.179093,0.045823
cpd00065,CEY17_RS08445,zwf,OE,ecBridge,False,rxn00604_c;rxn00604_c_reverse,0.381891,-0.167202
cpd00065,CEY17_RS08450,CEY17_RS08450,OE,ecBridge,False,rxn00604_c;rxn00604_c_reverse,0.381891,-0.167202
cpd00065,CEY17_RS14055,CEY17_RS14055,KD,ecFSEOF,True,rxn06197_c_reverse;rxn00985_c;rxn06197_c;rxn00225_c;rxn00225_c_reverse;rxn00985_c_reverse,-0.25239,0.554022
cpd00065,CEY17_RS08545,rpe,KD,ecFSEOF,True,rxn01116_c_reverse;rxn01116_c,0.142162,0.156657
cpd00065,CEY17_RS08670,CEY17_RS08670,OE,ecBridge+ecFSEOF,False,rxn01739_c,1.255115,0.472014
cpd00065,CEY17_RS08705,CEY17_RS08705,OE,ecBridge+ecFSEOF,False,rxn01740r_c,0.275423,0.103902
cpd00065,CEY17_RS10725,CEY17_RS10725,OE,ecFSEOF,False,rxn00216_c_num1,5.63789,1.932821
cpd00065,CEY17_RS06070,aroP,OE,ecFSEOF,False,rxn05164_c_num2;rxn05663_c;rxn05663_c_reverse,20.672301,7.637153
cpd00065,CEY17_RS10255,CEY17_RS10255,OE,ecFSEOF,False,rxn02507_c_num2,0.356382,0.145597
cpd00065,CEY17_RS08675,aroC,OE,ecFSEOF,False,rxn01255_c,11.34208,4.050071
cpd00065,CEY17_RS02395,aroQ,OE,ecFSEOF,False,rxn02213_c,0.926107,0.348821
cpd00065,CEY17_RS12845,serB,OE,ecFSEOF,False,rxn00420_c,0.768688,0.20916
cpd00065,CEY17_RS08485,tpiA,KD,ecFSEOF,False,rxn00747_c;rxn00747_c_reverse,-1.04112,0.884821
cpd00065,CEY17_RS06790,CEY17_RS06790,KD,ecFSEOF,False,rxn02317_c;rxn00545_c;rxn02314_c_num3;rxn02315_c;rxn02316_c,-0.927067,0.807086
cpd00065,CEY17_RS11015,aceE,KD,ecFSEOF,False,rxn02342_c_reverse;rxn02342_c;rxn00011_c;rxn00154_c,-1.009392,2.626653
cpd00065,CEY17_RS10830,sucB,KD,ecFSEOF,False,rxn01871_c;rxn08094_c;rxn01871_c_reverse;rxn00154_c,-0.918637,2.779846
cpd00065,CEY17_RS02085,lpdA,KD,ecFSEOF,False,rxn08094_c;rxn01241_c;rxn01241_c_reverse;rxn00154_c,-0.918637,2.779846
cpd00065,CEY17_RS08285,can,KD,ecFSEOF,False,rxn01388_c;rxn01388_c_reverse;rxn00974_c;rxn00974_c_reverse,-0.060475,0.854401
cpd00065,CEY17_RS04520,CEY17_RS04520,KD,ecFSEOF,False,rxn00256_c,-0.019152,0.269706
cpd00065,CEY17_RS03780,CEY17_RS03780,KD,ecFSEOF,False,rxn00250_c,-0.069475,0.923727
cpd00065,CEY17_RS12665,CEY17_RS12665,KD,ecFSEOF,False,rxn08000_c_num1;rxn08018_c_reverse_num1;rxn05348_c_num1;rxn06023_c_num1;rxn08001_c_num1;rxn08018_c_num1;rxn08766_c_reverse_num1;rxn08766_c_num1;rxn08017_c_reverse_num1;rxn08002_c_num1;rxn05345_c_num1;rxn08019_c_num1;rxn25647_c_num1;rxn07998_c_num1;rxn05343_c_num1;rxn05346_c_num1;rxn05350_c_num1;rxn08017_c_num1;rxn07997_c_num1,-0.009283,0.126734
cpd00065,CEY17_RS03595,CEY17_RS03595,KD,ecFSEOF,False,rxn00952_c;rxn06078_c,-0.010054,0.134911
cpd00065,CEY17_RS08110,metH,KD,ecFSEOF,False,rxn11944_c_num2;rxn16206_c_num2;rxn00693_c_reverse_num2;rxn16206_c_reverse_num2;rxn03052_c_num2;rxn00693_c_num2,-0.012769,0.173007
cpd00065,CEY17_RS14060,pta,KD,ecFSEOF,False,rxn00173_c_reverse;rxn11892_c_reverse;rxn00670_c_reverse;rxn11892_c;rxn00173_c;rxn01701_c;rxn00670_c,-1.099987,0.256299
cpd00065,CEY17_RS07905,CEY17_RS07905,KD,ecFSEOF,False,rxn05651_c_num1,-0.013643,0.185276
cpd00065,CEY17_RS10440,ilvA,KD,ecFSEOF,False,rxn00737_c,-0.031855,0.444282
cpd00065,CEY17_RS13050,murA,KD,ecFSEOF,False,rxn00461_c_reverse;rxn00461_c,-0.035951,0.502128
cpd00065,CEY17_RS07320,CEY17_RS07320,KD,ecFSEOF,False,rxn05226_c;rxn05647_c;rxn05501_c,-0.546123,4.027541
cpd00065,CEY17_RS09165,ptsP,KD,ecFSEOF,False,rxn10184_c;rxn05655_c;rxn05610_c;rxn02005_c_num1;rxn05226_c;rxn05607_c;rxn05617_c;rxn05567_c;rxn05560_c;rxn05647_c;rxn05569_c;rxn05501_c,-0.546123,4.027541
cpd00065,CEY17_RS09185,CEY17_RS09185,KD,ecFSEOF,False,rxn05226_c;rxn05560_c,-0.546123,4.027541
cpd00065,CEY17_RS10245,pyk,KD,ecFSEOF,False,rxn00148_c_num1,1.606002,2.850286
cpd00054,CEY17_RS05590,glyA,KD,ecBridge,True,rxn00692_c_reverse;rxn00692_c,-0.186909,1.062474
cpd00054,CEY17_RS03645,CEY17_RS03645,KD,ecBridge,True,rxn00198_c_reverse;rxn00198_c,-0.044833,0.255291
cpd00054,CEY17_RS08445,zwf,OE,ecBridge+ecFSEOF,True,rxn00604_c_reverse;rxn00604_c,0.970797,0.036687
cpd00054,CEY17_RS08450,CEY17_RS08450,OE,ecBridge+ecFSEOF,True,rxn00604_c_reverse;rxn00604_c,0.970797,0.036687
cpd00054,CEY17_RS08435,tkt,OE,ecBridge+ecFSEOF,True,rxn15228_c;rxn15228_c_reverse;rxn00785_c_reverse;rxn00785_c,0.50023,0.043265
cpd00054,CEY17_RS14520,CEY17_RS14520,KD,ecFSEOF,True,rxn00191_c_reverse;rxn00191_c,-0.036529,0.20453
cpd00054,CEY17_RS01410,CEY17_RS01410,KD,ecFSEOF,True,rxn00260_c_reverse;rxn00260_c,0.586645,0.620878
cpd00054,CEY17_RS11145,glmS,KD,ecBridge,True,rxn00555_c_reverse;rxn00555_c,-0.020776,0.115649
cpd00054,CEY17_RS08605,carA,OE,ecBridge+ecFSEOF,False,rxn00113_c;rxn00414_c,0.157257,-0.870972
cpd00054,CEY17_RS08600,carB,OE,ecBridge+ecFSEOF,False,rxn00113_c;rxn00414_c,0.157257,-0.870972
cpd00054,CEY17_RS08440,tal,OE,ecBridge+ecFSEOF,True,rxn01333_c_reverse;rxn01333_c,0.185478,0.013999
cpd00054,CEY17_RS14115,fbaA,OE,ecBridge,True,rxn00786_c_reverse;rxn00786_c,1.815212,-0.394567
cpd00054,CEY17_RS08485,tpiA,OE,ecBridge,True,rxn00747_c_reverse;rxn00747_c,0.36315,-0.073549
cpd00054,CEY17_RS10860,glnA,KD,ecBridge,True,rxn00187_c_num2;rxn03406_c_num2,-0.021467,0.11954
cpd00054,CEY17_RS06945,serA,OE,ecBridge+ecFSEOF,False,rxn01101_c_reverse;rxn01101_c,1.337833,0.286823
cpd00054,CEY17_RS04515,serC,OE,ecBridge+ecFSEOF,False,rxn02914_c_reverse;rxn02914_c,4.801498,1.007753
cpd00054,CEY17_RS14910,CEY17_RS14910,OE,ecBridge+ecFSEOF,False,rxn00184a_c;rxn00184b_c,1.563543,0.208609
cpd00054,CEY17_RS10200,gdhA,OE,ecBridge+ecFSEOF,False,rxn00184a_c,1.563543,0.208609
cpd00054,CEY17_RS08495,gap,OE,ecBridge,False,rxn00781_c_reverse;rxn00781_c,7.504833,-1.373182
cpd00054,CEY17_RS08545,rpe,OE,ecBridge+ecFSEOF,False,rxn01116_c;rxn01116_c_reverse,0.193613,0.016704
cpd00054,CEY17_RS08490,pgk,OE,ecBridge,False,rxn01100_c;rxn00181_c_reverse;rxn00181_c;rxn01100_c_reverse,0.412244,-0.060633
cpd00054,CEY17_RS14850,CEY17_RS14850,OE,ecFSEOF,False,rxnfad3_c_num1;rxn03974_c_num2;rxnfad2_c_num1;rxnriboflavin_c;rxn03975_c_num2;rxnfmn_c_num1;rxn08521_c;rxnfad1_c_num1,0.523727,0.120389
cpd00054,CEY17_RS14615,CEY17_RS14615,OE,ecFSEOF,False,rxn00247_c,0.403303,0.09277
cpd00054,CEY17_RS10725,CEY17_RS10725,OE,ecFSEOF,False,rxn00216_c_num1,7.884174,1.772924
cpd00054,CEY17_RS03365,CEY17_RS03365,OE,ecFSEOF,False,rxn09690_c;rxn05307_c_num2;rxn05300_c_num2;rxn05307_c_reverse_num2,68.077195,10.330725
cpd00054,CEY17_RS12845,serB,OE,ecFSEOF,False,rxn00420_c,4.495702,0.94575
cpd00054,CEY17_RS08455,pgl,OE,ecFSEOF,False,rxn01476_c,0.817363,0.031302
cpd00054,CEY17_RS07800,gndA,OE,ecFSEOF,False,rxn01115_c,5.071666,0.147125
cpd00054,CEY17_RS10440,ilvA,KD,ecFSEOF,False,rxn00737_c,-0.045551,0.25552
cpd00054,CEY17_RS14055,CEY17_RS14055,KD,ecFSEOF,False,rxn00985_c;rxn06197_c;rxn00985_c_reverse;rxn00225_c;rxn00225_c_reverse;rxn06197_c_reverse,0.458559,0.487191
cpd00054,CEY17_RS14060,pta,KD,ecFSEOF,False,rxn00173_c;rxn11892_c_reverse;rxn00670_c_reverse;rxn01701_c;rxn00670_c;rxn11892_c;rxn00173_c_reverse,0.48726,0.320624
cpd00054,CEY17_RS07905,CEY17_RS07905,KD,ecFSEOF,False,rxn05651_c_num1,-0.019092,0.106157
cpd00054,CEY17_RS13050,murA,KD,ecFSEOF,False,rxn00461_c;rxn00461_c_reverse,-0.05142,0.288723
cpd00054,CEY17_RS13155,pstC,KD,ecFSEOF,False,rxn05145_c,-0.044401,0.24902
cpd00054,CEY17_RS13145,pstB,KD,ecFSEOF,False,rxn05145_c,-0.044401,0.24902
cpd00054,CEY17_RS13160,pstS,KD,ecFSEOF,False,rxn05145_c,-0.044401,0.24902
cpd00054,CEY17_RS13150,pstA,KD,ecFSEOF,False,rxn05145_c,-0.044401,0.24902
cpd00054,CEY17_RS04635,pgi,KD,ecFSEOF,False,rxn00558_c;rxn00558_c_reverse,-0.126061,0.842729
cpd00054,CEY17_RS11015,aceE,KD,ecFSEOF,False,rxn00154_c;rxn02342_c;rxn02342_c_reverse;rxn00011_c,1.353851,2.301841
cpd00054,CEY17_RS02085,lpdA,KD,ecFSEOF,False,rxn00154_c;rxn08094_c;rxn01241_c;rxn01241_c_reverse,1.435681,2.387437
cpd00054,CEY17_RS10830,sucB,KD,ecFSEOF,False,rxn00154_c;rxn08094_c;rxn01871_c;rxn01871_c_reverse,1.435681,2.387437
cpd00054,CEY17_RS08285,can,KD,ecFSEOF,False,rxn01388_c;rxn00974_c_reverse;rxn01388_c_reverse;rxn00974_c,-0.086803,0.49325
cpd00054,CEY17_RS04520,CEY17_RS04520,KD,ecFSEOF,False,rxn00256_c,-0.027587,0.157895
cpd00054,CEY17_RS10245,pyk,KD,ecFSEOF,False,rxn00148_c_num1,1.515207,1.604489
cpd00084,CEY17_RS06945,serA,OE,ecBridge+ecFSEOF,True,rxn01101_c_reverse;rxn01101_c,0.361057,0.15327
cpd00084,CEY17_RS04515,serC,OE,ecBridge+ecFSEOF,True,rxn02914_c;rxn02914_c_reverse,1.264635,0.528718
cpd00084,CEY17_RS14115,fbaA,KD,ecBridge+ecFSEOF,True,rxn00786_c;rxn00786_c_reverse,-1.487518,7.432524
cpd00084,CEY17_RS08485,tpiA,KD,ecBridge+ecFSEOF,True,rxn00747_c;rxn00747_c_reverse,-0.294077,1.585947
cpd00084,CEY17_RS05590,glyA,KD,ecBridge,True,rxn00692_c_reverse;rxn00692_c,-0.170031,2.448924
cpd00084,CEY17_RS05085,CEY17_RS05085,KD,ecBridge,True,rxn00770_c_reverse;rxn00770_c,-0.012829,0.177392
cpd00084,CEY17_RS01305,hisC,KD,ecBridge,True,rxn00493_c_reverse;rxn00493_c;rxn00527_c;rxn00527_c_reverse,-0.021757,0.303511
cpd00084,CEY17_RS10815,CEY17_RS10815,KD,ecBridge,True,rxn00903_c_reverse;rxn01575_c;rxn00806_c_reverse;rxn01575_c_reverse;rxn00806_c;rxn00903_c,-0.030333,0.424978
cpd00084,CEY17_RS14910,CEY17_RS14910,OE,ecBridge,True,rxn00184a_c;rxn00184b_c,0.389631,-0.132858
cpd00084,CEY17_RS10200,gdhA,OE,ecBridge,True,rxn00184a_c,0.389631,-0.132858
cpd00084,CEY17_RS14520,CEY17_RS14520,KD,ecBridge+ecFSEOF,True,rxn00191_c_reverse;rxn00191_c,-0.033247,0.466322
cpd00084,CEY17_RS01410,CEY17_RS01410,KD,ecBridge+ecFSEOF,True,rxn00260_c;rxn00260_c_reverse,0.597055,1.439511
cpd00084,CEY17_RS10320,CEY17_RS10320,KD,ecBridge,True,rxn02320_c;rxn02320_c_reverse,-0.017456,0.242708
cpd00084,CEY17_RS08600,carB,OE,ecBridge+ecFSEOF,False,rxn00414_c;rxn00113_c,0.142764,-1.970757
cpd00084,CEY17_RS08605,carA,OE,ecBridge+ecFSEOF,False,rxn00414_c;rxn00113_c,0.142764,-1.970757
cpd00084,CEY17_RS06790,CEY17_RS06790,KD,ecBridge+ecFSEOF,False,rxn02315_c;rxn02316_c;rxn02317_c;rxn00545_c;rxn02314_c_num3,-0.263125,1.436354
cpd00084,CEY17_RS15780,trpA,KD,ecBridge,False,rxn00474_c,-0.010207,0.14041
cpd00084,CEY17_RS10860,glnA,KD,ecBridge,True,rxn00187_c_num2;rxn03406_c_num2,-0.019547,0.272253
cpd00084,CEY17_RS08445,zwf,OE,ecBridge+ecFSEOF,False,rxn00604_c;rxn00604_c_reverse,1.318765,0.293541
cpd00084,CEY17_RS08450,CEY17_RS08450,OE,ecBridge+ecFSEOF,False,rxn00604_c;rxn00604_c_reverse,1.318765,0.293541
cpd00084,CEY17_RS08435,tkt,OE,ecBridge+ecFSEOF,False,rxn15228_c;rxn00785_c_reverse;rxn00785_c;rxn15228_c_reverse,0.680239,0.207542
cpd00084,CEY17_RS08440,tal,OE,ecBridge+ecFSEOF,False,rxn01333_c_reverse;rxn01333_c,0.251823,0.07222
cpd00084,CEY17_RS08545,rpe,OE,ecBridge+ecFSEOF,False,rxn01116_c_reverse;rxn01116_c,0.263036,0.080224
cpd00084,CEY17_RS14335,CEY17_RS14335,OE,ecBridge+ecFSEOF,False,rxn03373_c;rxn05256_c;rxn09240_c;rxn05239_c;rxn00379_c,5.637485,2.90487
cpd00084,CEY17_RS14325,CEY17_RS14325,OE,ecBridge+ecFSEOF,False,rxn03373_c;rxn05256_c;rxn09240_c;rxn05239_c;rxn00379_c,5.637485,2.90487
cpd00084,CEY17_RS14330,cysD,OE,ecBridge+ecFSEOF,False,rxn03373_c;rxn05256_c;rxn09240_c;rxn05239_c;rxn00379_c,5.637485,2.90487
cpd00084,CEY17_RS03595,CEY17_RS03595,KD,ecFSEOF,True,rxn06078_c;rxn00952_c,-0.012707,0.175675
cpd00084,CEY17_RS13070,cysK,OE,ecBridge+ecFSEOF,False,rxn02246_c;rxn00649_c;rxn09886_c_reverse;rxn09886_c,0.260701,0.139928
cpd00084,CEY17_RS14345,CEY17_RS14345,OE,ecBridge+ecFSEOF,False,rxn00623_c_reverse;rxn00623_c,2.673003,1.395106
cpd00084,CEY17_RS08455,pgl,OE,ecBridge+ecFSEOF,False,rxn01476_c,1.109589,0.247976
cpd00084,CEY17_RS10725,CEY17_RS10725,OE,ecFSEOF,False,rxn00216_c_num1,1.61021,0.429708
cpd00084,CEY17_RS04635,pgi,OE,ecFSEOF,True,rxn00558_c;rxn00558_c_reverse,0.158354,-0.208629
cpd00084,CEY17_RS03365,CEY17_RS03365,OE,ecFSEOF,False,rxn05307_c_reverse_num2;rxn09690_c;rxn05307_c_num2;rxn05300_c_num2,59.715534,19.804314
cpd00084,CEY17_RS07905,CEY17_RS07905,OE,ecFSEOF,False,rxn05651_c_num1,9.695653,4.877716
cpd00084,CEY17_RS03800,CEY17_RS03800,OE,ecFSEOF,False,rxn11571_c_num1;rxn05910_c_num1;rxn05289_c_num2;rxn16213_c_num1;rxn05289_c_reverse_num2,1.189561,0.620143
cpd00084,CEY17_RS12845,serB,OE,ecFSEOF,False,rxn00420_c,1.186633,0.503134
cpd00084,CEY17_RS07800,gndA,OE,ecFSEOF,False,rxn01115_c,7.009711,1.430504
cpd00084,CEY17_RS03780,CEY17_RS03780,KD,ecFSEOF,False,rxn00250_c,-0.082422,1.437726
cpd00084,CEY17_RS11015,aceE,KD,ecFSEOF,False,rxn00011_c;rxn02342_c_reverse;rxn02342_c;rxn00154_c,-0.519462,3.772786
cpd00084,CEY17_RS02085,lpdA,KD,ecFSEOF,False,rxn08094_c;rxn01241_c;rxn00154_c;rxn01241_c_reverse,-0.431258,3.987255
cpd00084,CEY17_RS10830,sucB,KD,ecFSEOF,False,rxn08094_c;rxn01871_c;rxn00154_c;rxn01871_c_reverse,-0.431258,3.987255
cpd00084,CEY17_RS12665,CEY17_RS12665,KD,ecFSEOF,False,rxn06023_c_num1;rxn07998_c_num1;rxn07997_c_num1;rxn08000_c_num1;rxn25647_c_num1;rxn08018_c_reverse_num1;rxn08001_c_num1;rxn08766_c_num1;rxn08766_c_reverse_num1;rxn08017_c_reverse_num1;rxn08018_c_num1;rxn05348_c_num1;rxn08017_c_num1;rxn05345_c_num1;rxn08019_c_num1;rxn08002_c_num1;rxn05343_c_num1;rxn05350_c_num1;rxn05346_c_num1,-0.01203,0.166115
cpd00084,CEY17_RS10440,ilvA,KD,ecFSEOF,False,rxn00737_c,-0.041454,0.582952
cpd00084,CEY17_RS08110,metH,KD,ecFSEOF,False,rxn00693_c_reverse_num2;rxn03052_c_num2;rxn00693_c_num2;rxn11944_c_num2;rxn16206_c_num2;rxn16206_c_reverse_num2,-0.016247,0.225638
cpd00084,CEY17_RS13390,CEY17_RS13390,KD,ecFSEOF,False,rxn10484_c_reverse;rxn10484_c,-0.008807,0.120691
cpd00084,CEY17_RS13050,murA,KD,ecFSEOF,False,rxn00461_c;rxn00461_c_reverse,-0.046792,0.658979
cpd00084,CEY17_RS08285,can,KD,ecFSEOF,False,rxn01388_c;rxn00974_c_reverse;rxn01388_c_reverse;rxn00974_c,-0.079172,1.122514
cpd00084,CEY17_RS04520,CEY17_RS04520,KD,ecFSEOF,False,rxn00256_c,-0.025312,0.353586
cpd00084,CEY17_RS10245,pyk,KD,ecFSEOF,False,rxn00148_c_num1,1.542095,3.767965
cpd00119,CEY17_RS06945,serA,OE,ecBridge+ecFSEOF,True,rxn01101_c_reverse;rxn01101_c,0.262523,0.104944
cpd00119,CEY17_RS03645,CEY17_RS03645,KD,ecBridge,True,rxn00198_c_reverse;rxn00198_c,-0.020153,0.602301
cpd00119,CEY17_RS14520,CEY17_RS14520,KD,ecFSEOF,True,rxn00191_c;rxn00191_c_reverse,-0.016314,0.487638
cpd00119,CEY17_RS08435,tkt,KD,ecBridge,True,rxn00785_c_reverse;rxn00785_c;rxn15228_c;rxn15228_c_reverse,0.119341,0.895526
cpd00119,CEY17_RS11145,glmS,KD,ecBridge,True,rxn00555_c_reverse;rxn00555_c,-0.009334,0.275412
cpd00119,CEY17_RS03780,CEY17_RS03780,KD,ecFSEOF,True,rxn00250_c,0.73098,1.710047
cpd00119,CEY17_RS10270,hisF,OE,ecBridge+ecFSEOF,False,rxn47493_c;rxn03135_c,0.148861,0.083009
cpd00119,CEY17_RS13205,purF,KD,ecBridge,True,rxn01362_c_num2;rxn11759_c;rxn00790_c,-0.030215,0.913082
cpd00119,CEY17_RS10780,asnB,KD,ecBridge,True,rxn00416_c;rxn00340_c,-0.027163,0.819349
cpd00119,CEY17_RS08440,tal,KD,ecFSEOF,True,rxn01333_c;rxn01333_c_reverse,0.043421,0.356737
cpd00119,CEY17_RS01500,CEY17_RS01500,KD,ecBridge,True,rxn00337_c_reverse;rxn00337_c,-0.019125,0.573353
cpd00119,CEY17_RS04520,CEY17_RS04520,KD,ecBridge+ecFSEOF,False,rxn00256_c,-0.012512,0.369465
cpd00119,CEY17_RS10860,glnA,KD,ecBridge,True,rxn00187_c_num2;rxn03406_c_num2,-0.00964,0.284693
cpd00119,CEY17_RS15780,trpA,KD,ecBridge,False,rxn00474_c,-0.00509,0.146822
cpd00119,CEY17_RS08615,CEY17_RS08615,KD,ecBridge,False,rxn01018_c,-0.005629,0.163131
cpd00119,CEY17_RS04635,pgi,KD,ecBridge+ecFSEOF,False,rxn00558_c_reverse;rxn00558_c,-0.414198,1.20496
cpd00119,CEY17_RS14095,CEY17_RS14095,OE,ecBridge+ecFSEOF,False,rxn00838_c,1.941629,1.003773
cpd00119,CEY17_RS08450,CEY17_RS08450,OE,ecBridge,False,rxn00604_c;rxn00604_c_reverse,0.341092,-0.239452
cpd00119,CEY17_RS08445,zwf,OE,ecBridge,False,rxn00604_c;rxn00604_c_reverse,0.341092,-0.239452
cpd00119,CEY17_RS08095,hisG,OE,ecBridge+ecFSEOF,False,rxn00789_c,8.349917,4.520958
cpd00119,CEY17_RS01410,CEY17_RS01410,OE,ecBridge+ecFSEOF,False,rxn00260_c_reverse;rxn00260_c,0.50053,-0.004872
cpd00119,CEY17_RS08545,rpe,KD,ecFSEOF,True,rxn01116_c;rxn01116_c_reverse,0.046217,0.348752
cpd00119,CEY17_RS10005,thiO,OE,ecBridge+ecFSEOF,False,rxn00269_c,8.423158,4.652593
cpd00119,CEY17_RS08090,aspA,OE,ecBridge,False,rxn00347_c;rxn00347_c_reverse,0.393149,0.011925
cpd00119,CEY17_RS10320,CEY17_RS10320,OE,ecBridge+ecFSEOF,False,rxn02320_c_reverse;rxn02320_c,4.601808,2.530144
cpd00119,CEY17_RS04515,serC,OE,ecBridge+ecFSEOF,False,rxn02914_c_reverse;rxn02914_c,0.917466,0.367034
cpd00119,CEY17_RS04685,purH,OE,ecBridge+ecFSEOF,False,rxn00832_c_reverse;rxn03137_c_reverse;rxn00832_c;rxn03137_c,4.72146,2.414172
cpd00119,CEY17_RS03570,CEY17_RS03570,OE,ecBridge+ecFSEOF,False,rxn01211_c;rxn11749_c;rxn00907_c;rxn01211_c_reverse;rxn01368_c;rxn01800_c;rxn00907_c_reverse,5.047137,2.383905
cpd00119,CEY17_RS05590,glyA,OE,ecBridge+ecFSEOF,False,rxn00692_c;rxn00692_c_reverse,5.040829,2.282377
cpd00119,CEY17_RS05085,CEY17_RS05085,OE,ecBridge+ecFSEOF,False,rxn00770_c_reverse;rxn00770_c,0.20044,0.076253
cpd00119,CEY17_RS07800,gndA,OE,ecBridge,False,rxn01115_c,1.708044,-1.360209
cpd00119,CEY17_RS14910,CEY17_RS14910,OE,ecBridge,False,rxn00184a_c;rxn00184b_c,0.86012,0.135612
cpd00119,CEY17_RS11435,glcB,OE,ecFSEOF,False,rxn00330_c,0.6324,0.360575
cpd00119,CEY17_RS10725,CEY17_RS10725,OE,ecFSEOF,False,rxn00216_c_num1,1.816666,0.582266
cpd00119,CEY17_RS11630,ndk,OE,ecFSEOF,False,rxn01353_c_reverse;rxn01512_c_reverse;rxn00839_c;rxn02517_c;rxn01678_c_reverse;rxn00107_c;rxn01673_c_reverse;rxn00839_c_reverse;rxn00409_c;rxn00409_c_reverse;rxn01678_c;rxn01512_c;rxn00107_c_reverse;rxn00238_c_reverse;rxn00237_c_reverse;rxn01353_c;rxn00117_c;rxn01673_c;rxn00238_c;rxn00117_c_reverse;rxn02517_c_reverse;rxn00515_c;rxn00237_c,2.72082,1.025233
cpd00119,CEY17_RS10325,hisD,OE,ecFSEOF,False,rxn02159_c;rxn00863_c;rxn02159_c_reverse,11.098791,5.942459
cpd00119,CEY17_RS08100,CEY17_RS08100,OE,ecFSEOF,False,rxn02834_c,9.446483,5.091788
cpd00119,CEY17_RS10265,hisI,OE,ecFSEOF,False,rxn02835_c;rxn02835_c_reverse,0.920309,0.513474
cpd00119,CEY17_RS10315,hisB,OE,ecFSEOF,False,rxn02473_c,0.235546,0.131517
cpd00119,CEY17_RS04290,hisN,OE,ecFSEOF,False,rxn02160_c_num1,4.785297,2.629061
cpd00119,CEY17_RS12845,serB,OE,ecFSEOF,False,rxn00420_c,0.861054,0.344501
cpd00119,CEY17_RS02085,lpdA,KD,ecFSEOF,False,rxn00154_c;rxn01241_c_reverse;rxn01241_c;rxn08094_c,-0.734025,3.90194
cpd00119,CEY17_RS11015,aceE,KD,ecFSEOF,False,rxn00011_c;rxn02342_c_reverse;rxn00154_c;rxn02342_c,-0.827598,3.687737
cpd00119,CEY17_RS10830,sucB,KD,ecFSEOF,False,rxn01871_c;rxn00154_c;rxn01871_c_reverse;rxn08094_c,-0.734025,3.90194
cpd00119,CEY17_RS08485,tpiA,KD,ecFSEOF,False,rxn00747_c_reverse;rxn00747_c,-0.246994,1.650927
cpd00119,CEY17_RS14115,fbaA,KD,ecFSEOF,False,rxn00786_c_reverse;rxn00786_c,-1.304088,8.643279
cpd00119,CEY17_RS06790,CEY17_RS06790,KD,ecFSEOF,False,rxn02317_c;rxn00545_c;rxn02314_c_num3;rxn02315_c;rxn02316_c,-0.219932,1.495497
cpd00119,CEY17_RS08490,pgk,KD,ecFSEOF,False,rxn00181_c_reverse;rxn00181_c;rxn01100_c_reverse;rxn01100_c,-0.205482,1.659419
cpd00119,CEY17_RS08495,gap,KD,ecFSEOF,False,rxn00781_c;rxn00781_c_reverse,-4.62989,20.3716
cpd00119,CEY17_RS09165,ptsP,KD,ecFSEOF,False,rxn02005_c_num1;rxn05226_c;rxn05607_c;rxn05569_c;rxn05617_c;rxn05610_c;rxn05647_c;rxn05567_c;rxn05501_c;rxn10184_c;rxn05655_c;rxn05560_c,-1.368072,7.52525
cpd00119,CEY17_RS09185,CEY17_RS09185,KD,ecFSEOF,False,rxn05226_c;rxn05560_c,-1.368072,7.52525
cpd00119,CEY17_RS07320,CEY17_RS07320,KD,ecFSEOF,False,rxn05647_c;rxn05501_c;rxn05226_c,-1.368072,7.52525
cpd00119,CEY17_RS12665,CEY17_RS12665,KD,ecFSEOF,False,rxn08018_c_num1;rxn08017_c_num1;rxn05345_c_num1;rxn08019_c_num1;rxn08002_c_num1;rxn25647_c_num1;rxn05343_c_num1;rxn08766_c_reverse_num1;rxn05346_c_num1;rxn07998_c_num1;rxn05350_c_num1;rxn06023_c_num1;rxn07997_c_num1;rxn08000_c_num1;rxn08001_c_num1;rxn08018_c_reverse_num1;rxn05348_c_num1;rxn08766_c_num1;rxn08017_c_reverse_num1,-0.005978,0.173702
cpd00119,CEY17_RS10440,ilvA,KD,ecFSEOF,False,rxn00737_c,-0.020312,0.609607
cpd00119,CEY17_RS08110,metH,KD,ecFSEOF,False,rxn16206_c_num2;rxn00693_c_reverse_num2;rxn16206_c_reverse_num2;rxn03052_c_num2;rxn00693_c_num2;rxn11944_c_num2,-0.008033,0.235946
cpd00119,CEY17_RS03595,CEY17_RS03595,KD,ecFSEOF,False,rxn06078_c;rxn00952_c,-0.006308,0.183699
cpd00119,CEY17_RS14055,CEY17_RS14055,KD,ecFSEOF,False,rxn06197_c_reverse;rxn00225_c;rxn00985_c;rxn00225_c_reverse;rxn06197_c;rxn00985_c_reverse,0.3378,1.088289
cpd00119,CEY17_RS14060,pta,KD,ecFSEOF,False,rxn11892_c;rxn00173_c_reverse;rxn00670_c_reverse;rxn00173_c;rxn01701_c;rxn11892_c_reverse;rxn00670_c,0.259625,4.215055
cpd00119,CEY17_RS13390,CEY17_RS13390,KD,ecFSEOF,False,rxn10484_c_reverse;rxn10484_c,-0.004408,0.126202
cpd00119,CEY17_RS07905,CEY17_RS07905,KD,ecFSEOF,False,rxn05651_c_num1,-0.008588,0.252775
cpd00119,CEY17_RS03800,CEY17_RS03800,KD,ecFSEOF,False,rxn11571_c_num1;rxn05289_c_num2;rxn05910_c_num1;rxn05289_c_reverse_num2;rxn16213_c_num1,-0.004703,0.135133
cpd00119,CEY17_RS13050,murA,KD,ecFSEOF,False,rxn00461_c_reverse;rxn00461_c,-0.022912,0.689115
cpd00119,CEY17_RS08285,can,KD,ecFSEOF,False,rxn01388_c_reverse;rxn00974_c_reverse;rxn01388_c;rxn00974_c,-0.038748,1.17362
cpd00119,CEY17_RS10245,pyk,KD,ecFSEOF,False,rxn00148_c_num1,1.671418,3.959614
cpd00066,CEY17_RS01305,hisC,OE,ecBridge+ecFSEOF,False,rxn00527_c_reverse;rxn00493_c;rxn00527_c;rxn00493_c_reverse,1.523872,0.526994
cpd00066,CEY17_RS04105,aroA,OE,ecBridge+ecFSEOF,False,rxn02476_c,0.185414,0.065974
cpd00066,CEY17_RS10690,CEY17_RS10690,OE,ecBridge+ecFSEOF,False,rxn01332_c_num1,0.437307,0.155718
cpd00066,CEY17_RS08495,gap,OE,ecBridge,True,rxn00781_c_reverse;rxn00781_c,4.795543,-3.156236
cpd00066,CEY17_RS05085,CEY17_RS05085,KD,ecBridge,True,rxn00770_c;rxn00770_c_reverse,-0.009896,0.123546
cpd00066,CEY17_RS11145,glmS,KD,ecBridge,True,rxn00555_c;rxn00555_c_reverse,-0.014568,0.183381
cpd00066,CEY17_RS14115,fbaA,OE,ecBridge,True,rxn00786_c_reverse;rxn00786_c,1.685201,-0.751879
cpd00066,CEY17_RS08485,tpiA,OE,ecBridge,True,rxn00747_c;rxn00747_c_reverse,0.334866,-0.120139
cpd00066,CEY17_RS03595,CEY17_RS03595,KD,ecFSEOF,True,rxn06078_c;rxn00952_c,-0.010054,0.12316
cpd00066,CEY17_RS15760,CEY17_RS15760,KD,ecBridge,False,rxn00727_c,-0.018458,0.233264
cpd00066,CEY17_RS15755,CEY17_RS15755,KD,ecBridge,False,rxn00727_c,-0.018458,0.233264
cpd00066,CEY17_RS06790,CEY17_RS06790,KD,ecBridge,False,rxn02315_c;rxn02316_c;rxn02317_c;rxn02314_c_num3;rxn00545_c,-1.463395,0.531937
cpd00066,CEY17_RS08440,tal,OE,ecBridge+ecFSEOF,False,rxn01333_c_reverse;rxn01333_c,0.214543,0.035857
cpd00066,CEY17_RS08435,tkt,OE,ecBridge+ecFSEOF,False,rxn15228_c;rxn00785_c_reverse;rxn15228_c_reverse;rxn00785_c,1.998543,0.147441
cpd00066,CEY17_RS08445,zwf,OE,ecBridge+ecFSEOF,False,rxn00604_c_reverse;rxn00604_c,0.577874,-0.078864
cpd00066,CEY17_RS08450,CEY17_RS08450,OE,ecBridge+ecFSEOF,False,rxn00604_c_reverse;rxn00604_c,0.577874,-0.078864
cpd00066,CEY17_RS04635,pgi,OE,ecBridge,False,rxn00558_c_reverse;rxn00558_c,0.264196,-0.231958
cpd00066,CEY17_RS14775,pheA,OE,ecBridge+ecFSEOF,False,rxn01000_c,26.307272,8.337835
cpd00066,CEY17_RS04645,CEY17_RS04645,OE,ecBridge+ecFSEOF,False,rxn01256_c,14.200081,4.723806
cpd00066,CEY17_RS08705,CEY17_RS08705,OE,ecBridge+ecFSEOF,False,rxn01740r_c,0.433019,0.154193
cpd00066,CEY17_RS08670,CEY17_RS08670,OE,ecBridge+ecFSEOF,False,rxn01739_c,1.98395,0.700995
cpd00066,CEY17_RS10725,CEY17_RS10725,OE,ecFSEOF,False,rxn00216_c_num1,5.822835,1.827059
cpd00066,CEY17_RS01410,CEY17_RS01410,KD,ecFSEOF,True,rxn00260_c;rxn00260_c_reverse,0.526119,0.477381
cpd00066,CEY17_RS06330,CEY17_RS06330,OE,ecFSEOF,False,rxn05306_c;rxn05164_c_num1;rxn05306_c_reverse,1.512051,0.56622
cpd00066,CEY17_RS02395,aroQ,OE,ecFSEOF,False,rxn02213_c,1.461165,0.517785
cpd00066,CEY17_RS08675,aroC,OE,ecFSEOF,False,rxn01255_c,19.027775,6.118952
cpd00066,CEY17_RS08455,pgl,OE,ecFSEOF,False,rxn01476_c,0.487009,-0.066381
cpd00066,CEY17_RS07800,gndA,OE,ecFSEOF,False,rxn01115_c,3.177522,-3.984348
cpd00066,CEY17_RS07320,CEY17_RS07320,KD,ecFSEOF,False,rxn05226_c;rxn05647_c;rxn05501_c,-1.28605,3.388919
cpd00066,CEY17_RS09165,ptsP,KD,ecFSEOF,False,rxn05226_c;rxn05607_c;rxn05569_c;rxn05617_c;rxn05610_c;rxn05647_c;rxn05567_c;rxn05501_c;rxn10184_c;rxn05655_c;rxn05560_c;rxn02005_c_num1,-1.28605,3.388919
cpd00066,CEY17_RS09185,CEY17_RS09185,KD,ecFSEOF,False,rxn05226_c;rxn05560_c,-1.28605,3.388919
cpd00066,CEY17_RS13155,pstC,KD,ecFSEOF,False,rxn05145_c,-0.031053,0.395147
cpd00066,CEY17_RS13145,pstB,KD,ecFSEOF,False,rxn05145_c,-0.031053,0.395147
cpd00066,CEY17_RS13160,pstS,KD,ecFSEOF,False,rxn05145_c,-0.031053,0.395147
cpd00066,CEY17_RS13150,pstA,KD,ecFSEOF,False,rxn05145_c,-0.031053,0.395147
cpd00066,CEY17_RS12665,CEY17_RS12665,KD,ecFSEOF,False,rxn08017_c_num1;rxn05345_c_num1;rxn08019_c_num1;rxn08002_c_num1;rxn25647_c_num1;rxn05343_c_num1;rxn05346_c_num1;rxn07998_c_num1;rxn05350_c_num1;rxn06023_c_num1;rxn07997_c_num1;rxn08000_c_num1;rxn08018_c_reverse_num1;rxn05348_c_num1;rxn08766_c_num1;rxn08766_c_reverse_num1;rxn08001_c_num1;rxn08017_c_reverse_num1;rxn08018_c_num1,-0.009283,0.115696
cpd00066,CEY17_RS08110,metH,KD,ecFSEOF,False,rxn00693_c_num2;rxn11944_c_num2;rxn16206_c_num2;rxn00693_c_reverse_num2;rxn03052_c_num2;rxn16206_c_reverse_num2,-0.012769,0.157933
cpd00066,CEY17_RS14060,pta,KD,ecFSEOF,False,rxn00670_c_reverse;rxn01701_c;rxn00173_c;rxn11892_c_reverse;rxn11892_c;rxn00670_c;rxn00173_c_reverse,-0.404068,0.498481
cpd00066,CEY17_RS14055,CEY17_RS14055,KD,ecFSEOF,False,rxn00225_c_reverse;rxn06197_c;rxn00225_c;rxn00985_c_reverse;rxn00985_c;rxn06197_c_reverse,0.065325,0.625396
cpd00066,CEY17_RS14520,CEY17_RS14520,KD,ecFSEOF,False,rxn00191_c_reverse;rxn00191_c,-0.02556,0.324473
cpd00066,CEY17_RS07905,CEY17_RS07905,KD,ecFSEOF,False,rxn05651_c_num1,-0.013643,0.16913
cpd00066,CEY17_RS03780,CEY17_RS03780,KD,ecFSEOF,False,rxn00250_c,-0.069475,0.842689
cpd00066,CEY17_RS13050,murA,KD,ecFSEOF,False,rxn00461_c;rxn00461_c_reverse,-0.035951,0.458245
cpd00066,CEY17_RS10440,ilvA,KD,ecFSEOF,False,rxn00737_c,-0.031855,0.405475
cpd00066,CEY17_RS11015,aceE,KD,ecFSEOF,False,rxn00154_c;rxn02342_c;rxn02342_c_reverse;rxn00011_c,0.076753,2.797981
cpd00066,CEY17_RS02085,lpdA,KD,ecFSEOF,False,rxn00154_c;rxn08094_c;rxn01241_c;rxn01241_c_reverse,0.168504,2.936772
cpd00066,CEY17_RS10830,sucB,KD,ecFSEOF,False,rxn00154_c;rxn08094_c;rxn01871_c_reverse;rxn01871_c,0.168504,2.936772
cpd00066,CEY17_RS04520,CEY17_RS04520,KD,ecFSEOF,False,rxn00256_c,-0.019152,0.246185
cpd00066,CEY17_RS08285,can,KD,ecFSEOF,False,rxn01388_c;rxn01388_c_reverse;rxn00974_c_reverse;rxn00974_c,-0.060475,0.779492
cpd00066,CEY17_RS10245,pyk,KD,ecFSEOF,False,rxn00148_c_num1,1.606002,2.595885
