	reaction	equ	g0
rxn00001_c	rxn00001_c	cpd00001_c + cpd00012_c --> 2 cpd00009_c + cpd00067_c	
rxn00002_c	rxn00002_c	cpd00001_c + 3 cpd00067_c + cpd00742_c --> 2 cpd00011_c + 2 cpd00013_c	
rxn00006_c	rxn00006_c	2 cpd00025_c --> 2 cpd00001_c + cpd00007_c	
rxn00011_c	rxn00011_c	cpd00020_c + cpd00056_c + cpd00067_c --> cpd00011_c + cpd03049_c	
rxn00015_c	rxn00015_c	2 cpd00118_c --> cpd00013_c + cpd03802_c	
rxn00029_c	rxn00029_c	2 cpd00338_c --> 2 cpd00001_c + cpd00067_c + cpd00689_c	
rxn00048_c	rxn00048_c	cpd00067_c + 2 cpd02656_c --> cpd00220_c + cpd02882_c	
rxn00055_c	rxn00055_c	3 cpd00017_c --> 4 cpd00067_c + 3 cpd00147_c + cpd03158_c	
rxn00058_c_num1	rxn00058_c_num1	cpd00007_c + 4 cpd00067_c + 4 cpd00110_c --> 2 cpd00001_c + 4 cpd00109_c	
rxn00060_c	rxn00060_c	cpd00001_c + 4 cpd00689_c --> 4 cpd00013_c + cpd00755_c	
rxn00062_c	rxn00062_c	cpd00001_c + cpd00002_c --> cpd00008_c + cpd00009_c + cpd00067_c	
rxn00065_c	rxn00065_c	cpd00002_c --> cpd00012_c + cpd00067_c + cpd00446_c	
rxn00076_c	rxn00076_c	cpd00001_c + cpd00003_c --> cpd00018_c + 2 cpd00067_c + cpd00355_c	
rxn00077_c	rxn00077_c	cpd00002_c + cpd00003_c --> cpd00006_c + cpd00008_c + cpd00067_c	
rxn00085_c	rxn00085_c	cpd00006_c + 2 cpd00023_c --> cpd00005_c + cpd00024_c + cpd00053_c + cpd00067_c	
rxn00096_c	rxn00096_c	cpd00009_c + cpd00067_c + cpd00924_c --> cpd00002_c + cpd00008_c	
rxn00097_c	rxn00097_c	cpd00002_c + cpd00018_c + cpd00067_c --> 2 cpd00008_c	
rxn00100_c	rxn00100_c	cpd00002_c + cpd00655_c --> cpd00008_c + cpd00010_c + cpd00067_c	
rxn00101_c	rxn00101_c	cpd00001_c + 2 cpd00067_c + cpd00073_c --> cpd00011_c + 2 cpd00013_c	
rxn00102_c	rxn00102_c	cpd00067_c + cpd00242_c --> cpd00001_c + cpd00011_c	
rxn00105_c_num1	rxn00105_c_num1	cpd00002_c + cpd00355_c --> cpd00003_c + cpd00012_c	
rxn00107_c	rxn00107_c	cpd00002_c + cpd07923_c --> cpd00008_c + cpd07924_c	
rxn00113_c	rxn00113_c	cpd00001_c + 2 cpd00002_c + cpd00011_c + cpd00013_c --> 2 cpd00008_c + cpd00009_c + 3 cpd00067_c + cpd00146_c	
rxn00117_c	rxn00117_c	cpd00002_c + cpd00014_c --> cpd00008_c + cpd00062_c	
rxn00119_c_num1	rxn00119_c_num1	cpd00002_c + cpd00067_c + cpd00091_c --> cpd00008_c + cpd00014_c	
rxn00122_c	rxn00122_c	cpd00002_c + cpd00050_c --> cpd00012_c + cpd00015_c	
rxn00124_c	rxn00124_c	cpd00002_c + cpd00215_c --> cpd00008_c + cpd00016_c + cpd00067_c	
rxn00126_c	rxn00126_c	cpd00001_c + cpd00002_c + cpd00060_c --> cpd00009_c + cpd00012_c + cpd00017_c + cpd00067_c	
rxn00131_c	rxn00131_c	cpd00001_c + cpd00018_c --> cpd00101_c + cpd00128_c	
rxn00132_c	rxn00132_c	cpd00001_c + cpd00018_c --> cpd00009_c + cpd00182_c	
rxn00134_c	rxn00134_c	cpd00002_c + cpd00182_c --> cpd00008_c + cpd00018_c + cpd00067_c	
rxn00137_c	rxn00137_c	cpd00001_c + cpd00045_c --> cpd00009_c + cpd00018_c	
rxn00138_c	rxn00138_c	cpd00002_c + cpd00013_c + cpd00638_c --> cpd00003_c + cpd00012_c + cpd00018_c + 2 cpd00067_c	
rxn00139_c	rxn00139_c	cpd00103_c + cpd00128_c --> cpd00012_c + cpd00018_c + cpd00067_c	
rxn00141_c	rxn00141_c	cpd00001_c + cpd00019_c --> cpd00135_c + cpd00182_c	
rxn00143_c	rxn00143_c	cpd00001_c + cpd00019_c --> cpd00128_c + cpd02227_c	
rxn00147_c	rxn00147_c	cpd00001_c + cpd00002_c + cpd00020_c --> cpd00009_c + cpd00018_c + cpd00061_c + 3 cpd00067_c	
rxn00148_c_num1	rxn00148_c_num1	cpd00008_c + cpd00061_c + cpd00067_c --> cpd00002_c + cpd00020_c	
rxn00149_c	rxn00149_c	cpd00001_c + cpd00003_c + cpd00428_c --> cpd00004_c + cpd00020_c + 2 cpd00067_c	
rxn00154_c	rxn00154_c	cpd00003_c + cpd00010_c + cpd00020_c --> cpd00004_c + cpd00011_c + cpd00022_c	
rxn00161_c	rxn00161_c	cpd00006_c + cpd00130_c --> cpd00005_c + cpd00011_c + cpd00020_c	
rxn00162_c	rxn00162_c	cpd00032_c + cpd00067_c --> cpd00011_c + cpd00020_c	
rxn00165_c_num1	rxn00165_c_num1	cpd00054_c --> cpd00013_c + cpd00020_c	
rxn00173_c	rxn00173_c	cpd00009_c + cpd00022_c --> cpd00010_c + cpd00196_c	
rxn00178_c_num1	rxn00178_c_num1	2 cpd00022_c --> cpd00010_c + cpd00279_c	
rxn00179_c	rxn00179_c	cpd00002_c + cpd00023_c --> cpd00008_c + cpd02097_c	
rxn00181_c	rxn00181_c	cpd00002_c + cpd00023_c --> cpd00008_c + cpd03413_c	
rxn00184a_c	rxn00184a_c	cpd00005_c + cpd00013_c + cpd00024_c + cpd00067_c --> cpd00001_c + cpd00006_c + cpd00023_c	
rxn00184b_c	rxn00184b_c	cpd00001_c + cpd00006_c + cpd00023_c --> cpd00005_c + cpd00013_c + cpd00024_c + cpd00067_c	
rxn00186_c	rxn00186_c	2 cpd00001_c + cpd00002_c + cpd01293_c --> cpd00008_c + cpd00009_c + cpd00023_c + cpd00067_c	
rxn00187_c_num1	rxn00187_c_num1	cpd00002_c + cpd00013_c + cpd00023_c --> cpd00008_c + cpd00009_c + cpd00053_c + cpd00067_c	
rxn00189_c	rxn00189_c	cpd00001_c + cpd00053_c --> cpd00013_c + cpd00023_c	
rxn00191_c	rxn00191_c	cpd00024_c + cpd00035_c --> cpd00020_c + cpd00023_c	
rxn00192_c	rxn00192_c	cpd00022_c + cpd00023_c --> cpd00010_c + cpd00067_c + cpd00477_c	
rxn00193_c_num1	rxn00193_c_num1	cpd00023_c --> cpd00186_c	
rxn00196_c_num1	rxn00196_c_num1	cpd00001_c + cpd00006_c + cpd00340_c --> cpd00005_c + cpd00024_c + 2 cpd00067_c	
rxn00198_c	rxn00198_c	cpd00006_c + cpd00260_c --> cpd00005_c + cpd00011_c + cpd00024_c	
rxn00205_c	rxn00205_c	cpd00025_c + 2 cpd00042_c --> 2 cpd00001_c + cpd00111_c	
rxn00206_c	rxn00206_c	2 cpd00067_c + 2 cpd00532_c --> cpd00007_c + cpd00025_c	
rxn00211_c_num1	rxn00211_c_num1	cpd00001_c + 2 cpd00003_c + cpd00026_c --> 2 cpd00004_c + 3 cpd00067_c + cpd00144_c	
rxn00213_c_num1	rxn00213_c_num1	cpd00062_c + cpd00089_c --> cpd00012_c + cpd00026_c	
rxn00214_c_num1	rxn00214_c_num1	cpd00026_c --> cpd00043_c	
rxn00216_c_num1	rxn00216_c_num1	cpd00002_c + cpd00027_c --> cpd00008_c + cpd00067_c + cpd00079_c	
rxn00224_c	rxn00224_c	cpd00028_c + 2 cpd00067_c --> cpd01476_c + cpd10515_c	
rxn00225_c	rxn00225_c	cpd00002_c + cpd00029_c --> cpd00008_c + cpd00196_c	
rxn00229_c	rxn00229_c	cpd00007_c + cpd00159_c --> cpd00001_c + cpd00011_c + cpd00029_c	
rxn00231_c	rxn00231_c	cpd00001_c + cpd03734_c --> cpd00013_c + cpd00029_c	
rxn00237_c	rxn00237_c	cpd00002_c + cpd00031_c --> cpd00008_c + cpd00038_c	
rxn00238_c	rxn00238_c	cpd00002_c + cpd00354_c --> cpd00008_c + cpd00173_c	
rxn00239_c	rxn00239_c	cpd00002_c + cpd00067_c + cpd00126_c --> cpd00008_c + cpd00031_c	
rxn00241_c	rxn00241_c	cpd00001_c + cpd00038_c --> cpd00009_c + cpd00031_c + cpd00067_c	
rxn00242_c	rxn00242_c	cpd00001_c + cpd00905_c --> cpd00012_c + cpd00031_c	
rxn00247_c	rxn00247_c	cpd00002_c + cpd00032_c --> cpd00008_c + cpd00011_c + cpd00061_c	
rxn00248_c	rxn00248_c	cpd00003_c + cpd00130_c --> cpd00004_c + cpd00032_c + cpd00067_c	
rxn00250_c	rxn00250_c	cpd00002_c + cpd00020_c + cpd00242_c --> cpd00008_c + cpd00009_c + cpd00032_c + cpd00067_c	
rxn00251_c	rxn00251_c	cpd00001_c + cpd00011_c + cpd00061_c --> cpd00009_c + cpd00032_c + cpd00067_c	
rxn00256_c	rxn00256_c	cpd00001_c + cpd00022_c + cpd00032_c --> cpd00010_c + cpd00067_c + cpd00137_c	
rxn00260_c	rxn00260_c	cpd00024_c + cpd00041_c --> cpd00023_c + cpd00032_c	
rxn00269_c	rxn00269_c	cpd00001_c + cpd00007_c + cpd00033_c --> cpd00013_c + cpd00025_c + cpd00040_c	
rxn00283_c	rxn00283_c	cpd00035_c --> cpd00117_c	
rxn00288_c	rxn00288_c	cpd00015_c + cpd00036_c --> cpd00106_c + cpd00982_c	
rxn00289_c_num1	rxn00289_c_num1	cpd02799_c --> cpd00020_c + cpd00036_c	
rxn03061_c	rxn03061_c	cpd02799_c --> cpd00001_c + cpd02597_c	
rxn00290_c	rxn00290_c	cpd00078_c + cpd00142_c --> cpd00036_c + cpd00279_c	
rxn00292_c	rxn00292_c	cpd00001_c + cpd00037_c --> cpd00014_c + cpd00492_c	
rxn00293_c_num1	rxn00293_c_num1	cpd00062_c + cpd02611_c --> cpd00012_c + cpd00037_c	
rxn00295_c_num1	rxn00295_c_num1	cpd00037_c --> cpd00175_c	
rxn00297_c	rxn00297_c	cpd00037_c --> cpd00861_c	
rxn00299_c	rxn00299_c	cpd00001_c + cpd00038_c --> cpd00047_c + 2 cpd00067_c + cpd02978_c	
rxn00300_c	rxn00300_c	3 cpd00001_c + cpd00038_c --> cpd00012_c + cpd00047_c + 3 cpd00067_c + cpd00957_c	
rxn00302_c	rxn00302_c	cpd00001_c + cpd00038_c --> cpd00067_c + cpd03518_c	
rxn00303_c_num1	rxn00303_c_num1	cpd00002_c + cpd00038_c --> cpd00018_c + 2 cpd00067_c + cpd02740_c	
rxn00305_c	rxn00305_c	cpd00032_c + cpd00038_c --> cpd00011_c + cpd00031_c + cpd00061_c	
rxn00285_c	rxn00285_c	cpd00002_c + cpd00010_c + cpd00036_c --> cpd00008_c + cpd00009_c + cpd00078_c	
rxn00307_c	rxn00307_c	cpd00038_c --> cpd00012_c + cpd00067_c + cpd00697_c	
rxn00313_c	rxn00313_c	cpd00067_c + cpd00516_c --> cpd00011_c + cpd00039_c	
rxn00314_c	rxn00314_c	cpd00001_c + cpd00006_c + cpd02490_c --> cpd00005_c + cpd00020_c + cpd00039_c + cpd00067_c	
rxn00330_c	rxn00330_c	cpd00001_c + cpd00022_c + cpd00040_c --> cpd00010_c + cpd00067_c + cpd00130_c	
rxn00336_c	rxn00336_c	cpd00260_c --> cpd00036_c + cpd00040_c	
rxn00337_c	rxn00337_c	cpd00002_c + cpd00041_c --> cpd00008_c + cpd01977_c	
rxn00340_c	rxn00340_c	cpd00002_c + cpd00013_c + cpd00041_c --> cpd00012_c + cpd00018_c + 2 cpd00067_c + cpd00132_c	
rxn00342_c	rxn00342_c	cpd00001_c + cpd00132_c --> cpd00013_c + cpd00041_c	
rxn00346_c	rxn00346_c	cpd00041_c + cpd00067_c --> cpd00011_c + cpd00085_c	
rxn00347_c	rxn00347_c	cpd00041_c --> cpd00013_c + cpd00106_c	
rxn00350_c	rxn00350_c	cpd00001_c + cpd00042_c --> cpd00023_c + cpd01017_c	
rxn00360_c_num1	rxn00360_c_num1	cpd00001_c + cpd00044_c --> cpd00009_c + cpd00193_c	
rxn00363_c	rxn00363_c	cpd00001_c + cpd00046_c --> cpd00009_c + cpd00367_c	
rxn00364_c	rxn00364_c	cpd00002_c + cpd00046_c + cpd00067_c --> cpd00008_c + cpd00096_c	
rxn00371_c	rxn00371_c	cpd00003_c + cpd00047_c --> cpd00004_c + cpd00011_c	
rxn00374_c	rxn00374_c	cpd00001_c + cpd00378_c --> cpd00013_c + cpd00047_c	
rxn00376_c	rxn00376_c	cpd00001_c + cpd00769_c --> cpd00041_c + cpd00047_c	
rxn00379_c	rxn00379_c	cpd00002_c + cpd00048_c --> cpd00012_c + cpd00193_c	
rxn00390_c	rxn00390_c	cpd00001_c + cpd01759_c --> cpd00041_c + cpd00049_c	
rxn00391_c	rxn00391_c	cpd00001_c + cpd00050_c --> cpd00009_c + cpd00067_c + cpd00220_c	
rxn00392_c	rxn00392_c	cpd00002_c + cpd00220_c --> cpd00008_c + cpd00050_c	
rxn00409_c	rxn00409_c	cpd00002_c + cpd00096_c --> cpd00008_c + cpd00052_c	
rxn00410_c	rxn00410_c	cpd00002_c + cpd00013_c + cpd00062_c --> cpd00008_c + cpd00009_c + cpd00052_c + 2 cpd00067_c	
rxn00412_c	rxn00412_c	cpd00001_c + cpd00002_c + cpd00053_c + cpd00062_c --> cpd00008_c + cpd00009_c + cpd00023_c + cpd00052_c + 2 cpd00067_c	
rxn00414_c	rxn00414_c	cpd00001_c + 2 cpd00002_c + cpd00053_c + cpd00242_c --> 2 cpd00008_c + cpd00009_c + cpd00023_c + 2 cpd00067_c + cpd00146_c	
rxn00416_c	rxn00416_c	cpd00001_c + cpd00002_c + cpd00041_c + cpd00053_c --> cpd00012_c + cpd00018_c + cpd00023_c + 2 cpd00067_c + cpd00132_c	
rxn00420_c	rxn00420_c	cpd00001_c + cpd00738_c --> cpd00009_c + cpd00054_c	
rxn00423_c	rxn00423_c	cpd00022_c + cpd00054_c --> cpd00010_c + cpd00722_c	
rxn00427_c	rxn00427_c	cpd00025_c + cpd00116_c --> 2 cpd00001_c + cpd00055_c	
rxn00428_c	rxn00428_c	cpd00001_c + cpd01530_c --> cpd00055_c + 2 cpd00067_c + 2 cpd00099_c	
rxn00433_c	rxn00433_c	cpd00001_c + cpd00007_c + cpd00183_c --> cpd00025_c + cpd00033_c + cpd00055_c	
rxn00438_c	rxn00438_c	cpd00002_c + cpd00793_c --> cpd00008_c + cpd00056_c	
rxn00441_c	rxn00441_c	cpd00024_c + cpd00056_c + cpd00067_c --> cpd00011_c + cpd03189_c	
rxn00459_c	rxn00459_c	cpd00482_c --> cpd00001_c + cpd00061_c	
rxn00461_c	rxn00461_c	cpd00037_c + cpd00061_c --> cpd00009_c + cpd02820_c	
rxn00471_c	rxn00471_c	cpd00064_c --> cpd00013_c + cpd00129_c	
rxn00474_c	rxn00474_c	cpd00054_c + cpd00359_c --> cpd00001_c + cpd00065_c	
rxn00479_c	rxn00479_c	cpd00007_c + cpd00065_c --> cpd00001_c + cpd00011_c + cpd01747_c	
rxn00484_c	rxn00484_c	cpd00065_c + cpd00067_c --> cpd00011_c + cpd00318_c	
rxn00489_c	rxn00489_c	cpd00007_c + cpd00066_c --> cpd00001_c + cpd00011_c + cpd01647_c	
rxn00493_c	rxn00493_c	cpd00024_c + cpd00066_c --> cpd00023_c + cpd00143_c	
rxn00499_c_num1	rxn00499_c_num1	cpd00003_c + cpd00159_c --> cpd00004_c + cpd00020_c + cpd00067_c	
rxn00500_c_num1	rxn00500_c_num1	cpd00003_c + cpd00221_c --> cpd00004_c + cpd00020_c + cpd00067_c	
rxn00501_c_num1	rxn00501_c_num1	cpd00003_c + cpd00010_c + cpd00191_c --> cpd00004_c + cpd00011_c + cpd00022_c	
rxn00503_c	rxn00503_c	2 cpd00001_c + cpd00003_c + cpd02431_c --> cpd00004_c + cpd00023_c + cpd00067_c	
rxn00506_c	rxn00506_c	cpd00001_c + cpd00003_c + cpd00071_c --> cpd00004_c + cpd00029_c + 2 cpd00067_c	
rxn00508_c_num1	rxn00508_c_num1	cpd00001_c + cpd00003_c + cpd00199_c --> cpd00004_c + cpd00036_c + 2 cpd00067_c	
rxn00514_c	rxn00514_c	cpd00001_c + cpd00068_c --> cpd00012_c + 2 cpd00067_c + cpd00114_c	
rxn00515_c	rxn00515_c	cpd00002_c + cpd00090_c --> cpd00008_c + cpd00068_c	
rxn00527_c	rxn00527_c	cpd00024_c + cpd00069_c --> cpd00023_c + cpd00868_c	
rxn00529_c	rxn00529_c	cpd00067_c + cpd00069_c --> cpd00011_c + cpd00374_c	
rxn00533_c	rxn00533_c	cpd00002_c + cpd00022_c + cpd00242_c --> cpd00008_c + cpd00009_c + cpd00067_c + cpd00070_c	
rxn00539_c	rxn00539_c	cpd00162_c --> cpd00013_c + cpd00071_c	
rxn00543_c_num1	rxn00543_c_num1	cpd00003_c + cpd00363_c --> cpd00004_c + cpd00067_c + cpd00071_c	
rxn00545_c	rxn00545_c	cpd00002_c + cpd00072_c --> cpd00008_c + cpd00067_c + cpd00290_c	
rxn00549_c	rxn00549_c	cpd00001_c + cpd00290_c --> cpd00009_c + cpd00072_c	
rxn00550_c	rxn00550_c	cpd00001_c + cpd00503_c --> cpd00009_c + cpd00072_c	
rxn00552_c	rxn00552_c	cpd00001_c + cpd00288_c --> cpd00013_c + cpd00072_c	
rxn00555_c	rxn00555_c	cpd00053_c + cpd00072_c --> cpd00023_c + cpd00288_c	
rxn00558_c	rxn00558_c	cpd00079_c --> cpd00072_c	
rxn00559_c_num1	rxn00559_c_num1	cpd00235_c --> cpd00072_c	
rxn00566_c	rxn00566_c	cpd00001_c + cpd00084_c --> cpd00013_c + cpd00020_c + cpd00067_c + cpd00239_c	
rxn00584_c	rxn00584_c	cpd00003_c + cpd03762_c --> cpd00004_c + cpd00011_c + cpd00077_c	
rxn00586_c	rxn00586_c	cpd00005_c + cpd00007_c + cpd00067_c + cpd00127_c --> cpd00001_c + cpd00006_c + cpd00077_c	
rxn00587_c	rxn00587_c	cpd00007_c + cpd00077_c --> cpd00067_c + cpd00518_c	
rxn00588_c	rxn00588_c	cpd00007_c + cpd00077_c --> 2 cpd00067_c + cpd01630_c	
rxn00598_c	rxn00598_c	cpd00022_c + cpd00078_c --> cpd00010_c + cpd01507_c	
rxn00599_c	rxn00599_c	cpd00033_c + cpd00067_c + cpd00078_c --> cpd00010_c + cpd00011_c + cpd00338_c	
rxn00602_c	rxn00602_c	cpd00078_c --> cpd00891_c	
rxn00604_c	rxn00604_c	cpd00006_c + cpd00079_c --> cpd00005_c + cpd00067_c + cpd00911_c	
rxn00605_c	rxn00605_c	cpd00026_c + cpd00079_c --> cpd00014_c + cpd00523_c	
rxn00606_c	rxn00606_c	cpd00001_c + cpd00523_c --> cpd00027_c + cpd00079_c	
rxn00610_c	rxn00610_c	cpd00001_c + cpd00080_c --> cpd00009_c + cpd00100_c	
rxn00612_c_num1	rxn00612_c_num1	cpd00006_c + cpd00080_c --> cpd00005_c + cpd00067_c + cpd00095_c	
rxn00615_c	rxn00615_c	cpd00002_c + cpd00100_c --> cpd00008_c + cpd00067_c + cpd00080_c	
rxn00622_c_num1	rxn00622_c_num1	cpd00001_c + cpd02000_c --> cpd00057_c + cpd00067_c + cpd00080_c	
rxn00623_c	rxn00623_c	3 cpd00005_c + 3 cpd00067_c + cpd00081_c --> 3 cpd00001_c + 3 cpd00006_c + cpd00239_c	
rxn00629_c	rxn00629_c	cpd00003_c + cpd00314_c --> cpd00004_c + cpd00067_c + cpd00082_c	
rxn00641_c	rxn00641_c	cpd00038_c + cpd00485_c --> cpd00012_c + cpd00083_c	
rxn00642_c	rxn00642_c	cpd00083_c --> cpd00001_c + cpd00900_c	
rxn00646_c_num1	rxn00646_c_num1	cpd00002_c + cpd00023_c + cpd00084_c --> cpd00008_c + cpd00009_c + cpd00067_c + cpd00506_c	
rxn00647_c	rxn00647_c	cpd00024_c + cpd00084_c --> cpd00023_c + cpd00706_c	
rxn00649_c	rxn00649_c	cpd00239_c + cpd00722_c --> cpd00029_c + cpd00084_c	
rxn00650_c_num1	rxn00650_c_num1	cpd00001_c + cpd01017_c --> cpd00033_c + cpd00084_c	
rxn00653_c	rxn00653_c	cpd00004_c + 2 cpd00067_c + cpd00085_c --> cpd00001_c + cpd00003_c + cpd01504_c	
rxn00655_c	rxn00655_c	cpd00001_c + cpd00003_c + cpd01489_c --> cpd00004_c + cpd00020_c + cpd00067_c + cpd00085_c	
rxn00658_c	rxn00658_c	cpd00001_c + cpd00788_c --> cpd00029_c + cpd00085_c	
rxn00670_c	rxn00670_c	cpd00009_c + cpd00086_c --> cpd00010_c + cpd01844_c	
rxn00671_c_num1	rxn00671_c_num1	cpd00003_c + cpd00010_c + cpd00287_c --> cpd00004_c + cpd00011_c + cpd00086_c	
rxn00676_c	rxn00676_c	cpd00022_c + cpd00086_c --> cpd00010_c + cpd02124_c	
rxn00679_c_num1	rxn00679_c_num1	cpd00001_c + cpd00032_c + cpd00086_c --> cpd00010_c + cpd00067_c + cpd01501_c	
rxn00686_c	rxn00686_c	cpd00006_c + cpd00087_c --> cpd00005_c + cpd00067_c + cpd00330_c	
rxn00689_c	rxn00689_c	cpd00002_c + cpd00023_c + cpd00087_c --> cpd00008_c + cpd00009_c + cpd00067_c + cpd06227_c	
rxn00692_c	rxn00692_c	cpd00001_c + cpd00033_c + cpd00125_c --> cpd00054_c + cpd00087_c	
rxn00693_c_num1	rxn00693_c_num1	cpd00135_c + cpd00345_c --> cpd00060_c + cpd00087_c	
rxn00695_c	rxn00695_c	cpd00002_c + cpd00089_c --> cpd00012_c + cpd00387_c	
rxn00703_c	rxn00703_c	2 cpd00009_c + cpd00179_c --> cpd00001_c + 2 cpd00089_c	
rxn00704_c	rxn00704_c	cpd00079_c --> cpd00089_c	
rxn00707_c	rxn00707_c	cpd00068_c + cpd00367_c --> cpd00046_c + cpd00067_c + cpd00090_c	
rxn00708_c	rxn00708_c	cpd00001_c + cpd00091_c --> cpd00009_c + cpd00249_c	
rxn00710_c	rxn00710_c	cpd00067_c + cpd00810_c --> cpd00011_c + cpd00091_c	
rxn00711_c	rxn00711_c	cpd00092_c + cpd00103_c --> cpd00012_c + cpd00067_c + cpd00091_c	
rxn00717_c	rxn00717_c	cpd00001_c + cpd00067_c + cpd00307_c --> cpd00013_c + cpd00092_c	
rxn00721_c	rxn00721_c	cpd00002_c + cpd00093_c --> cpd00012_c + cpd00067_c + cpd02102_c	
rxn00727_c	rxn00727_c	cpd00053_c + cpd00216_c --> cpd00020_c + cpd00023_c + cpd00067_c + cpd00093_c	
rxn00730_c_num1	rxn00730_c_num1	cpd00070_c + cpd00093_c --> cpd00010_c + cpd02014_c	
rxn00735_c	rxn00735_c	cpd00004_c + cpd00011_c + cpd00094_c --> cpd00003_c + cpd03593_c	
rxn00737_c	rxn00737_c	cpd00161_c --> cpd00013_c + cpd00094_c	
rxn00741_c_num1	rxn00741_c_num1	cpd00003_c + cpd03561_c --> cpd00004_c + cpd00067_c + cpd00094_c	
rxn00743_c	rxn00743_c	cpd00001_c + cpd00095_c --> cpd00009_c + cpd00157_c	
rxn00747_c	rxn00747_c	cpd00102_c --> cpd00095_c	
rxn00758_c_num1	rxn00758_c_num1	cpd00001_c + cpd00507_c --> cpd00067_c + cpd00080_c + cpd00098_c	
rxn00770_c	rxn00770_c	cpd00002_c + cpd00101_c --> cpd00018_c + cpd00067_c + cpd00103_c	
rxn00772_c_num1	rxn00772_c_num1	cpd00002_c + cpd00105_c --> cpd00008_c + cpd00067_c + cpd00101_c	
rxn00775_c	rxn00775_c	cpd00001_c + cpd00251_c --> cpd00018_c + 2 cpd00067_c + cpd00101_c	
rxn00777_c	rxn00777_c	cpd00101_c --> cpd00171_c	
rxn00778_c	rxn00778_c	cpd00475_c --> cpd00101_c	
rxn00780_c_num1	rxn00780_c_num1	cpd00002_c + cpd00448_c --> cpd00008_c + cpd00067_c + cpd00102_c	
rxn00781_c	rxn00781_c	cpd00003_c + cpd00009_c + cpd00102_c --> cpd00004_c + cpd00067_c + cpd00203_c	
rxn00784_c	rxn00784_c	cpd00510_c --> cpd00071_c + cpd00102_c	
rxn00785_c	rxn00785_c	cpd00072_c + cpd00102_c --> cpd00198_c + cpd00236_c	
rxn00786_c	rxn00786_c	cpd00290_c --> cpd00095_c + cpd00102_c	
rxn00789_c	rxn00789_c	cpd00002_c + cpd00103_c --> cpd00012_c + cpd00067_c + cpd01775_c	
rxn00790_c	rxn00790_c	cpd00001_c + cpd00053_c + cpd00103_c --> cpd00012_c + cpd00023_c + cpd00067_c + cpd01982_c	
rxn00791_c	rxn00791_c	cpd00093_c + cpd00103_c --> cpd00012_c + cpd00067_c + cpd02642_c	
rxn00792_c	rxn00792_c	cpd00002_c + cpd00104_c --> cpd00012_c + cpd03517_c	
rxn00797_c	rxn00797_c	cpd00001_c + cpd00249_c --> cpd00092_c + cpd00105_c	
rxn00798_c	rxn00798_c	cpd00105_c --> cpd00258_c	
rxn00799_c	rxn00799_c	cpd00001_c + cpd00106_c --> cpd00130_c	
rxn00800_c	rxn00800_c	cpd02375_c --> cpd00018_c + cpd00106_c	
rxn00801_c	rxn00801_c	cpd00001_c + cpd01653_c --> cpd00020_c + cpd00067_c + cpd00106_c	
rxn00802_c	rxn00802_c	cpd02152_c --> cpd00051_c + cpd00106_c	
rxn00806_c	rxn00806_c	cpd00024_c + cpd00107_c --> cpd00023_c + cpd00200_c	
rxn00808_c	rxn00808_c	cpd00002_c + cpd00108_c --> cpd00008_c + cpd00067_c + cpd00348_c	
rxn00830_c	rxn00830_c	cpd00113_c --> cpd00202_c	
rxn00831_c	rxn00831_c	cpd00001_c + cpd00114_c --> cpd00009_c + cpd00246_c	
rxn00832_c	rxn00832_c	cpd00001_c + cpd00114_c --> cpd02884_c	
rxn00834_c	rxn00834_c	cpd00001_c + cpd00003_c + cpd00114_c --> cpd00004_c + cpd00067_c + cpd00497_c	
rxn00836_c	rxn00836_c	cpd00103_c + cpd00226_c --> cpd00012_c + cpd00067_c + cpd00114_c	
rxn00837_c	rxn00837_c	cpd00005_c + 2 cpd00067_c + cpd00126_c --> cpd00006_c + cpd00013_c + cpd00114_c	
rxn00838_c	rxn00838_c	cpd00038_c + cpd00041_c + cpd00114_c --> cpd00009_c + cpd00031_c + 2 cpd00067_c + cpd02375_c	
rxn00839_c	rxn00839_c	cpd00002_c + cpd00177_c --> cpd00008_c + cpd00115_c	
rxn00851_c	rxn00851_c	cpd00002_c + 2 cpd00117_c --> cpd00008_c + cpd00009_c + cpd00067_c + cpd00731_c	
rxn00856_c	rxn00856_c	cpd00024_c + cpd00118_c --> cpd00023_c + cpd00434_c	
rxn00863_c	rxn00863_c	cpd00001_c + cpd00003_c + cpd01324_c --> cpd00004_c + 2 cpd00067_c + cpd00119_c	
rxn00866_c	rxn00866_c	cpd00067_c + cpd00119_c --> cpd00011_c + cpd00312_c	
rxn00868_c	rxn00868_c	cpd00004_c + cpd00067_c + cpd00650_c --> cpd00003_c + cpd00120_c	
rxn00872_c	rxn00872_c	cpd00015_c + cpd00120_c --> cpd00650_c + cpd00982_c	
rxn00874_c_num1	rxn00874_c_num1	cpd00022_c + cpd00120_c --> cpd00010_c + cpd03123_c	
rxn00879_c_num1	rxn00879_c_num1	cpd00003_c + cpd00121_c --> cpd00004_c + cpd00067_c + cpd00524_c	
rxn00880_c	rxn00880_c	cpd00007_c + cpd00121_c --> cpd00001_c + cpd00067_c + cpd00164_c	
rxn00881_c	rxn00881_c	cpd00001_c + cpd00867_c --> cpd00009_c + cpd00121_c	
rxn00882_c	rxn00882_c	cpd00001_c + cpd02230_c --> cpd00009_c + cpd00121_c	
rxn00883_c	rxn00883_c	cpd00001_c + cpd02484_c --> cpd00009_c + cpd00121_c	
rxn00889_c	rxn00889_c	cpd00001_c + cpd00902_c --> cpd00067_c + cpd00080_c + cpd00121_c	
rxn00902_c	rxn00902_c	cpd00001_c + cpd00022_c + cpd00123_c --> cpd00010_c + cpd00067_c + cpd01646_c	
rxn00903_c	rxn00903_c	cpd00024_c + cpd00156_c --> cpd00023_c + cpd00123_c	
rxn00904_c	rxn00904_c	cpd00035_c + cpd00123_c --> cpd00020_c + cpd00156_c	
rxn00907_c	rxn00907_c	cpd00006_c + cpd00125_c --> cpd00005_c + cpd00347_c	
rxn00912_c	rxn00912_c	cpd00001_c + cpd00123_c + cpd00125_c --> cpd00087_c + cpd00712_c	
rxn00913_c	rxn00913_c	cpd00001_c + cpd00126_c --> cpd00009_c + cpd00311_c	
rxn00915_c_num1	rxn00915_c_num1	cpd00103_c + cpd00207_c --> cpd00012_c + cpd00067_c + cpd00126_c	
rxn00917_c	rxn00917_c	cpd00001_c + cpd00002_c + cpd00053_c + cpd00497_c --> cpd00012_c + cpd00018_c + cpd00023_c + 3 cpd00067_c + cpd00126_c	
rxn00920_c	rxn00920_c	cpd00001_c + cpd00697_c --> cpd00067_c + cpd00126_c	
rxn00927_c_num1	rxn00927_c_num1	cpd00001_c + cpd00182_c --> cpd00105_c + cpd00128_c	
rxn00931_c	rxn00931_c	cpd00005_c + 2 cpd00067_c + cpd02431_c --> cpd00006_c + cpd00129_c	
rxn00938_c	rxn00938_c	cpd00001_c + cpd00133_c --> cpd00013_c + cpd00218_c	
rxn00942_c	rxn00942_c	cpd00001_c + cpd02016_c --> cpd00067_c + cpd00105_c + cpd00133_c	
rxn00946_c	rxn00946_c	cpd00015_c + cpd00134_c --> cpd00982_c + cpd03126_c	
rxn00947_c_num1	rxn00947_c_num1	cpd00002_c + cpd00010_c + cpd00214_c --> cpd00012_c + cpd00018_c + cpd00067_c + cpd00134_c	
rxn00950_c	rxn00950_c	cpd00001_c + cpd00424_c --> cpd00013_c + cpd00020_c + cpd00135_c	
rxn00952_c	rxn00952_c	cpd00239_c + cpd00790_c --> cpd00029_c + cpd00135_c	
rxn00957_c	rxn00957_c	cpd00001_c + cpd00003_c + cpd00484_c --> cpd00004_c + 2 cpd00067_c + cpd00136_c	
rxn00958_c	rxn00958_c	cpd00001_c + cpd00006_c + cpd00484_c --> cpd00005_c + 2 cpd00067_c + cpd00136_c	
rxn00962_c	rxn00962_c	cpd00005_c + cpd00007_c + cpd00067_c + cpd00136_c --> cpd00001_c + cpd00006_c + cpd00197_c	
rxn00974_c	rxn00974_c	cpd00137_c --> cpd00001_c + cpd00331_c	
rxn00980_c	rxn00980_c	cpd00001_c + cpd00727_c --> cpd00009_c + cpd00139_c	
rxn00985_c	rxn00985_c	cpd00002_c + cpd00141_c --> cpd00008_c + cpd01844_c	
rxn00988_c_num1	rxn00988_c_num1	cpd00002_c + cpd00010_c + cpd00142_c --> cpd00012_c + cpd00018_c + cpd00067_c + cpd00279_c	
rxn00992_c	rxn00992_c	cpd00003_c + cpd00797_c --> cpd00004_c + cpd00067_c + cpd00142_c	
rxn00999_c	rxn00999_c	cpd00007_c + cpd00143_c --> cpd00011_c + cpd03480_c	
rxn01000_c	rxn01000_c	cpd00067_c + cpd00219_c --> cpd00001_c + cpd00011_c + cpd00143_c	
rxn01014_c	rxn01014_c	cpd00067_c + cpd00145_c --> cpd00011_c + cpd00229_c	
rxn01018_c	rxn01018_c	cpd00041_c + cpd00146_c --> cpd00009_c + cpd00067_c + cpd00343_c	
rxn01019_c	rxn01019_c	cpd00064_c + cpd00146_c --> cpd00009_c + cpd00067_c + cpd00274_c	
rxn01021_c	rxn01021_c	cpd00001_c + cpd00147_c --> cpd00128_c + cpd01981_c	
rxn01025_c	rxn01025_c	cpd00001_c + cpd00067_c + cpd01587_c --> cpd00013_c + cpd00151_c	
rxn01032_c	rxn01032_c	cpd00001_c + cpd00003_c + cpd00225_c --> cpd00004_c + 2 cpd00067_c + cpd00153_c	
rxn01034_c	rxn01034_c	cpd00001_c + cpd03713_c --> cpd00009_c + cpd00067_c + cpd00153_c	
rxn01053_c	rxn01053_c	cpd00001_c + cpd00003_c + cpd00334_c --> cpd00004_c + 2 cpd00067_c + cpd00159_c	
rxn01069_c	rxn01069_c	cpd00001_c + cpd00809_c --> cpd00009_c + cpd00161_c	
rxn01073_c_num1	rxn01073_c_num1	cpd00001_c + cpd00908_c --> cpd00067_c + cpd00080_c + cpd00162_c	
rxn01080_c	rxn01080_c	cpd00164_c --> cpd00672_c	
rxn01099_c	rxn01099_c	cpd00001_c + cpd00169_c --> cpd00009_c + cpd00223_c	
rxn01100_c	rxn01100_c	cpd00008_c + cpd00203_c --> cpd00002_c + cpd00169_c	
rxn01101_c	rxn01101_c	cpd00003_c + cpd00169_c --> cpd00004_c + cpd00067_c + cpd02069_c	
rxn01102_c_num1	rxn01102_c_num1	cpd00002_c + cpd00223_c --> cpd00008_c + cpd00067_c + cpd00169_c	
rxn01104_c	rxn01104_c	cpd00001_c + cpd00853_c --> cpd00009_c + cpd00169_c	
rxn01106_c	rxn01106_c	cpd00169_c --> cpd00482_c	
rxn01115_c	rxn01115_c	cpd00006_c + cpd00284_c --> cpd00005_c + cpd00011_c + cpd00171_c	
rxn01116_c	rxn01116_c	cpd00171_c --> cpd00198_c	
rxn01119_c	rxn01119_c	cpd00043_c + cpd00286_c --> cpd00091_c + cpd02745_c	
rxn01127_c	rxn01127_c	cpd00002_c + cpd00067_c + cpd00294_c --> cpd00008_c + cpd00177_c	
rxn01133_c	rxn01133_c	cpd00022_c + cpd00179_c --> cpd00010_c + cpd01441_c	
rxn01134_c	rxn01134_c	cpd00179_c --> cpd00794_c	
rxn01137_c	rxn01137_c	cpd00001_c + cpd00067_c + cpd00182_c --> cpd00013_c + cpd00246_c	
rxn01138_c	rxn01138_c	cpd00009_c + cpd00182_c --> cpd00128_c + cpd00475_c	
rxn01139_c	rxn01139_c	cpd00001_c + cpd00988_c --> cpd00009_c + cpd00182_c	
rxn01140_c	rxn01140_c	cpd00001_c + 2 cpd00067_c + cpd00768_c --> cpd00011_c + cpd00013_c + cpd00183_c	
rxn01145_c	rxn01145_c	cpd00001_c + cpd00298_c --> cpd00009_c + cpd00184_c	
rxn01146_c	rxn01146_c	cpd00009_c + cpd00184_c --> cpd00151_c + cpd00509_c	
rxn01153_c_num1	rxn01153_c_num1	cpd00001_c + cpd00610_c --> cpd00013_c + cpd00186_c	
rxn01157_c	rxn01157_c	cpd00186_c --> cpd00001_c + cpd01512_c	
rxn01176_c	rxn01176_c	cpd02721_c --> cpd00095_c + cpd00191_c	
rxn01182_c	rxn01182_c	cpd00002_c + cpd00010_c + cpd00604_c --> cpd00012_c + cpd00018_c + cpd00067_c + cpd00192_c	
rxn01184_c	rxn01184_c	cpd00002_c + cpd00193_c --> cpd00048_c + cpd00067_c + cpd00924_c	
rxn01188_c	rxn01188_c	cpd01716_c --> cpd00001_c + cpd00197_c	
rxn01192_c	rxn01192_c	cpd00007_c + cpd00197_c --> 2 cpd00067_c + cpd00856_c	
rxn01199_c	rxn01199_c	cpd00002_c + cpd00259_c --> cpd00008_c + cpd00067_c + cpd00198_c	
rxn01204_c	rxn01204_c	cpd00024_c + cpd00281_c --> cpd00023_c + cpd00199_c	
rxn01207_c	rxn01207_c	cpd00003_c + cpd00010_c + cpd00200_c --> cpd00004_c + cpd00011_c + cpd01882_c	
rxn01208_c	rxn01208_c	cpd00067_c + cpd02605_c --> cpd00011_c + cpd00200_c	
rxn01210_c	rxn01210_c	cpd00002_c + cpd00023_c + cpd00201_c --> cpd00008_c + cpd00009_c + cpd00067_c + cpd03524_c	
rxn01211_c	rxn01211_c	cpd00001_c + cpd00347_c --> cpd00067_c + cpd00201_c	
rxn01213_c_num1	rxn01213_c_num1	cpd00113_c + cpd00202_c --> cpd00012_c + cpd00067_c + cpd00283_c	
rxn01216_c_num1	rxn01216_c_num1	cpd00203_c --> cpd00067_c + cpd00853_c	
rxn01218_c	rxn01218_c	cpd00001_c + cpd00206_c --> cpd00009_c + cpd00654_c	
rxn01219_c	rxn01219_c	cpd00002_c + cpd00067_c + cpd00206_c --> cpd00008_c + cpd00533_c	
rxn01222_c	rxn01222_c	cpd00001_c + cpd00356_c --> cpd00012_c + 2 cpd00067_c + cpd00206_c	
rxn01226_c_num1	rxn01226_c_num1	cpd00001_c + cpd00311_c --> cpd00105_c + cpd00207_c	
rxn01233_c	rxn01233_c	cpd00024_c + cpd00210_c --> cpd00023_c + cpd00460_c	
rxn01241_c	rxn01241_c	cpd00003_c + cpd00449_c --> cpd00004_c + cpd00067_c + cpd00213_c	
rxn01243_c	rxn01243_c	cpd00024_c + cpd00067_c + cpd00213_c --> cpd00011_c + cpd00860_c	
rxn01255_c	rxn01255_c	cpd00932_c --> cpd00009_c + cpd00216_c	
rxn01256_c	rxn01256_c	cpd00216_c --> cpd00219_c	
rxn01257_c	rxn01257_c	cpd00053_c + cpd00216_c --> cpd00023_c + cpd08210_c	
rxn01258_c	rxn01258_c	cpd00216_c --> cpd00658_c	
rxn01265_c	rxn01265_c	cpd00012_c + cpd00873_c --> cpd00103_c + cpd00218_c	
rxn01268_c	rxn01268_c	cpd00003_c + cpd00219_c --> cpd00004_c + cpd00011_c + cpd00868_c	
rxn01273_c	rxn01273_c	cpd00001_c + cpd00003_c + cpd00693_c --> cpd00004_c + 2 cpd00067_c + cpd00221_c	
rxn01274_c_num1	rxn01274_c_num1	cpd00001_c + cpd02182_c --> cpd00042_c + cpd00067_c + cpd00221_c	
rxn01275_c	rxn01275_c	cpd00002_c + cpd00222_c --> cpd00008_c + cpd00067_c + cpd00284_c	
rxn01286_c	rxn01286_c	cpd00001_c + cpd00003_c + cpd00448_c --> cpd00004_c + 2 cpd00067_c + cpd00223_c	
rxn01293_c	rxn01293_c	cpd00003_c + cpd00435_c --> cpd00004_c + cpd00067_c + cpd00225_c	
rxn01299_c_num1	rxn01299_c_num1	cpd00001_c + cpd00246_c --> cpd00105_c + cpd00226_c	
rxn01300_c	rxn01300_c	cpd00002_c + cpd00227_c --> cpd00008_c + cpd00067_c + cpd00809_c	
rxn01302_c	rxn01302_c	cpd00006_c + cpd00227_c --> cpd00005_c + cpd00067_c + cpd00346_c	
rxn01303_c	rxn01303_c	cpd00022_c + cpd00227_c --> cpd00010_c + cpd00790_c	
rxn01322_c	rxn01322_c	cpd00232_c --> cpd00020_c + cpd00492_c	
rxn01329_c_num1	rxn01329_c_num1	cpd00235_c --> cpd00485_c	
rxn01332_c_num1	rxn01332_c_num1	cpd00001_c + cpd00061_c + cpd00236_c --> cpd00009_c + cpd02857_c	
rxn01333_c	rxn01333_c	cpd00102_c + cpd00238_c --> cpd00072_c + cpd00236_c	
rxn01345_c	rxn01345_c	cpd00001_c + cpd00349_c --> cpd00009_c + cpd00238_c	
rxn01351_c	rxn01351_c	cpd00001_c + cpd00241_c --> cpd00012_c + 2 cpd00067_c + cpd00296_c	
rxn01352_c	rxn01352_c	cpd00001_c + cpd00241_c --> cpd00067_c + cpd00277_c + cpd00421_c	
rxn01353_c	rxn01353_c	cpd00002_c + cpd00295_c --> cpd00008_c + cpd00241_c	
rxn01355_c	rxn01355_c	cpd00002_c + cpd00086_c + cpd00242_c --> cpd00008_c + cpd00009_c + cpd00067_c + cpd00519_c	
rxn01358_c	rxn01358_c	cpd00009_c + cpd00246_c --> cpd00226_c + cpd00475_c	
rxn01362_c_num1	rxn01362_c_num1	cpd00103_c + cpd00247_c --> cpd00012_c + cpd00067_c + cpd00810_c	
rxn01363_c	rxn01363_c	cpd00003_c + cpd00248_c --> cpd00004_c + cpd00067_c + cpd00699_c	
rxn01365_c	rxn01365_c	cpd00001_c + cpd00587_c --> cpd00013_c + cpd00020_c + cpd00067_c + cpd00239_c	
rxn01367_c	rxn01367_c	cpd00001_c + cpd00989_c --> cpd00009_c + cpd00249_c	
rxn01368_c	rxn01368_c	cpd00001_c + cpd00067_c + cpd00367_c --> cpd00013_c + cpd00249_c	
rxn01374_c	rxn01374_c	cpd00001_c + cpd00585_c --> cpd00250_c	
rxn01388_c	rxn01388_c	cpd00001_c + cpd00331_c --> cpd00260_c	
rxn01396_c	rxn01396_c	cpd00002_c + cpd00263_c --> cpd00008_c + cpd00067_c + cpd00478_c	
rxn01406_c	rxn01406_c	cpd00118_c + cpd00837_c --> cpd00067_c + cpd00147_c + cpd00264_c	
rxn01416_c_num1	rxn01416_c_num1	cpd00150_c + cpd00268_c --> cpd00067_c + cpd00081_c + cpd01211_c	
rxn01418_c	rxn01418_c	cpd00003_c + cpd00010_c + cpd00269_c --> cpd00004_c + cpd00011_c + cpd00413_c	
rxn01427_c	rxn01427_c	cpd00002_c + cpd00010_c + cpd00881_c --> cpd00012_c + cpd00018_c + cpd00067_c + cpd00270_c	
rxn01434_c	rxn01434_c	cpd00002_c + cpd00041_c + cpd00274_c --> cpd00012_c + cpd00018_c + 2 cpd00067_c + cpd02152_c	
rxn01445_c	rxn01445_c	cpd00001_c + cpd00296_c --> cpd00009_c + cpd00277_c	
rxn01446_c	rxn01446_c	cpd00009_c + cpd00277_c --> cpd00207_c + cpd00509_c	
rxn01451_c	rxn01451_c	cpd00003_c + cpd00842_c --> cpd00004_c + cpd00067_c + cpd00279_c	
rxn01462_c	rxn01462_c	cpd00001_c + cpd00762_c --> cpd00073_c + cpd00281_c	
rxn01465_c	rxn01465_c	cpd00001_c + cpd00282_c --> cpd00067_c + cpd00343_c	
rxn01466_c_num1	rxn01466_c_num1	cpd00113_c + cpd00283_c --> cpd00012_c + cpd00067_c + cpd00350_c	
rxn01476_c	rxn01476_c	cpd00001_c + cpd00911_c --> cpd00067_c + cpd00284_c	
rxn01479_c	rxn01479_c	cpd00052_c + cpd00285_c --> cpd00012_c + cpd00444_c	
rxn01484_c	rxn01484_c	cpd00001_c + cpd00293_c --> cpd00029_c + cpd00288_c	
rxn01485_c	rxn01485_c	cpd03671_c --> cpd00288_c	
rxn01486_c_num1	rxn01486_c_num1	cpd00113_c + cpd00350_c --> cpd00012_c + cpd00067_c + cpd00289_c	
rxn01489_c	rxn01489_c	2 cpd00289_c --> cpd00012_c + cpd00067_c + cpd02168_c	
rxn01492_c_num1	rxn01492_c_num1	cpd00002_c + cpd00802_c --> cpd00008_c + cpd00067_c + cpd00290_c	
rxn01499_c	rxn01499_c	cpd00067_c + cpd00291_c --> cpd00011_c + cpd02357_c	
rxn01506_c	rxn01506_c	cpd00293_c --> cpd02612_c	
rxn01507_c	rxn01507_c	cpd00001_c + cpd00294_c --> cpd00009_c + cpd00438_c	
rxn01508_c	rxn01508_c	cpd00002_c + cpd00438_c --> cpd00008_c + cpd00067_c + cpd00294_c	
rxn01509_c	rxn01509_c	cpd00002_c + cpd00067_c + cpd00296_c --> cpd00008_c + cpd00295_c	
rxn01512_c	rxn01512_c	cpd00002_c + cpd00297_c --> cpd00008_c + cpd00357_c	
rxn01513_c	rxn01513_c	cpd00002_c + cpd00067_c + cpd00298_c --> cpd00008_c + cpd00297_c	
rxn01517_c_num1	rxn01517_c_num1	cpd00002_c + cpd00067_c + cpd00299_c --> cpd00008_c + cpd00978_c	
rxn01519_c_num1	rxn01519_c_num1	cpd00001_c + cpd00358_c --> cpd00012_c + 2 cpd00067_c + cpd00299_c	
rxn01520_c	rxn01520_c	cpd00125_c + cpd00299_c --> cpd00298_c + cpd00330_c	
rxn01521_c	rxn01521_c	cpd00001_c + cpd00299_c --> cpd00009_c + cpd00412_c	
rxn01530_c_num1	rxn01530_c_num1	cpd00003_c + cpd00365_c --> cpd00004_c + cpd00067_c + cpd00304_c	
rxn01537_c	rxn01537_c	cpd00001_c + cpd00305_c --> cpd00939_c + cpd02636_c	
rxn01539_c_num1	rxn01539_c_num1	cpd00009_c + cpd00067_c + cpd00305_c --> cpd00001_c + cpd00793_c	
rxn01544_c_num1	rxn01544_c_num1	cpd00103_c + cpd00309_c --> cpd00012_c + cpd00067_c + cpd00497_c	
rxn01545_c_num1	rxn01545_c_num1	cpd00001_c + cpd01217_c --> cpd00105_c + cpd00309_c	
rxn01547_c	rxn01547_c	cpd00001_c + cpd00067_c + cpd00311_c --> cpd00013_c + cpd01217_c	
rxn01548_c	rxn01548_c	cpd00009_c + cpd00311_c --> cpd00207_c + cpd00475_c	
rxn01549_c	rxn01549_c	cpd00001_c + cpd03701_c --> cpd00009_c + cpd00311_c	
rxn01555_c	rxn01555_c	cpd00007_c + cpd00067_c + cpd00313_c --> cpd00204_c + cpd02754_c	
rxn01575_c	rxn01575_c	cpd00024_c + cpd00322_c --> cpd00023_c + cpd00508_c	
rxn01588_c	rxn01588_c	cpd00005_c + cpd00067_c + cpd00325_c --> cpd00006_c + cpd03260_c	
rxn01602_c	rxn01602_c	cpd00006_c + cpd00330_c --> cpd00005_c + cpd00067_c + cpd00393_c	
rxn01603_c	rxn01603_c	cpd00002_c + cpd00023_c + cpd00683_c --> cpd00008_c + cpd00009_c + cpd00067_c + cpd00330_c	
rxn01608_c	rxn01608_c	cpd00004_c + cpd00067_c + cpd00574_c --> cpd00003_c + cpd00332_c	
rxn01611_c	rxn01611_c	cpd00005_c + cpd00007_c + cpd00067_c + cpd00333_c --> cpd00001_c + cpd00006_c + cpd00604_c	
rxn01634_c	rxn01634_c	cpd00067_c + cpd00515_c --> cpd00001_c + cpd00011_c + cpd00340_c	
rxn01635_c	rxn01635_c	cpd00013_c + cpd00340_c --> cpd00001_c + cpd00067_c + cpd02626_c	
rxn01636_c	rxn01636_c	cpd00023_c + cpd00342_c --> cpd00064_c + cpd00477_c	
rxn01637_c_num1	rxn01637_c_num1	cpd00024_c + cpd00342_c --> cpd00023_c + cpd00918_c	
rxn01641_c	rxn01641_c	cpd00023_c + cpd00502_c --> cpd00087_c + cpd00344_c	
rxn01643_c	rxn01643_c	cpd00005_c + cpd00067_c + cpd01977_c --> cpd00006_c + cpd00009_c + cpd00346_c	
rxn01644_c	rxn01644_c	cpd00020_c + cpd00346_c --> 2 cpd00001_c + cpd00067_c + cpd02120_c	
rxn01646_c	rxn01646_c	cpd00009_c + cpd02016_c --> cpd00067_c + cpd00133_c + cpd00475_c	
rxn01647_c	rxn01647_c	cpd00009_c + cpd03471_c --> cpd00067_c + cpd00218_c + cpd00475_c	
rxn01649_c	rxn01649_c	cpd00009_c + cpd01217_c --> cpd00309_c + cpd00475_c	
rxn01652_c	rxn01652_c	cpd00001_c + cpd00347_c --> cpd00067_c + cpd02197_c	
rxn01653_c	rxn01653_c	cpd00002_c + cpd02197_c --> cpd00008_c + cpd00009_c + cpd00347_c	
rxn01669_c	rxn01669_c	cpd00001_c + cpd00355_c --> cpd00013_c + cpd00873_c	
rxn01670_c	rxn01670_c	cpd00001_c + cpd00355_c --> cpd00009_c + cpd02016_c	
rxn01671_c	rxn01671_c	cpd00002_c + cpd02016_c --> cpd00008_c + cpd00067_c + cpd00355_c	
rxn01672_c	rxn01672_c	cpd00001_c + cpd00067_c + cpd00356_c --> cpd00013_c + cpd00358_c	
rxn01673_c	rxn01673_c	cpd00002_c + cpd00533_c --> cpd00008_c + cpd00356_c	
rxn01675_c	rxn01675_c	cpd00089_c + cpd00357_c --> cpd00012_c + cpd00626_c	
rxn01678_c	rxn01678_c	cpd00002_c + cpd00978_c --> cpd00008_c + cpd00358_c	
rxn01682_c	rxn01682_c	cpd02210_c --> cpd00102_c + cpd00359_c	
rxn01683_c	rxn01683_c	cpd00001_c + cpd01197_c --> cpd00105_c + cpd00360_c	
rxn01684_c	rxn01684_c	cpd00009_c + cpd01197_c --> cpd00360_c + cpd00475_c	
rxn01701_c	rxn01701_c	cpd00134_c + cpd00365_c --> cpd00010_c + cpd01691_c	
rxn01704_c	rxn01704_c	cpd00001_c + cpd03454_c --> cpd00009_c + cpd00367_c	
rxn01729_c_num1	rxn01729_c_num1	cpd00001_c + cpd00003_c + cpd02089_c --> cpd00004_c + 2 cpd00067_c + cpd00379_c	
rxn01731_c	rxn01731_c	cpd00002_c + cpd00010_c + cpd00380_c --> cpd00008_c + cpd00009_c + cpd00416_c	
rxn01739_c	rxn01739_c	cpd00002_c + cpd00383_c --> cpd00008_c + cpd00067_c + cpd02030_c	
rxn01740_c	rxn01740_c	cpd00006_c + cpd00383_c --> cpd00005_c + cpd00067_c + cpd01716_c	
rxn01740r_c	rxn01740r_c	cpd00005_c + cpd00067_c + cpd01716_c --> cpd00006_c + cpd00383_c	
rxn01754_c	rxn01754_c	cpd00002_c + cpd00392_c --> cpd00008_c + cpd00067_c + cpd02203_c	
rxn01790_c	rxn01790_c	cpd00006_c + cpd00408_c --> cpd00005_c + cpd00067_c + cpd00712_c	
rxn01791_c	rxn01791_c	cpd00002_c + cpd00085_c + cpd00408_c --> cpd00012_c + cpd00018_c + 2 cpd00067_c + cpd00644_c	
rxn01799_c	rxn01799_c	cpd00009_c + cpd00412_c --> cpd00092_c + cpd00509_c	
rxn01800_c	rxn01800_c	cpd00001_c + cpd00067_c + cpd00654_c --> cpd00013_c + cpd00412_c	
rxn01802_c	rxn01802_c	cpd00015_c + cpd00067_c + cpd00413_c --> cpd00011_c + cpd00650_c + cpd00982_c	
rxn01806_c_num1	rxn01806_c_num1	cpd00004_c + cpd00067_c + 2 cpd00418_c --> cpd00001_c + cpd00003_c + cpd00659_c	
rxn01807_c	rxn01807_c	cpd00002_c + cpd00419_c --> cpd00008_c + cpd00067_c + cpd00493_c	
rxn01843_c	rxn01843_c	cpd00001_c + cpd00067_c + cpd01647_c --> cpd00013_c + cpd00430_c	
rxn01851_c	rxn01851_c	cpd00001_c + cpd00003_c + cpd00434_c --> cpd00004_c + 2 cpd00067_c + cpd00281_c	
rxn01858_c	rxn01858_c	cpd00001_c + cpd00067_c + cpd00438_c --> cpd00013_c + cpd03279_c	
rxn01859_c	rxn01859_c	cpd00009_c + cpd00438_c --> cpd00128_c + cpd00509_c	
rxn01871_c	rxn01871_c	cpd00022_c + cpd00449_c --> cpd00010_c + cpd00836_c	
rxn01884_c	rxn01884_c	cpd00004_c + cpd00007_c + cpd00067_c + cpd00456_c --> cpd00001_c + cpd00003_c + cpd00479_c	
rxn01900_c	rxn01900_c	cpd00006_c + cpd01983_c --> cpd00005_c + cpd00067_c + cpd00463_c	
rxn01917_c	rxn01917_c	cpd00002_c + cpd00477_c --> cpd00008_c + cpd02552_c	
rxn01919_c	rxn01919_c	cpd00007_c + cpd00479_c --> cpd00067_c + cpd01466_c	
rxn01923_c	rxn01923_c	cpd00007_c + 2 cpd00481_c --> 2 cpd00001_c + 2 cpd02187_c	
rxn01937_c_num1	rxn01937_c_num1	cpd00001_c + cpd00003_c + cpd00486_c --> cpd00004_c + 2 cpd00067_c + cpd00703_c	
rxn01948_c	rxn01948_c	cpd00067_c + cpd00490_c --> cpd00011_c + cpd00579_c	
rxn01951_c	rxn01951_c	cpd00002_c + cpd00492_c --> cpd00008_c + cpd00067_c + cpd02612_c	
rxn01953_c	rxn01953_c	cpd00001_c + cpd00861_c --> cpd00014_c + cpd00492_c	
rxn01961_c	rxn01961_c	cpd00001_c + cpd00497_c --> cpd00009_c + cpd01217_c	
rxn01962_c	rxn01962_c	cpd00001_c + cpd00530_c --> cpd00012_c + 2 cpd00067_c + cpd00497_c	
rxn01973_c	rxn01973_c	cpd00001_c + cpd02698_c --> cpd00036_c + cpd00504_c	
rxn01974_c	rxn01974_c	cpd00504_c --> cpd00516_c	
rxn01985_c	rxn01985_c	cpd00009_c + cpd03279_c --> cpd00226_c + cpd00509_c	
rxn01986_c	rxn01986_c	cpd00509_c --> cpd00510_c	
rxn01987_c_num1	rxn01987_c_num1	cpd00008_c + cpd00067_c + cpd00510_c --> cpd00002_c + cpd01242_c	
rxn01995_c	rxn01995_c	cpd00001_c + cpd00519_c --> cpd00010_c + cpd00067_c + cpd01468_c	
rxn01996_c	rxn01996_c	cpd00891_c --> cpd00519_c	
rxn01997_c	rxn01997_c	cpd00626_c --> cpd00001_c + cpd00521_c	
rxn02003_c	rxn02003_c	cpd00006_c + cpd02113_c --> cpd00005_c + cpd00067_c + cpd00522_c	
rxn02004_c	rxn02004_c	cpd00001_c + cpd00523_c --> cpd00009_c + cpd00794_c	
rxn02005_c_num1	rxn02005_c_num1	cpd00061_c + cpd00794_e --> cpd00020_c + cpd00523_c	
rxn02007_c	rxn02007_c	cpd00524_c --> cpd00001_c + cpd02631_c	
rxn02008_c	rxn02008_c	cpd00002_c + cpd00186_c + cpd00890_c --> cpd00008_c + cpd00009_c + cpd00067_c + cpd00525_c	
rxn02009_c	rxn02009_c	cpd00002_c + cpd00039_c + cpd00525_c --> cpd00008_c + cpd00009_c + cpd00067_c + cpd02861_c	
rxn02015_c	rxn02015_c	cpd00001_c + cpd03047_c --> cpd00210_c + cpd00526_c	
rxn02021_c	rxn02021_c	cpd00005_c + cpd00531_c --> cpd00006_c + cpd00067_c + cpd00965_c	
rxn02039_c	rxn02039_c	cpd00006_c + cpd03252_c --> cpd00005_c + cpd00067_c + cpd00546_c	
rxn02056_c	rxn02056_c	cpd03426_c + cpd10515_c --> 2 cpd00067_c + cpd00557_c	
rxn02066_c	rxn02066_c	cpd00003_c + cpd00562_c --> cpd00004_c + cpd00067_c + cpd01088_c	
rxn02070_c	rxn02070_c	cpd00006_c + cpd03250_c --> cpd00005_c + cpd00067_c + cpd00566_c	
rxn02090_c	rxn02090_c	cpd00001_c + cpd00067_c + cpd00585_c --> cpd00013_c + cpd01679_c	
rxn02106_c_num1	rxn02106_c_num1	cpd00001_c + cpd00003_c + cpd03562_c --> cpd00004_c + 2 cpd00067_c + cpd00598_c	
rxn02107_c	rxn02107_c	cpd00001_c + cpd00003_c + cpd03709_c --> cpd00004_c + 2 cpd00067_c + cpd00599_c	
rxn02122_c_num1	rxn02122_c_num1	2 cpd00001_c + cpd00003_c + cpd01735_c --> cpd00004_c + 3 cpd00067_c + cpd00609_c	
rxn02128_c	rxn02128_c	cpd00002_c + cpd00620_c --> cpd00008_c + cpd00067_c + cpd00834_c	
rxn02141_c	rxn02141_c	cpd00004_c + cpd00067_c + cpd01498_c --> cpd00003_c + cpd00630_c	
rxn02143_c	rxn02143_c	cpd00078_c + cpd00630_c --> cpd00036_c + cpd01507_c	
rxn02144_c	rxn02144_c	cpd00001_c + cpd02255_c --> cpd00067_c + cpd00630_c	
rxn02154_c	rxn02154_c	cpd00001_c + cpd00638_c --> cpd00018_c + 2 cpd00067_c + cpd00873_c	
rxn02155_c_num1	rxn02155_c_num1	cpd00002_c + cpd00873_c --> cpd00012_c + cpd00638_c	
rxn02159_c	rxn02159_c	cpd00003_c + cpd00641_c --> cpd00004_c + cpd00067_c + cpd01324_c	
rxn02160_c_num1	rxn02160_c_num1	cpd00001_c + cpd00807_c --> cpd00009_c + cpd00641_c	
rxn02166_c	rxn02166_c	cpd00001_c + cpd02135_c --> cpd00009_c + cpd00646_c	
rxn02167_c	rxn02167_c	cpd00842_c --> cpd00001_c + cpd00650_c	
rxn02169_c	rxn02169_c	cpd00067_c + cpd01599_c --> cpd00011_c + cpd00650_c	
rxn02175_c	rxn02175_c	cpd00002_c + cpd00834_c --> cpd00012_c + cpd00655_c	
rxn02199_c	rxn02199_c	cpd00022_c + cpd00680_c --> cpd00010_c + cpd02267_c	
rxn02200_c	rxn02200_c	cpd00443_c + cpd00954_c --> cpd00001_c + cpd00683_c	
rxn02201_c	rxn02201_c	cpd00443_c + cpd02920_c --> cpd00012_c + cpd00683_c	
rxn02212_c	rxn02212_c	cpd02857_c --> cpd00009_c + cpd00699_c	
rxn02213_c	rxn02213_c	cpd00699_c --> cpd00001_c + cpd01716_c	
rxn02222_c	rxn02222_c	cpd00001_c + cpd01747_c --> cpd00013_c + cpd00703_c	
rxn02228_c_num1	rxn02228_c_num1	cpd00003_c + cpd03455_c --> cpd00004_c + cpd00067_c + cpd00706_c	
rxn02229_c	rxn02229_c	cpd00081_c + cpd00706_c --> cpd00020_c + cpd00268_c	
rxn02230_c	rxn02230_c	cpd00150_c + cpd00706_c --> cpd00020_c + cpd00067_c + cpd01211_c	
rxn02246_c	rxn02246_c	cpd00268_c + cpd00722_c --> cpd00029_c + cpd00067_c + cpd03456_c	
rxn02258_c_num1	rxn02258_c_num1	cpd00078_c + cpd01701_c --> cpd00036_c + cpd00743_c	
rxn02262_c_num1	rxn02262_c_num1	cpd00002_c + cpd00751_c --> cpd00008_c + cpd00067_c + cpd01912_c	
rxn02264_c_num1	rxn02264_c_num1	cpd00755_c --> cpd00001_c + cpd00774_c	
rxn02268_c	rxn02268_c	cpd00007_c + 2 cpd00760_c --> 2 cpd00001_c + 2 cpd02125_c	
rxn02275_c	rxn02275_c	cpd00001_c + cpd01973_c --> cpd00013_c + cpd00762_c	
rxn02277_c	rxn02277_c	cpd00002_c + cpd00011_c + cpd00764_c --> cpd00008_c + cpd00009_c + 3 cpd00067_c + cpd01311_c	
rxn02281_c	rxn02281_c	2 cpd00001_c + cpd00002_c + cpd01679_c --> cpd00008_c + cpd00009_c + 2 cpd00067_c + cpd00768_c	
rxn02283_c	rxn02283_c	cpd00023_c + cpd02197_c --> cpd00067_c + cpd00087_c + cpd00770_c	
rxn02285_c	rxn02285_c	cpd00005_c + cpd00067_c + cpd02820_c --> cpd00006_c + cpd00773_c	
rxn02286_c	rxn02286_c	cpd00002_c + cpd00035_c + cpd00773_c --> cpd00008_c + cpd00009_c + cpd00067_c + cpd00890_c	
rxn02287_c	rxn02287_c	2 cpd00017_c + cpd00774_c --> 2 cpd00019_c + cpd00067_c + cpd01620_c	
rxn02288_c	rxn02288_c	4 cpd00067_c + cpd00774_c --> 4 cpd00011_c + cpd02083_c	
rxn02302_c	rxn02302_c	cpd00084_c + cpd00790_c --> cpd00029_c + cpd00067_c + cpd00424_c	
rxn02303_c	rxn02303_c	2 cpd00001_c + 2 cpd00011_c + cpd00791_c --> cpd00007_c + 2 cpd00067_c + cpd02083_c	
rxn02304_c	rxn02304_c	6 cpd00001_c + 2 cpd01476_c --> 3 cpd00007_c + 2 cpd00791_c	
rxn02305_c	rxn02305_c	cpd00067_c + cpd02654_c + cpd02894_c --> cpd00012_c + cpd00793_c	
rxn02312_c	rxn02312_c	cpd00017_c + cpd00800_c --> cpd00764_c + cpd02701_c	
rxn02314_c_num1	rxn02314_c_num1	cpd00002_c + cpd00805_c --> cpd00008_c + cpd00067_c + cpd02371_c	
rxn02315_c	rxn02315_c	cpd00052_c + cpd00805_c --> cpd00067_c + cpd00096_c + cpd02371_c	
rxn02316_c	rxn02316_c	cpd00062_c + cpd00805_c --> cpd00014_c + cpd00067_c + cpd02371_c	
rxn02317_c	rxn02317_c	cpd00068_c + cpd00805_c --> cpd00067_c + cpd00090_c + cpd02371_c	
rxn02320_c	rxn02320_c	cpd00024_c + cpd00807_c --> cpd00023_c + cpd00930_c	
rxn02341_c	rxn02341_c	cpd00067_c + cpd02666_c --> cpd00011_c + cpd00834_c	
rxn02342_c	rxn02342_c	cpd00213_c + cpd03049_c --> cpd00056_c + cpd00836_c	
rxn02350_c_num1	rxn02350_c_num1	cpd00001_c + cpd00003_c + cpd00845_c --> cpd00004_c + 2 cpd00067_c + cpd00870_c	
rxn02362_c	rxn02362_c	cpd00002_c + cpd00067_c + cpd00853_c --> cpd00008_c + cpd00009_c + cpd03699_c	
rxn02369_c	rxn02369_c	cpd00938_c --> cpd00067_c + cpd00856_c	
rxn02373_c	rxn02373_c	cpd00005_c + cpd00067_c + cpd02097_c --> cpd00006_c + cpd00009_c + cpd00858_c	
rxn02374_c	rxn02374_c	cpd00858_c --> cpd00001_c + cpd00067_c + cpd02431_c	
rxn02376_c	rxn02376_c	cpd00213_c + cpd03189_c --> cpd00056_c + cpd00860_c	
rxn02377_c	rxn02377_c	cpd00001_c + 2 cpd00003_c + cpd00861_c --> 2 cpd00004_c + 3 cpd00067_c + cpd03732_c	
rxn02400_c	rxn02400_c	cpd00001_c + cpd00873_c --> cpd00009_c + cpd03471_c	
rxn02402_c	rxn02402_c	cpd00067_c + cpd00103_c + cpd02333_c --> cpd00011_c + cpd00012_c + cpd00873_c	
rxn02405_c	rxn02405_c	cpd00052_c + cpd00875_c --> cpd00012_c + cpd00067_c + cpd02546_c	
rxn02418_c_num1	rxn02418_c_num1	cpd00001_c + cpd00885_c --> cpd00009_c + cpd02788_c	
rxn02421_c	rxn02421_c	cpd00052_c + cpd00888_c --> cpd00012_c + cpd02200_c	
rxn02449_c_num1	rxn02449_c_num1	cpd00001_c + cpd02740_c --> cpd00009_c + cpd00067_c + cpd00905_c	
rxn02465_c	rxn02465_c	cpd00005_c + cpd00067_c + cpd02552_c --> cpd00006_c + cpd00009_c + cpd00918_c	
rxn02473_c	rxn02473_c	cpd02843_c --> cpd00001_c + cpd00930_c	
rxn02474_c	rxn02474_c	cpd00006_c + cpd02720_c --> cpd00005_c + cpd00067_c + cpd00931_c	
rxn02475_c	rxn02475_c	cpd00001_c + cpd00067_c + cpd00957_c --> cpd00013_c + cpd00931_c	
rxn02476_c	rxn02476_c	cpd00061_c + cpd02030_c --> cpd00009_c + cpd00932_c	
rxn02483_c	rxn02483_c	cpd00067_c + cpd00938_c --> cpd00011_c + cpd02255_c	
rxn02484_c	rxn02484_c	cpd00002_c + cpd00939_c --> cpd00008_c + cpd00067_c + cpd02775_c	
rxn02503_c	rxn02503_c	cpd00002_c + cpd00954_c --> cpd00018_c + 2 cpd00067_c + cpd02920_c	
rxn02504_c	rxn02504_c	cpd02961_c --> cpd00229_c + cpd00954_c	
rxn02507_c_num1	rxn02507_c_num1	cpd00067_c + cpd00956_c --> cpd00001_c + cpd00011_c + cpd02210_c	
rxn02508_c	rxn02508_c	cpd02642_c --> cpd00956_c	
rxn02517_c	rxn02517_c	cpd00002_c + cpd00976_c --> cpd00008_c + cpd00977_c	
rxn02518_c	rxn02518_c	cpd00001_c + cpd00977_c --> cpd00012_c + 2 cpd00067_c + cpd03704_c	
rxn02532_c	rxn02532_c	cpd00007_c + cpd01020_c --> cpd00001_c + cpd00067_c + cpd02304_c	
rxn02545_c	rxn02545_c	cpd00005_c + cpd00007_c + cpd00067_c + cpd01041_c --> cpd00001_c + cpd00006_c + cpd01871_c	
rxn02548_c_num1	rxn02548_c_num1	cpd00017_c + cpd01047_c --> cpd00019_c + cpd00067_c + cpd01043_c	
rxn02632_c	rxn02632_c	cpd00003_c + cpd01949_c --> cpd00004_c + cpd00067_c + cpd01221_c	
rxn02636_c	rxn02636_c	cpd00005_c + cpd00067_c + cpd01228_c --> cpd00006_c + cpd03254_c	
rxn02679_c	rxn02679_c	cpd00015_c + cpd01335_c --> cpd00982_c + cpd03130_c	
rxn02680_c	rxn02680_c	cpd00022_c + cpd01335_c --> cpd00010_c + cpd03119_c	
rxn02687_c	rxn02687_c	cpd00003_c + cpd01357_c --> cpd00004_c + cpd00067_c + cpd01447_c	
rxn02703_c	rxn02703_c	cpd00002_c + cpd01407_c --> cpd00008_c + cpd00067_c + cpd03722_c	
rxn02720_c	rxn02720_c	cpd00015_c + cpd01260_c --> cpd00982_c + cpd02060_c	
rxn02728_c	rxn02728_c	cpd01466_c --> cpd01653_c	
rxn02729_c_num1	rxn02729_c_num1	cpd00001_c + cpd00003_c + cpd00287_c --> cpd00004_c + 2 cpd00067_c + cpd01468_c	
rxn02733_c_num1	rxn02733_c_num1	cpd00001_c + cpd00002_c + cpd00254_c + cpd01476_c --> cpd00008_c + cpd00009_c + 3 cpd00067_c + cpd02216_c	
rxn02745_c	rxn02745_c	cpd00007_c + cpd01822_c --> 2 cpd00067_c + cpd01498_c	
rxn02760_c	rxn02760_c	cpd00001_c + cpd01693_c --> cpd00079_c + cpd00082_c	
rxn02774_c	rxn02774_c	cpd00003_c + cpd01620_c --> cpd00004_c + 2 cpd00067_c + cpd03426_c	
rxn02782_c	rxn02782_c	cpd02536_c --> cpd00067_c + cpd01630_c	
rxn02789_c	rxn02789_c	cpd01646_c --> cpd00001_c + cpd01710_c	
rxn02791_c	rxn02791_c	cpd00023_c + cpd01651_c --> cpd00001_c + cpd03407_c	
rxn02792_c	rxn02792_c	cpd00023_c + cpd00067_c + cpd01651_c --> cpd00001_c + cpd00011_c + cpd03646_c	
rxn02795_c	rxn02795_c	cpd00001_c + cpd03247_c --> cpd00033_c + cpd01663_c	
rxn02796_c	rxn02796_c	cpd00001_c + cpd03246_c --> cpd00210_c + cpd01663_c	
rxn02803_c	rxn02803_c	cpd00015_c + cpd01695_c --> cpd00982_c + cpd03127_c	
rxn02804_c	rxn02804_c	cpd00022_c + cpd01695_c --> cpd00010_c + cpd03114_c	
rxn02811_c	rxn02811_c	cpd02693_c --> cpd00001_c + cpd01710_c	
rxn02819_c	rxn02819_c	cpd00017_c + cpd02787_c --> cpd00019_c + cpd00067_c + cpd01736_c	
rxn02831_c	rxn02831_c	cpd00002_c + cpd00010_c + cpd01772_c --> cpd00012_c + cpd00018_c + cpd00067_c + cpd02021_c	
rxn02832_c	rxn02832_c	cpd03451_c --> cpd00001_c + cpd01772_c	
rxn02834_c	rxn02834_c	cpd00001_c + cpd01775_c --> cpd00012_c + 2 cpd00067_c + cpd01777_c	
rxn02835_c	rxn02835_c	cpd00001_c + cpd01777_c --> cpd02979_c	
rxn02852_c	rxn02852_c	cpd00007_c + cpd01822_c --> 2 cpd00067_c + cpd02307_c	
rxn02853_c	rxn02853_c	cpd00001_c + cpd00003_c + cpd03052_c --> cpd00004_c + 2 cpd00067_c + cpd01831_c	
rxn02861_c	rxn02861_c	cpd00007_c + cpd01871_c --> cpd00067_c + cpd03715_c	
rxn02884_c	rxn02884_c	cpd00067_c + cpd02507_c --> cpd00011_c + cpd01960_c	
rxn02895_c	rxn02895_c	cpd00002_c + cpd00033_c + cpd01982_c --> cpd00008_c + cpd00009_c + cpd00067_c + cpd02394_c	
rxn02897_c	rxn02897_c	cpd00873_c + cpd01997_c --> cpd00067_c + cpd00218_c + cpd02904_c	
rxn02898_c	rxn02898_c	cpd02021_c --> cpd00010_c + cpd02295_c	
rxn02911_c	rxn02911_c	cpd03116_c --> cpd00001_c + cpd02060_c	
rxn02914_c	rxn02914_c	cpd00024_c + cpd00738_c --> cpd00023_c + cpd02069_c	
rxn02929_c	rxn02929_c	cpd00006_c + cpd02465_c --> cpd00005_c + cpd00067_c + cpd02120_c	
rxn02933_c	rxn02933_c	cpd00004_c + cpd00067_c + cpd02124_c --> cpd00003_c + cpd02691_c	
rxn02934_c	rxn02934_c	cpd02691_c --> cpd00001_c + cpd02125_c	
rxn02937_c	rxn02937_c	cpd00002_c + cpd02826_c --> cpd00008_c + cpd00009_c + cpd00067_c + cpd02140_c	
rxn02945_c	rxn02945_c	cpd02168_c --> cpd00012_c + cpd00067_c + cpd03211_c	
rxn02961_c	rxn02961_c	cpd00052_c + cpd02233_c --> cpd00012_c + cpd00067_c + cpd03379_c	
rxn02969_c	rxn02969_c	cpd00007_c + cpd01586_c --> 2 cpd00067_c + cpd02254_c	
rxn02971_c	rxn02971_c	cpd02536_c --> cpd02255_c	
rxn02988_c	rxn02988_c	cpd00095_c + cpd03470_c --> 2 cpd00001_c + cpd00009_c + cpd00067_c + cpd02333_c	
rxn03002_c	rxn03002_c	cpd00001_c + cpd02688_c --> cpd00009_c + cpd02380_c	
rxn03004_c	rxn03004_c	cpd00201_c + cpd02394_c --> cpd00067_c + cpd00087_c + cpd02678_c	
rxn03023_c	rxn03023_c	cpd00002_c + cpd02446_c --> cpd00008_c + cpd00067_c + cpd02721_c	
rxn03031_c_num1	rxn03031_c_num1	cpd00001_c + cpd00078_c + cpd02465_c --> cpd00010_c + cpd02724_c	
rxn03035_c	rxn03035_c	cpd00001_c + cpd02513_c --> cpd00009_c + cpd02484_c	
rxn03039_c	rxn03039_c	cpd00103_c + cpd02506_c --> cpd00012_c + cpd00067_c + cpd02851_c	
rxn03041_c	rxn03041_c	cpd00067_c + cpd02507_c --> cpd00011_c + cpd03326_c	
rxn03047_c	rxn03047_c	cpd00002_c + cpd02524_c --> cpd00008_c + cpd00067_c + cpd02666_c	
rxn03052_c_num1	rxn03052_c_num1	cpd00135_c + cpd02738_c --> cpd00060_c + cpd02555_c	
rxn03060_c_num1	rxn03060_c_num1	cpd01501_c --> cpd00001_c + cpd02597_c	
rxn03062_c	rxn03062_c	cpd00003_c + cpd02693_c --> cpd00004_c + cpd00067_c + cpd02605_c	
rxn03063_c	rxn03063_c	cpd00017_c + cpd03221_c --> cpd00019_c + cpd00067_c + cpd02755_c	
rxn03075_c	rxn03075_c	cpd00002_c + cpd02636_c --> cpd00008_c + cpd00067_c + cpd02654_c	
rxn03080_c	rxn03080_c	cpd02882_c + cpd11225_c --> 2 cpd00001_c + cpd00009_c + cpd00067_c + cpd02656_c	
rxn03084_c	rxn03084_c	cpd00001_c + cpd00002_c + cpd00053_c + cpd02678_c --> cpd00008_c + cpd00009_c + cpd00023_c + cpd00067_c + cpd02826_c	
rxn03087_c_num1	rxn03087_c_num1	cpd00024_c + cpd02698_c --> cpd00023_c + cpd02724_c	
rxn03094_c	rxn03094_c	cpd00001_c + cpd03245_c --> cpd00033_c + cpd02733_c	
rxn03095_c	rxn03095_c	cpd00001_c + cpd03244_c --> cpd00210_c + cpd02733_c	
rxn03106_c_num1	rxn03106_c_num1	cpd00001_c + cpd00003_c + cpd03228_c --> cpd00004_c + 2 cpd00067_c + cpd02773_c	
rxn03108_c_num1	rxn03108_c_num1	cpd00002_c + cpd02775_c --> cpd00008_c + cpd02894_c	
rxn03130_c	rxn03130_c	cpd00001_c + cpd02835_c --> 2 cpd00067_c + cpd00091_c + cpd02930_c	
rxn03135_c	rxn03135_c	cpd00053_c + cpd02991_c --> cpd00023_c + cpd00067_c + cpd02843_c + cpd02851_c	
rxn03136_c	rxn03136_c	cpd02921_c --> cpd00106_c + cpd02851_c	
rxn03137_c	rxn03137_c	cpd00201_c + cpd02851_c --> cpd00087_c + cpd02884_c	
rxn03140_c	rxn03140_c	cpd00002_c + cpd00731_c + cpd02861_c --> cpd00008_c + cpd00009_c + cpd00067_c + cpd02943_c	
rxn03146_c	rxn03146_c	cpd00001_c + cpd02886_c --> cpd00029_c + cpd03584_c	
rxn03147_c	rxn03147_c	cpd00002_c + cpd00041_c + cpd02893_c --> cpd00008_c + cpd00009_c + 2 cpd00067_c + cpd02921_c	
rxn03150_c	rxn03150_c	cpd00001_c + cpd02904_c --> cpd00009_c + cpd03423_c	
rxn03159_c	rxn03159_c	cpd02835_c + cpd02930_c --> cpd00014_c + cpd03002_c	
rxn03167_c	rxn03167_c	3 cpd00001_c + cpd02978_c --> 3 cpd00009_c + 2 cpd00067_c + cpd02961_c	
rxn03174_c	rxn03174_c	cpd03666_c --> cpd00001_c + cpd02978_c	
rxn03175_c	rxn03175_c	cpd02979_c --> cpd02991_c	
rxn03181_c	rxn03181_c	cpd00002_c + cpd03002_c --> cpd00008_c + cpd00067_c + cpd02993_c	
rxn03182_c	rxn03182_c	cpd02546_c + cpd02993_c --> cpd00046_c + cpd00067_c + cpd03585_c	
rxn03239_c	rxn03239_c	cpd00003_c + cpd03113_c --> cpd00004_c + cpd00067_c + cpd03114_c	
rxn03240_c	rxn03240_c	cpd03113_c --> cpd00001_c + cpd03126_c	
rxn03241_c	rxn03241_c	cpd03115_c --> cpd00001_c + cpd03127_c	
rxn03242_c	rxn03242_c	cpd00003_c + cpd03116_c --> cpd00004_c + cpd00067_c + cpd03117_c	
rxn03243_c	rxn03243_c	cpd00022_c + cpd03128_c --> cpd00010_c + cpd03117_c	
rxn03244_c	rxn03244_c	cpd00003_c + cpd03118_c --> cpd00004_c + cpd00067_c + cpd03119_c	
rxn03245_c	rxn03245_c	cpd03118_c --> cpd00001_c + cpd03129_c	
rxn03246_c	rxn03246_c	cpd00003_c + cpd03120_c --> cpd00004_c + cpd00067_c + cpd03121_c	
rxn03247_c	rxn03247_c	cpd03120_c --> cpd00001_c + cpd03130_c	
rxn03248_c	rxn03248_c	cpd00022_c + cpd03124_c --> cpd00010_c + cpd03121_c	
rxn03249_c	rxn03249_c	cpd00003_c + cpd03122_c --> cpd00004_c + cpd00067_c + cpd03123_c	
rxn03250_c	rxn03250_c	cpd03122_c --> cpd00001_c + cpd03125_c	
rxn03251_c	rxn03251_c	cpd00015_c + cpd03124_c --> cpd00982_c + cpd03125_c	
rxn03253_c	rxn03253_c	cpd00015_c + cpd03128_c --> cpd00982_c + cpd03129_c	
rxn03264_c	rxn03264_c	cpd00001_c + cpd00002_c + cpd03163_c --> cpd00009_c + cpd00012_c + cpd00067_c + cpd03392_c	
rxn03282_c_num1	rxn03282_c_num1	cpd00003_c + cpd03227_c --> cpd00004_c + cpd00067_c + cpd03228_c	
rxn03291_c	rxn03291_c	cpd00006_c + cpd03234_c --> cpd00005_c + cpd00067_c + cpd03238_c	
rxn03294_c	rxn03294_c	cpd00006_c + cpd03236_c --> cpd00005_c + cpd00067_c + cpd03239_c	
rxn03333_c_num1	rxn03333_c_num1	cpd00003_c + cpd03306_c --> cpd00004_c + cpd00067_c + cpd03307_c	
rxn03354_c_num1	rxn03354_c_num1	cpd00001_c + cpd00003_c + cpd03345_c --> cpd00004_c + 2 cpd00067_c + cpd03346_c	
rxn03360_c	rxn03360_c	cpd00011_c + cpd03349_c --> cpd00067_c + cpd03362_c	
rxn03365_c	rxn03365_c	cpd00001_c + cpd00003_c + cpd03365_c --> cpd00004_c + 2 cpd00067_c + cpd03366_c	
rxn03373_c	rxn03373_c	cpd00002_c + cpd03396_c --> cpd00012_c + cpd03388_c	
rxn03384_c	rxn03384_c	4 cpd00067_c + cpd03414_c --> 4 cpd00011_c + cpd03416_c	
rxn03393_c	rxn03393_c	cpd00067_c + cpd03443_c --> cpd00011_c + cpd03444_c	
rxn03395_c	rxn03395_c	cpd00017_c + cpd03445_c --> cpd00019_c + cpd00067_c + cpd03446_c	
rxn03397_c	rxn03397_c	cpd00017_c + cpd03447_c --> cpd00019_c + cpd00067_c + cpd03448_c	
rxn03406_c_num1	rxn03406_c_num1	cpd00002_c + cpd00013_c + cpd03487_c --> cpd00008_c + cpd00009_c + cpd00067_c + cpd03488_c	
rxn03408_c	rxn03408_c	cpd00037_c + cpd03494_c --> cpd00014_c + cpd03495_c	
rxn03419_c	rxn03419_c	cpd00001_c + cpd03518_c --> cpd00047_c + cpd00067_c + cpd03519_c	
rxn03421_c	rxn03421_c	cpd03519_c --> cpd03666_c	
rxn03423_c_num1	rxn03423_c_num1	cpd00001_c + cpd00003_c + cpd03529_c --> cpd00004_c + 2 cpd00067_c + cpd01889_c	
rxn03435_c	rxn03435_c	cpd00006_c + cpd02535_c --> cpd00005_c + cpd00067_c + cpd10162_c	
rxn03436_c	rxn03436_c	cpd00498_c --> cpd10162_c	
rxn03437_c	rxn03437_c	cpd02535_c --> cpd00001_c + cpd00508_c	
rxn03439_c	rxn03439_c	cpd02546_c + cpd03585_c --> cpd00046_c + cpd00067_c + cpd03586_c	
rxn03445_c	rxn03445_c	cpd00024_c + cpd03607_c --> cpd00023_c + cpd03606_c	
rxn03446_c	rxn03446_c	cpd00001_c + cpd03607_c --> cpd00009_c + cpd03608_c	
rxn03490_c	rxn03490_c	cpd00004_c + cpd00007_c + cpd00067_c + cpd03778_c --> cpd00003_c + cpd03759_c	
rxn03491_c	rxn03491_c	2 cpd00017_c + cpd03760_c --> cpd00011_c + 2 cpd00019_c + 2 cpd00067_c + cpd03835_c	
rxn03504_c	rxn03504_c	cpd00001_c + cpd03812_c --> cpd00029_c + cpd03813_c	
rxn03511_c	rxn03511_c	cpd03830_c --> cpd03831_c	
rxn03532_c	rxn03532_c	cpd00004_c + cpd00007_c + 2 cpd00067_c + cpd03420_c --> cpd00001_c + cpd00003_c + cpd03833_c	
rxn03535_c	rxn03535_c	cpd00002_c + cpd03915_c --> cpd00421_c + cpd03916_c	
rxn03536_c	rxn03536_c	cpd00002_c + cpd03918_c --> cpd00008_c + cpd00067_c + cpd03919_c	
rxn03537_c	rxn03537_c	cpd00038_c + cpd03919_c --> cpd00012_c + cpd03920_c	
rxn03538_c	rxn03538_c	cpd03423_c + cpd03920_c --> cpd00067_c + cpd00126_c + cpd00166_c	
rxn03563_c	rxn03563_c	cpd00005_c + cpd00007_c + cpd00067_c + cpd01208_c --> cpd00001_c + cpd00006_c + cpd01822_c	
rxn03586_c	rxn03586_c	cpd00004_c + cpd00007_c + cpd00067_c + cpd04073_c --> cpd00001_c + cpd00003_c + cpd00055_c + cpd00197_c	
rxn03598_c_num1	rxn03598_c_num1	cpd00001_c + cpd00003_c + cpd04134_c --> cpd00004_c + 2 cpd00067_c + cpd04135_c	
rxn03607_c	rxn03607_c	cpd00007_c + cpd04117_c --> cpd00067_c + cpd04139_c	
rxn03611_c	rxn03611_c	cpd00007_c + cpd04117_c --> 2 cpd00067_c + cpd02542_c	
rxn03618_c	rxn03618_c	cpd00003_c + cpd00055_c + cpd04105_c --> cpd00004_c + cpd00067_c + cpd04106_c	
rxn03638_c	rxn03638_c	cpd00022_c + cpd03671_c --> cpd00010_c + cpd00067_c + cpd02611_c	
rxn03691_c	rxn03691_c	cpd00067_c + cpd02254_c --> cpd00011_c + cpd00099_c + cpd04365_c	
rxn03704_c	rxn03704_c	cpd00007_c + cpd04360_c --> cpd00067_c + cpd04362_c	
rxn03706_c	rxn03706_c	cpd00007_c + cpd01586_c --> cpd00067_c + cpd04364_c	
rxn03839_c	rxn03839_c	cpd00001_c + cpd01150_c --> cpd00013_c + cpd00400_c	
rxn03840_c	rxn03840_c	cpd00013_c + cpd00216_c --> cpd00001_c + cpd08210_c	
rxn03841_c_num1	rxn03841_c_num1	cpd08210_c --> cpd00020_c + cpd00067_c + cpd00443_c	
rxn03848_c_num1	rxn03848_c_num1	cpd00001_c + cpd00067_c + cpd03963_c --> cpd00011_c + cpd00013_c + cpd00073_c	
rxn03849_c_num1	rxn03849_c_num1	cpd00001_c + cpd03963_c --> cpd00013_c + cpd00742_c	
rxn03869_c	rxn03869_c	cpd00001_c + cpd06707_c --> cpd00013_c + cpd00153_c	
rxn03891_c	rxn03891_c	cpd00113_c + cpd00906_c --> cpd00012_c + cpd00067_c + cpd02590_c	
rxn03892_c	rxn03892_c	cpd00113_c + cpd02591_c --> cpd00012_c + cpd00067_c + cpd00906_c	
rxn03893_c	rxn03893_c	cpd00136_c + cpd02557_c --> cpd00012_c + cpd00067_c + cpd03443_c	
rxn03898_c_num1	rxn03898_c_num1	cpd00005_c + cpd00007_c + cpd00067_c + cpd00153_c --> cpd00006_c + cpd03762_c	
rxn03899_c	rxn03899_c	cpd00004_c + cpd00007_c + cpd00441_c --> cpd00001_c + cpd00003_c + cpd00811_c	
rxn03901_c	rxn03901_c	cpd00001_c + cpd02229_c --> cpd00009_c + 2 cpd00067_c + cpd00286_c	
rxn03903_c	rxn03903_c	cpd00286_c + cpd02862_c --> cpd00091_c + cpd02948_c	
rxn03904_c	rxn03904_c	cpd00286_c + cpd02968_c --> cpd00091_c + cpd03494_c	
rxn03907_c	rxn03907_c	cpd00052_c + cpd08286_c --> cpd00012_c + cpd08287_c	
rxn03908_c	rxn03908_c	cpd00002_c + cpd08287_c --> cpd00008_c + cpd00067_c + cpd08288_c	
rxn03909_c	rxn03909_c	cpd00020_c + cpd00067_c + cpd00102_c --> cpd00011_c + cpd08289_c	
rxn03910_c	rxn03910_c	cpd08288_c --> cpd00046_c + cpd08301_c	
rxn03915_c	rxn03915_c	cpd00001_c + cpd00003_c + cpd01956_c --> cpd00004_c + 2 cpd00067_c + cpd01129_c	
rxn03916_c	rxn03916_c	cpd00002_c + cpd04920_c --> cpd00012_c + cpd03830_c	
rxn03917_c	rxn03917_c	cpd00238_c --> cpd04918_c	
rxn03918_c	rxn03918_c	cpd00002_c + cpd04918_c --> cpd00008_c + cpd00067_c + cpd08316_c	
rxn03919_c	rxn03919_c	cpd00001_c + cpd08316_c --> cpd00009_c + cpd04920_c	
rxn03921_c	rxn03921_c	cpd00001_c + cpd00003_c + cpd08279_c --> cpd00004_c + 2 cpd00067_c + cpd02045_c	
rxn03923_c	rxn03923_c	cpd00009_c + cpd00460_c --> cpd00081_c + cpd00196_c	
rxn03932_c	rxn03932_c	cpd00002_c + cpd04242_c --> cpd00008_c + cpd00067_c + cpd02721_c	
rxn03933_c	rxn03933_c	cpd00037_c + cpd02948_c --> cpd00014_c + cpd03491_c	
rxn03958_c	rxn03958_c	cpd00006_c + cpd08286_c --> cpd00005_c + cpd00067_c + cpd08289_c	
rxn03969_c	rxn03969_c	cpd00001_c + cpd00003_c + cpd00561_c --> cpd00004_c + 2 cpd00067_c + cpd04073_c	
rxn03970_c	rxn03970_c	cpd00001_c + cpd00003_c + cpd01733_c --> cpd00004_c + 2 cpd00067_c + cpd01059_c	
rxn03974_c_num1	rxn03974_c_num1	cpd00004_c + cpd00050_c + cpd00067_c --> cpd00003_c + cpd01270_c	
rxn03975_c_num1	rxn03975_c_num1	cpd00005_c + cpd00050_c + cpd00067_c --> cpd00006_c + cpd01270_c	
rxn03982_c	rxn03982_c	cpd00006_c + 2 cpd04105_c --> cpd00005_c + cpd00067_c + cpd08341_c	
rxn03990_c	rxn03990_c	cpd00004_c + 2 cpd00007_c + 2 cpd00418_c --> cpd00003_c + cpd00067_c + 2 cpd00209_c	
rxn04045_c	rxn04045_c	cpd00149_c + cpd03426_c --> 2 cpd00067_c + cpd08368_c	
rxn04068_c	rxn04068_c	cpd00001_c + cpd01318_c --> cpd00033_c + cpd00526_c	
rxn04113_c	rxn04113_c	cpd00005_c + cpd00067_c + cpd08615_c --> cpd00001_c + cpd00006_c + cpd00113_c	
rxn04132_c	rxn04132_c	cpd00001_c + cpd08625_c --> cpd00011_c + cpd01567_c	
rxn04135_c	rxn04135_c	cpd00005_c + cpd00007_c + cpd00067_c + cpd03638_c --> cpd00001_c + cpd00006_c + cpd08263_c	
rxn04181_c	rxn04181_c	cpd00005_c + cpd00007_c + cpd00067_c + cpd08693_c --> cpd00001_c + cpd00006_c + cpd08695_c	
rxn04234_c_num1	rxn04234_c_num1	cpd00001_c + cpd00003_c + cpd01686_c --> cpd00004_c + 2 cpd00067_c + cpd08721_c	
rxn04270_c	rxn04270_c	cpd00001_c + cpd00003_c + cpd02708_c --> cpd00004_c + 2 cpd00067_c + cpd08741_c	
rxn04271_c	rxn04271_c	cpd00001_c + cpd00003_c + cpd08739_c --> cpd00004_c + 2 cpd00067_c + cpd08740_c	
rxn04308_c	rxn04308_c	7 cpd00113_c + cpd08211_c --> 7 cpd00012_c + 7 cpd00067_c + cpd02229_c	
rxn04413_c	rxn04413_c	cpd00038_c + cpd03918_c --> cpd00031_c + cpd00067_c + cpd03919_c	
rxn04443_c	rxn04443_c	cpd00101_c + cpd08993_c --> cpd00238_c + cpd08994_c	
rxn04453_c	rxn04453_c	cpd00001_c + cpd08625_c --> cpd00067_c + cpd09027_c	
rxn04457_c	rxn04457_c	cpd00067_c + cpd09027_c --> cpd00011_c + cpd01567_c	
rxn04464_c	rxn04464_c	cpd00125_c + cpd00299_c + cpd00982_c --> cpd00015_c + cpd00087_c + cpd00298_c	
rxn04648_c	rxn04648_c	cpd00007_c + cpd09310_c --> cpd00067_c + cpd09312_c	
rxn04654_c	rxn04654_c	cpd00007_c + cpd03336_c --> 2 cpd00067_c + cpd02243_c	
rxn04658_c	rxn04658_c	cpd00005_c + cpd00067_c + cpd09350_c --> cpd00006_c + cpd00009_c + cpd09351_c	
rxn04663_c	rxn04663_c	2 cpd00004_c + cpd00067_c + cpd09314_c --> 2 cpd00003_c + cpd00099_c + cpd09315_c	
rxn04723_c	rxn04723_c	cpd00001_c + cpd00003_c + cpd09790_c --> cpd00004_c + 2 cpd00067_c + cpd09791_c	
rxn04726_c_num1	rxn04726_c_num1	cpd00003_c + cpd09792_c --> cpd00004_c + cpd00067_c + cpd09793_c	
rxn04727_c	rxn04727_c	cpd00001_c + cpd00003_c + cpd09793_c --> cpd00004_c + 2 cpd00067_c + cpd09794_c	
rxn04736_c_num1	rxn04736_c_num1	cpd00003_c + cpd01859_c --> cpd00004_c + cpd00067_c + cpd09802_c	
rxn04737_c	rxn04737_c	cpd00001_c + cpd00003_c + cpd09802_c --> cpd00004_c + 2 cpd00067_c + cpd09804_c	
rxn04744_c	rxn04744_c	cpd00001_c + cpd00003_c + cpd09811_c --> cpd00004_c + 2 cpd00067_c + cpd09812_c	
rxn04783_c	rxn04783_c	cpd00002_c + cpd00047_c + cpd02394_c --> cpd00008_c + cpd00009_c + cpd00067_c + cpd02678_c	
rxn04840_c	rxn04840_c	2 cpd00042_c + cpd03176_c --> cpd00001_c + cpd00111_c + cpd02918_c	
rxn04841_c	rxn04841_c	2 cpd00042_c + cpd03555_c --> cpd00001_c + cpd00111_c + cpd02890_c	
rxn04908_c_num1	rxn04908_c_num1	cpd00004_c + cpd00067_c + cpd04248_c --> cpd00001_c + cpd00003_c + cpd04661_c	
rxn04932_c	rxn04932_c	cpd00003_c + cpd01307_c --> cpd00004_c + cpd00067_c + cpd00258_c	
rxn04934_c	rxn04934_c	cpd00003_c + cpd08367_c --> cpd00004_c + cpd00067_c + cpd03285_c	
rxn04954_c	rxn04954_c	cpd00003_c + cpd00345_c --> cpd00004_c + cpd00067_c + cpd00125_c	
rxn04957_c	rxn04957_c	cpd00004_c + cpd00007_c + cpd00067_c --> cpd00003_c + cpd00025_c	
rxn04969_c	rxn04969_c	cpd00004_c + cpd00007_c + cpd00067_c + cpd00153_c --> cpd00003_c + cpd02821_c	
rxn04987_c	rxn04987_c	cpd00005_c + cpd00007_c + cpd00067_c + cpd09461_c --> cpd00001_c + cpd00006_c + cpd11198_c	
rxn04996_c	rxn04996_c	cpd00005_c + cpd00067_c + cpd08615_c --> cpd00001_c + cpd00006_c + cpd00202_c	
rxn05005_c_num1	rxn05005_c_num1	cpd00017_c + cpd00774_c --> cpd00019_c + cpd00067_c + cpd11206_c	
rxn05006_c_num1	rxn05006_c_num1	cpd00017_c + cpd11206_c --> cpd00019_c + cpd01620_c	
rxn05024_c	rxn05024_c	cpd00067_c + cpd02021_c --> cpd00001_c + cpd11217_c	
rxn05028_c	rxn05028_c	cpd00113_c + cpd02557_c --> cpd00012_c + cpd00067_c + cpd02172_c	
rxn05031_c	rxn05031_c	cpd02168_c --> cpd00012_c + cpd00067_c + cpd03205_c	
rxn05039_c	rxn05039_c	cpd00001_c + cpd02720_c --> cpd00009_c + cpd02882_c	
rxn05040_c	rxn05040_c	cpd00171_c --> cpd00047_c + cpd00067_c + cpd11225_c	
rxn05050_c	rxn05050_c	cpd00001_c + cpd01659_c --> cpd00009_c + cpd00676_c	
rxn05072_c	rxn05072_c	cpd00079_c --> cpd02484_c	
rxn05108_c	rxn05108_c	cpd00023_c + cpd00869_c --> cpd00024_c + cpd00060_c	
rxn05114_c	rxn05114_c	cpd00002_c + cpd00242_c + cpd02140_c --> cpd00008_c + cpd00009_c + 2 cpd00067_c + cpd11310_c	
rxn05115_c	rxn05115_c	cpd00067_c + cpd11310_c --> cpd02893_c	
rxn05119_c	rxn05119_c	cpd00003_c + cpd00041_c --> cpd00004_c + cpd00067_c + cpd03470_c	
rxn05120_c	rxn05120_c	cpd00001_c + cpd00028_c + cpd00350_c --> cpd00012_c + cpd00067_c + cpd11313_c	
rxn05142_c	rxn05142_c	cpd00001_c + cpd00003_c + cpd03333_c --> cpd00004_c + 2 cpd00067_c + cpd00373_c	
rxn05144_c	rxn05144_c	cpd00053_c + cpd00102_c + cpd00171_c --> 3 cpd00001_c + cpd00009_c + cpd00016_c + cpd00023_c + cpd00067_c	
rxn05145_c	rxn05145_c	cpd00001_c + cpd00002_c + cpd00009_e --> cpd00008_c + 2 cpd00009_c + cpd00067_c	
rxn05146_c	rxn05146_c	cpd00001_c + cpd00002_c + cpd00023_e --> cpd00008_c + cpd00009_c + cpd00023_c + cpd00067_c	
rxn05148_c	rxn05148_c	cpd00001_c + cpd00002_c + cpd00028_e --> cpd00008_c + cpd00009_c + cpd00028_c + cpd00067_c	
rxn05150_c	rxn05150_c	cpd00001_c + cpd00002_c + cpd00034_e --> cpd00008_c + cpd00009_c + cpd00034_c + cpd00067_c	
rxn05151_c	rxn05151_c	cpd00001_c + cpd00002_c + cpd00039_e --> cpd00008_c + cpd00009_c + cpd00039_c + cpd00067_c	
rxn05152_c	rxn05152_c	cpd00001_c + cpd00002_c + cpd00041_e --> cpd00008_c + cpd00009_c + cpd00041_c + cpd00067_c	
rxn05153_c	rxn05153_c	cpd00001_c + cpd00002_c + cpd00048_e --> cpd00008_c + cpd00009_c + cpd00048_c + cpd00067_c	
rxn05155_c	rxn05155_c	cpd00001_c + cpd00002_c + cpd00053_e --> cpd00008_c + cpd00009_c + cpd00053_c + cpd00067_c	
rxn05157_c	rxn05157_c	cpd00001_c + cpd00002_c + cpd00073_e --> cpd00008_c + cpd00009_c + cpd00067_c + cpd00073_c	
rxn05158_c	rxn05158_c	cpd00001_c + cpd00002_c + cpd00080_e --> cpd00008_c + cpd00009_c + cpd00067_c + cpd00080_c	
rxn05160_c	rxn05160_c	cpd00001_c + cpd00002_c + cpd00105_e --> cpd00008_c + cpd00009_c + cpd00067_c + cpd00105_c	
rxn05164_c_num1	rxn05164_c_num1	cpd00001_c + cpd00002_c + cpd00119_e --> cpd00008_c + cpd00009_c + cpd00067_c + cpd00119_c	
rxn05167_c	rxn05167_c	cpd00001_c + cpd00002_c + cpd00154_e --> cpd00008_c + cpd00009_c + cpd00067_c + cpd00154_c	
rxn05169_c	rxn05169_c	cpd00001_c + cpd00002_c + cpd00161_e --> cpd00008_c + cpd00009_c + cpd00067_c + cpd00161_c	
rxn05170_c	rxn05170_c	cpd00001_c + cpd00002_c + cpd00179_e --> cpd00008_c + cpd00009_c + cpd00067_c + cpd00179_c	
rxn05171_c	rxn05171_c	cpd00001_c + cpd00002_c + cpd00209_e --> cpd00008_c + cpd00009_c + cpd00067_c + cpd00209_c	
rxn05174_c	rxn05174_c	cpd00001_c + cpd00002_c + cpd00244_e --> cpd00008_c + cpd00009_c + cpd00067_c + cpd00244_c	
rxn05175_c	rxn05175_c	cpd00001_c + cpd00002_c + cpd00264_e --> cpd00008_c + cpd00009_c + cpd00067_c + cpd00264_c	
rxn05176_c	rxn05176_c	cpd00001_c + cpd00002_c + cpd00268_e --> cpd00008_c + cpd00009_c + cpd00067_c + cpd00268_c	
rxn05177_c	rxn05177_c	cpd00001_c + cpd00002_c + cpd00305_e --> cpd00008_c + cpd00009_c + cpd00067_c + cpd00305_c	
rxn05183_c	rxn05183_c	cpd00001_c + cpd00002_c + cpd00637_e --> cpd00008_c + cpd00009_c + cpd00067_c + cpd00637_c	
rxn05195_c	rxn05195_c	cpd00001_c + cpd00002_c + cpd10516_e --> cpd00008_c + cpd00009_c + cpd00067_c + cpd10516_c	
rxn05197_c_num1	rxn05197_c_num1	cpd00067_e + cpd00092_e --> cpd00067_c + cpd00092_c	
rxn05198_c	rxn05198_c	cpd00067_e + cpd00367_e --> cpd00067_c + cpd00367_c	
rxn05199_c	rxn05199_c	cpd00067_e + cpd00249_e --> cpd00067_c + cpd00249_c	
rxn05200_c	rxn05200_c	cpd00067_e + cpd00184_e --> cpd00067_c + cpd00184_c	
rxn05201_c	rxn05201_c	cpd00067_e + cpd00226_e --> cpd00067_c + cpd00226_c	
rxn05202_c	rxn05202_c	cpd00067_e + cpd00309_e --> cpd00067_c + cpd00309_c	
rxn05203_c	rxn05203_c	cpd00067_e + cpd00207_e --> cpd00067_c + cpd00207_c	
rxn05204_c	rxn05204_c	cpd00067_e + cpd00311_e --> cpd00067_c + cpd00311_c	
rxn05205_c	rxn05205_c	cpd00067_e + cpd00654_e --> cpd00067_c + cpd00654_c	
rxn05206_c	rxn05206_c	cpd00205_e --> cpd00205_c	
rxn05211_c	rxn05211_c	cpd00067_e + cpd00137_e --> cpd00067_c + cpd00137_c	
rxn05217_c	rxn05217_c	cpd00041_c + cpd00067_c --> cpd00041_e + cpd00067_e	
rxn05219_c	rxn05219_c	cpd00001_c + cpd00002_c + cpd00060_e --> cpd00008_c + cpd00009_c + cpd00060_c + cpd00067_c	
rxn05221_c	rxn05221_c	cpd00129_e + cpd00971_e --> cpd00129_c + cpd00971_c	
rxn05223_c	rxn05223_c	cpd00001_c + cpd00002_c + cpd00104_e --> cpd00008_c + cpd00009_c + cpd00067_c + cpd00104_c	
rxn05226_c	rxn05226_c	cpd00027_e + cpd00061_c --> cpd00020_c + cpd00079_c	
rxn05231_c	rxn05231_c	cpd00008_c + cpd11421_c --> cpd00001_c + cpd00177_c + cpd11420_c	
rxn05233_c	rxn05233_c	cpd00031_c + cpd11421_c --> cpd00001_c + cpd00295_c + cpd11420_c	
rxn05237_c	rxn05237_c	cpd00001_c + cpd00002_c + cpd00084_e --> cpd00008_c + cpd00009_c + cpd00067_c + cpd00084_c	
rxn05239_c	rxn05239_c	cpd00044_c + cpd11421_c --> cpd00045_c + cpd00067_c + cpd00081_c + cpd11420_c	
rxn05240_c	rxn05240_c	cpd00107_e + cpd00971_e --> cpd00107_c + cpd00971_c	
rxn05241_c	rxn05241_c	cpd00322_e + cpd00971_e --> cpd00322_c + cpd00971_c	
rxn05242_c	rxn05242_c	cpd00156_e + cpd00971_e --> cpd00156_c + cpd00971_c	
rxn05243_c	rxn05243_c	cpd00067_c + cpd00107_c --> cpd00067_e + cpd00107_e	
rxn05244_c	rxn05244_c	cpd00067_c + cpd00322_c --> cpd00067_e + cpd00322_e	
rxn05247_c_num1	rxn05247_c_num1	cpd00002_c + cpd00010_c + cpd11430_c --> cpd00012_c + cpd00018_c + cpd11435_c	
rxn05248_c_num1	rxn05248_c_num1	cpd00002_c + cpd00010_c + cpd11438_c --> cpd00012_c + cpd00018_c + cpd11439_c	
rxn05249_c_num1	rxn05249_c_num1	cpd00002_c + cpd00010_c + cpd11436_c --> cpd00012_c + cpd00018_c + cpd11437_c	
rxn05250_c_num1	rxn05250_c_num1	cpd00002_c + cpd00010_c + cpd11440_c --> cpd00012_c + cpd00018_c + cpd11441_c	
rxn05251_c_num1	rxn05251_c_num1	cpd00002_c + cpd00010_c + cpd11433_c --> cpd00012_c + cpd00018_c + cpd11434_c	
rxn05252_c_num1	rxn05252_c_num1	cpd00002_c + cpd00010_c + cpd11431_c --> cpd00012_c + cpd00018_c + cpd11432_c	
rxn05256_c	rxn05256_c	cpd00193_c + cpd11421_c --> cpd00018_c + cpd00067_c + cpd00081_c + cpd11420_c	
rxn05267_c	rxn05267_c	cpd00004_c + cpd00011_c + cpd00012_c + cpd00067_c + cpd11425_c --> cpd00003_c + cpd02295_c + cpd02590_c	
rxn05287_c	rxn05287_c	cpd00113_c + cpd00289_c --> cpd00012_c + cpd00067_c + cpd02591_c	
rxn05289_c_num1	rxn05289_c_num1	cpd00005_c + cpd00067_c + cpd11420_c --> cpd00006_c + cpd11421_c	
rxn05297_c	rxn05297_c	cpd00023_c + cpd00067_c --> cpd00023_e + cpd00067_e	
rxn05299_c	rxn05299_c	cpd00067_c + cpd00119_c --> cpd00067_e + cpd00119_e	
rxn05300_c_num1	rxn05300_c_num1	cpd00067_c + cpd00161_c --> cpd00067_e + cpd00161_e	
rxn05301_c	rxn05301_c	cpd00067_e + cpd00069_e --> cpd00067_c + cpd00069_c	
rxn05303_c_num1	rxn05303_c_num1	cpd00051_c + cpd00067_c --> cpd00051_e + cpd00067_e	
rxn05305_c	rxn05305_c	cpd00039_c + cpd00067_c --> cpd00039_e + cpd00067_e	
rxn05306_c	rxn05306_c	cpd00066_e + cpd00067_e --> cpd00066_c + cpd00067_c	
rxn05307_c_num1	rxn05307_c_num1	cpd00054_e + cpd00067_e --> cpd00054_c + cpd00067_c	
rxn05308_c	rxn05308_c	cpd00067_e + cpd00644_e --> cpd00067_c + cpd00644_c	
rxn05310_c	rxn05310_c	cpd00218_e --> cpd00218_c	
rxn05312_c	rxn05312_c	cpd00009_e + cpd00067_e --> cpd00009_c + cpd00067_c	
rxn05316_c	rxn05316_c	cpd00067_e + cpd00246_e --> cpd00067_c + cpd00246_c	
rxn05317_c	rxn05317_c	cpd00067_e + cpd00438_e --> cpd00067_c + cpd00438_c	
rxn05318_c	rxn05318_c	cpd00067_e + cpd00182_e --> cpd00067_c + cpd00182_c	
rxn05319_c	rxn05319_c	cpd00001_c --> cpd00001_e	
rxn05322_c	rxn05322_c	cpd00004_c + 2 cpd00067_c + cpd11465_c --> cpd00003_c + cpd11464_c	
rxn05324_c	rxn05324_c	cpd00004_c + 2 cpd00067_c + cpd11469_c --> cpd00003_c + cpd11468_c	
rxn05325_c	rxn05325_c	cpd00004_c + cpd00067_c + cpd11471_c --> cpd00003_c + cpd11470_c	
rxn05326_c	rxn05326_c	cpd00004_c + cpd00067_c + cpd11473_c --> cpd00003_c + cpd11472_c	
rxn05327_c	rxn05327_c	cpd00004_c + 2 cpd00067_c + cpd11475_c --> cpd00003_c + cpd11474_c	
rxn05328_c	rxn05328_c	cpd00004_c + cpd00067_c + cpd11477_c --> cpd00003_c + cpd11476_c	
rxn05330_c	rxn05330_c	cpd11479_c --> cpd00001_c + cpd11473_c	
rxn05331_c	rxn05331_c	cpd11480_c --> cpd00001_c + cpd11469_c	
rxn05332_c	rxn05332_c	2 cpd00067_c + cpd11481_c --> cpd00001_c + cpd11477_c	
rxn05333_c	rxn05333_c	cpd11482_c --> cpd00001_c + cpd00067_c + cpd11475_c	
rxn05334_c	rxn05334_c	cpd11483_c --> cpd00001_c + cpd11471_c	
rxn05335_c	rxn05335_c	cpd11484_c --> cpd00001_c + cpd11467_c	
rxn05336_c	rxn05336_c	cpd00006_c + 2 cpd00067_c + cpd11481_c --> cpd00005_c + cpd11485_c	
rxn05337_c	rxn05337_c	cpd00006_c + cpd11479_c --> cpd00005_c + cpd11486_c	
rxn05338_c	rxn05338_c	cpd00005_c + cpd00067_c + cpd11487_c --> cpd00006_c + cpd11482_c	
rxn05340_c	rxn05340_c	cpd00006_c + cpd11480_c --> cpd00005_c + cpd11489_c	
rxn05341_c	rxn05341_c	cpd00006_c + cpd11483_c --> cpd00005_c + cpd00067_c + cpd11490_c	
rxn05342_c	rxn05342_c	cpd00006_c + cpd11484_c --> cpd00005_c + cpd11491_c	
rxn05343_c_num1	rxn05343_c_num1	cpd11470_c + cpd11492_c --> cpd00011_c + cpd11487_c + cpd11493_c	
rxn05345_c_num1	rxn05345_c_num1	cpd11468_c + cpd11492_c --> cpd00011_c + cpd11491_c + cpd11493_c	
rxn05346_c_num1	rxn05346_c_num1	cpd11464_c + cpd11492_c --> cpd00011_c + cpd11486_c + cpd11493_c	
rxn05348_c_num1	rxn05348_c_num1	cpd11474_c + cpd11492_c --> cpd00011_c + cpd11489_c + cpd11493_c	
rxn05349_c_num1	rxn05349_c_num1	cpd00022_c + cpd11493_c --> cpd00010_c + cpd11494_c	
rxn05350_c_num1	rxn05350_c_num1	cpd00067_c + cpd11472_c + cpd11492_c --> cpd00011_c + cpd11490_c + cpd11493_c	
rxn05358_c	rxn05358_c	cpd00760_c + cpd11493_c --> cpd00010_c + cpd00067_c + cpd11495_c	
rxn05359_c	rxn05359_c	cpd11492_c + cpd11495_c --> cpd00011_c + cpd11493_c + cpd11496_c	
rxn05360_c	rxn05360_c	cpd00005_c + cpd00067_c + cpd11496_c --> cpd00006_c + cpd11497_c	
rxn05361_c	rxn05361_c	cpd11497_c --> cpd00001_c + cpd11498_c	
rxn05362_c	rxn05362_c	cpd00005_c + cpd00067_c + cpd11498_c --> cpd00006_c + cpd11499_c	
rxn05363_c	rxn05363_c	cpd11492_c + cpd11499_c --> cpd00011_c + cpd11493_c + cpd11500_c	
rxn05364_c	rxn05364_c	cpd00005_c + cpd00067_c + cpd11500_c --> cpd00006_c + cpd11501_c	
rxn05365_c	rxn05365_c	cpd11501_c --> cpd00001_c + cpd11502_c	
rxn05366_c	rxn05366_c	cpd00005_c + cpd00067_c + cpd11502_c --> cpd00006_c + cpd11503_c	
rxn05367_c	rxn05367_c	cpd11492_c + cpd11503_c --> cpd00011_c + cpd11493_c + cpd11504_c	
rxn05368_c	rxn05368_c	cpd00005_c + cpd00067_c + cpd11504_c --> cpd00006_c + cpd11505_c	
rxn05369_c	rxn05369_c	cpd11505_c --> cpd00001_c + cpd11506_c	
rxn05370_c	rxn05370_c	cpd00005_c + cpd00067_c + cpd11506_c --> cpd00006_c + cpd11507_c	
rxn05371_c	rxn05371_c	cpd11492_c + cpd11507_c --> cpd00011_c + cpd11493_c + cpd11508_c	
rxn05372_c	rxn05372_c	cpd00005_c + cpd00067_c + cpd11508_c --> cpd00006_c + cpd11509_c	
rxn05373_c	rxn05373_c	cpd11509_c --> cpd00001_c + cpd11510_c	
rxn05374_c	rxn05374_c	cpd00005_c + cpd00067_c + cpd11510_c --> cpd00006_c + cpd11511_c	
rxn05375_c	rxn05375_c	cpd11492_c + cpd11511_c --> cpd00011_c + cpd11493_c + cpd11512_c	
rxn05376_c	rxn05376_c	cpd00005_c + cpd00067_c + cpd11512_c --> cpd00006_c + cpd11513_c	
rxn05377_c	rxn05377_c	cpd11513_c --> cpd00001_c + cpd11514_c	
rxn05379_c	rxn05379_c	cpd11492_c + cpd11515_c --> cpd00011_c + cpd11493_c + cpd11516_c	
rxn05380_c	rxn05380_c	cpd00005_c + cpd00067_c + cpd11516_c --> cpd00006_c + cpd11517_c	
rxn05381_c	rxn05381_c	cpd11517_c --> cpd00001_c + cpd11518_c	
rxn05382_c	rxn05382_c	cpd00005_c + cpd00067_c + cpd11518_c --> cpd00006_c + cpd11519_c	
rxn05383_c	rxn05383_c	cpd01882_c + cpd11493_c --> cpd00010_c + cpd00067_c + cpd11520_c	
rxn05384_c	rxn05384_c	cpd11492_c + cpd11520_c --> cpd00011_c + cpd11493_c + cpd11521_c	
rxn05385_c	rxn05385_c	cpd00005_c + cpd00067_c + cpd11521_c --> cpd00006_c + cpd11522_c	
rxn05386_c	rxn05386_c	cpd11522_c --> cpd00001_c + cpd11523_c	
rxn05387_c	rxn05387_c	cpd00005_c + cpd00067_c + cpd11523_c --> cpd00006_c + cpd11524_c	
rxn05388_c	rxn05388_c	cpd11492_c + cpd11524_c --> cpd00011_c + cpd11493_c + cpd11525_c	
rxn05389_c	rxn05389_c	cpd00005_c + cpd00067_c + cpd11525_c --> cpd00006_c + cpd11526_c	
rxn05390_c	rxn05390_c	cpd11526_c --> cpd00001_c + cpd11527_c	
rxn05391_c	rxn05391_c	cpd00005_c + cpd00067_c + cpd11527_c --> cpd00006_c + cpd11528_c	
rxn05392_c	rxn05392_c	cpd11492_c + cpd11528_c --> cpd00011_c + cpd11493_c + cpd11529_c	
rxn05393_c	rxn05393_c	cpd00005_c + cpd00067_c + cpd11529_c --> cpd00006_c + cpd11530_c	
rxn05394_c	rxn05394_c	cpd11530_c --> cpd00001_c + cpd11531_c	
rxn05395_c	rxn05395_c	cpd00005_c + cpd00067_c + cpd11531_c --> cpd00006_c + cpd11532_c	
rxn05396_c	rxn05396_c	cpd11492_c + cpd11532_c --> cpd00011_c + cpd11493_c + cpd11533_c	
rxn05397_c	rxn05397_c	cpd00005_c + cpd00067_c + cpd11533_c --> cpd00006_c + cpd11534_c	
rxn05398_c	rxn05398_c	cpd11534_c --> cpd00001_c + cpd11535_c	
rxn05400_c	rxn05400_c	cpd11492_c + cpd11536_c --> cpd00011_c + cpd11493_c + cpd11537_c	
rxn05401_c	rxn05401_c	cpd00005_c + cpd00067_c + cpd11537_c --> cpd00006_c + cpd11538_c	
rxn05402_c	rxn05402_c	cpd11538_c --> cpd00001_c + cpd11539_c	
rxn05403_c	rxn05403_c	cpd00005_c + cpd00067_c + cpd11539_c --> cpd00006_c + cpd11540_c	
rxn05404_c	rxn05404_c	cpd11492_c + cpd11540_c --> cpd00011_c + cpd11493_c + cpd11541_c	
rxn05405_c	rxn05405_c	cpd00005_c + cpd00067_c + cpd11541_c --> cpd00006_c + cpd11542_c	
rxn05406_c	rxn05406_c	cpd11542_c --> cpd00001_c + cpd11543_c	
rxn05407_c	rxn05407_c	cpd00005_c + cpd00067_c + cpd11543_c --> cpd00006_c + cpd11544_c	
rxn05437_c	rxn05437_c	cpd00004_c + cpd00067_c + cpd11514_c --> cpd00003_c + cpd11515_c	
rxn05442_c	rxn05442_c	cpd00004_c + cpd00067_c + cpd11535_c --> cpd00003_c + cpd11536_c	
rxn05452_c	rxn05452_c	cpd00010_c + 2 cpd00067_c + cpd11519_c --> cpd11434_c + cpd11493_c	
rxn05454_c	rxn05454_c	cpd00010_c + 2 cpd00067_c + cpd11544_c --> cpd11432_c + cpd11493_c	
rxn05457_c	rxn05457_c	cpd01695_c + cpd11493_c --> cpd00010_c + cpd11466_c	
rxn05465_c_num1	rxn05465_c_num1	cpd00067_c + cpd00070_c + cpd11493_c --> cpd00010_c + cpd11492_c	
rxn05466_c_num1	rxn05466_c_num1	cpd00013_e --> cpd00013_c	
rxn05467_c	rxn05467_c	cpd00011_e --> cpd00011_c	
rxn05468_c	rxn05468_c	cpd00007_e --> cpd00007_c	
rxn05469_c	rxn05469_c	cpd00020_e + cpd00067_e --> cpd00020_c + cpd00067_c	
rxn05476_c	rxn05476_c	cpd00067_e + cpd00988_e --> cpd00067_c + cpd00988_c	
rxn05477_c	rxn05477_c	cpd00067_e + cpd03454_e --> cpd00067_c + cpd03454_c	
rxn05478_c	rxn05478_c	cpd00067_e + cpd03701_e --> cpd00067_c + cpd03701_c	
rxn05484_c	rxn05484_c	cpd00067_e + cpd00142_e --> cpd00067_c + cpd00142_c	
rxn05487_c	rxn05487_c	cpd00067_e + cpd00232_e --> cpd00067_c + cpd00232_c	
rxn05488_c	rxn05488_c	cpd00029_e + cpd00067_e --> cpd00029_c + cpd00067_c	
rxn05491_c	rxn05491_c	cpd00067_e + cpd00128_e --> cpd00067_c + cpd00128_c	
rxn05493_c	rxn05493_c	cpd00024_e + cpd00067_e --> cpd00024_c + cpd00067_c	
rxn05494_c	rxn05494_c	cpd00067_e + cpd00117_e --> cpd00067_c + cpd00117_c	
rxn05495_c	rxn05495_c	cpd00067_e + cpd00085_e --> cpd00067_c + cpd00085_c	
rxn05496_c	rxn05496_c	cpd00035_e + cpd00067_e --> cpd00035_c + cpd00067_c	
rxn05501_c	rxn05501_c	cpd00061_c + cpd03696_e --> cpd00020_c + cpd03697_c	
rxn05505_c_num1	rxn05505_c_num1	cpd00067_e + cpd11597_e --> cpd00067_c + cpd11597_c	
rxn05508_c	rxn05508_c	cpd00067_c + cpd00132_c --> cpd00067_e + cpd00132_e	
rxn05514_c	rxn05514_c	cpd00063_e + cpd00067_c --> cpd00063_c + cpd00067_e	
rxn05516_c_num1	rxn05516_c_num1	cpd00001_c + cpd00002_c + cpd01012_c --> cpd00008_c + cpd00009_c + cpd00067_c + cpd01012_e	
rxn05531_c	rxn05531_c	cpd00067_e + cpd11594_e --> cpd00067_c + cpd11594_c	
rxn05532_c	rxn05532_c	cpd00157_e --> cpd00157_c	
rxn05539_c	rxn05539_c	cpd00001_c + cpd00002_c + cpd01017_e --> cpd00008_c + cpd00009_c + cpd00067_c + cpd01017_c	
rxn05551_c	rxn05551_c	cpd00067_e + cpd00162_e --> cpd00067_c + cpd00162_c	
rxn05554_c	rxn05554_c	2 cpd00009_c + cpd00072_e --> 2 cpd00009_e + cpd00072_c	
rxn05555_c	rxn05555_c	cpd00001_c + cpd00002_c + cpd10515_e --> cpd00008_c + cpd00009_c + cpd00067_c + cpd10515_c	
rxn05559_c	rxn05559_c	cpd00047_e + cpd00067_e --> cpd00047_c + cpd00067_c	
rxn05560_c	rxn05560_c	cpd00061_c + cpd00082_e --> cpd00020_c + cpd00802_c	
rxn05561_c	rxn05561_c	cpd00067_e + cpd00106_e --> cpd00067_c + cpd00106_c	
rxn05563_c	rxn05563_c	2 cpd00009_c + cpd00079_e --> 2 cpd00009_e + cpd00079_c	
rxn05567_c	rxn05567_c	cpd00061_c + cpd01171_e --> cpd00020_c + cpd03752_c	
rxn05568_c	rxn05568_c	cpd00288_e --> cpd00288_c	
rxn05569_c	rxn05569_c	cpd00061_c + cpd00276_e --> cpd00020_c + cpd00288_c	
rxn05571_c	rxn05571_c	cpd00067_e + cpd00222_e --> cpd00067_c + cpd00222_c	
rxn05574_c	rxn05574_c	cpd00067_e + cpd00164_e --> cpd00067_c + cpd00164_c	
rxn05579_c_num1	rxn05579_c_num1	cpd00067_e + cpd00540_e --> cpd00067_c + cpd00540_c	
rxn05581_c	rxn05581_c	cpd00100_c --> cpd00100_e	
rxn05582_c	rxn05582_c	cpd00033_e + cpd00067_e --> cpd00033_c + cpd00067_c	
rxn05593_c_num1	rxn05593_c_num1	cpd00067_e + cpd00121_e --> cpd00067_c + cpd00121_c	
rxn05595_c	rxn05595_c	cpd00067_e + cpd00205_e --> cpd00067_c + cpd00205_c	
rxn05602_c	rxn05602_c	cpd00067_c + cpd00159_c --> cpd00067_e + cpd00159_e	
rxn05605_c	rxn05605_c	cpd00067_e + cpd00130_e --> cpd00067_c + cpd00130_c	
rxn05607_c	rxn05607_c	cpd00061_c + cpd00179_e --> cpd00020_c + cpd01919_c	
rxn05608_c	rxn05608_c	cpd00001_c + cpd00002_c + cpd01262_e --> cpd00008_c + cpd00009_c + cpd00067_c + cpd01262_c	
rxn05610_c	rxn05610_c	cpd00061_c + cpd00138_e --> cpd00020_c + cpd00235_c	
rxn05613_c	rxn05613_c	cpd00001_c + cpd00002_c + cpd01914_e --> cpd00008_c + cpd00009_c + cpd00067_c + cpd01914_c	
rxn05615_c	rxn05615_c	cpd00060_c + cpd00067_c --> cpd00060_e + cpd00067_e	
rxn05616_c	rxn05616_c	cpd00254_c --> cpd00254_e	
rxn05617_c	rxn05617_c	cpd00061_c + cpd00314_e --> cpd00020_c + cpd00491_c	
rxn05618_c	rxn05618_c	cpd00030_e + cpd00067_e --> cpd00030_c + cpd00067_c	
rxn05625_c	rxn05625_c	cpd00067_e + cpd00075_e --> cpd00067_c + cpd00075_c	
rxn05628_c	rxn05628_c	cpd00064_c + cpd00067_c --> cpd00064_e + cpd00067_e	
rxn05638_c	rxn05638_c	cpd00067_e + cpd00129_e --> cpd00067_c + cpd00129_c	
rxn05647_c	rxn05647_c	cpd00061_c + cpd01030_e --> cpd00020_c + cpd03698_c	
rxn05649_c	rxn05649_c	cpd00067_e + cpd00550_e --> cpd00067_c + cpd00550_c	
rxn05651_c_num1	rxn05651_c_num1	cpd00048_e + cpd00067_e --> cpd00048_c + cpd00067_c	
rxn05654_c_num1	rxn05654_c_num1	cpd00036_c + cpd00067_c --> cpd00036_e + cpd00067_e	
rxn05655_c	rxn05655_c	cpd00061_c + cpd00076_e --> cpd00020_c + cpd01693_c	
rxn05663_c	rxn05663_c	cpd00065_e + cpd00067_e --> cpd00065_c + cpd00067_c	
rxn05669_c	rxn05669_c	cpd00067_c + cpd00156_c --> cpd00067_e + cpd00156_e	
rxn05674_c	rxn05674_c	cpd00067_c + cpd00274_c --> cpd00067_e + cpd00274_e	
rxn05680_c	rxn05680_c	cpd00067_e + cpd01217_e --> cpd00067_c + cpd01217_c	
rxn05683_c	rxn05683_c	cpd00067_e + cpd00211_e --> cpd00067_c + cpd00211_c	
rxn05694_c	rxn05694_c	cpd00067_e + cpd01293_e --> cpd00067_c + cpd01293_c	
rxn05734_c	rxn05734_c	cpd00001_c + cpd00003_c + cpd00040_c --> cpd00004_c + 2 cpd00067_c + cpd00180_c	
rxn05735_c	rxn05735_c	cpd00001_c + cpd00003_c + cpd04122_c --> cpd00004_c + cpd00033_c + 2 cpd00067_c	
rxn05736_c_num1	rxn05736_c_num1	cpd00002_c + cpd00010_c + cpd03847_c --> cpd00012_c + cpd00018_c + cpd00067_c + cpd01695_c	
rxn05740_c_num1	rxn05740_c_num1	cpd00009_c + cpd00155_c --> cpd00089_c + cpd15302_c	
rxn05746_c	rxn05746_c	cpd00001_c + cpd01262_c --> cpd00027_c + cpd00179_c	
rxn05814_c	rxn05814_c	cpd00002_c + cpd12232_c --> cpd00008_c + cpd00354_c	
rxn05824_c	rxn05824_c	cpd00001_c + cpd11611_c --> cpd00010_c + cpd00049_c + cpd00067_c	
rxn05853_c_num1	rxn05853_c_num1	cpd00001_c + cpd00003_c + cpd11616_c --> cpd00004_c + cpd00049_c + 2 cpd00067_c	
rxn05854_c	rxn05854_c	cpd00001_c + cpd12031_c --> cpd00009_c + cpd00049_c + cpd00067_c	
rxn05856_c	rxn05856_c	cpd00001_c + cpd12028_c --> cpd00020_c + cpd00049_c + cpd00067_c	
rxn05871_c_num1	rxn05871_c_num1	cpd00003_c + cpd00195_c --> cpd00004_c + cpd00067_c + cpd11616_c	
rxn05872_c_num1	rxn05872_c_num1	cpd00003_c + cpd11679_c --> cpd00004_c + cpd00067_c + cpd11733_c	
rxn05874_c_num1	rxn05874_c_num1	cpd00001_c + cpd11818_c --> cpd00009_c + cpd00057_c + cpd00067_c	
rxn05890_c	rxn05890_c	cpd00067_c + cpd00075_c + cpd12712_c --> cpd00001_c + cpd00418_c + cpd12711_c	
rxn05899_c	rxn05899_c	cpd00076_c + cpd12508_c --> cpd01693_c + cpd11712_c	
rxn05910_c_num1	rxn05910_c_num1	cpd00005_c + cpd00067_c + cpd12732_c --> cpd00006_c + cpd00042_c + cpd00084_c	
rxn05918_c	rxn05918_c	cpd00067_c + cpd00083_c + cpd11619_c --> cpd00031_c + cpd12407_c	
rxn05952_c	rxn05952_c	cpd00042_c + cpd11623_c --> cpd01017_c + cpd12381_c	
rxn05975_c	rxn05975_c	cpd00001_c + cpd00003_c + cpd11693_c --> cpd00004_c + 2 cpd00067_c + cpd11625_c	
rxn05990_c	rxn05990_c	cpd00001_c + cpd11677_c --> cpd00049_c + cpd00067_c + cpd11423_c	
rxn06023_c_num1	rxn06023_c_num1	cpd00010_c + cpd12370_c --> cpd00045_c + cpd11493_c	
rxn06043_c	rxn06043_c	cpd00052_c + cpd11422_c --> cpd00012_c + cpd11427_c	
rxn06045_c	rxn06045_c	cpd00080_c + cpd11427_c --> cpd00046_c + cpd00067_c + cpd11454_c	
rxn06060_c_num1	rxn06060_c_num1	2 cpd00042_c + cpd00268_c --> cpd00067_c + cpd00081_c + cpd00111_c + cpd00239_c	
rxn06075_c	rxn06075_c	cpd00014_c + cpd11421_c --> cpd00001_c + cpd00978_c + cpd11420_c	
rxn06076_c	rxn06076_c	cpd00096_c + cpd11421_c --> cpd00001_c + cpd00533_c + cpd11420_c	
rxn06078_c	rxn06078_c	cpd00268_c + cpd00790_c + cpd11421_c --> cpd00029_c + cpd00067_c + cpd00081_c + cpd00135_c + cpd11420_c	
rxn06096_c	rxn06096_c	cpd00009_c + cpd11657_c --> cpd00089_c + cpd11735_c	
rxn06135_c	rxn06135_c	2 cpd00004_c + 3 cpd00067_c + cpd00070_c + cpd00327_c --> cpd00001_c + 2 cpd00003_c + cpd00010_c + cpd00011_c + cpd01393_c	
rxn06136_c	rxn06136_c	2 cpd00005_c + 3 cpd00067_c + cpd00070_c + cpd00327_c --> cpd00001_c + 2 cpd00006_c + cpd00010_c + cpd00011_c + cpd01393_c	
rxn06145_c	rxn06145_c	cpd11423_c + cpd11611_c --> cpd00010_c + cpd11677_c	
rxn06182_c	rxn06182_c	cpd00001_c + cpd11820_c --> cpd00009_c + cpd11704_c	
rxn06197_c	rxn06197_c	cpd00002_c + cpd11712_c --> cpd00008_c + cpd00067_c + cpd12508_c	
rxn06217_c	rxn06217_c	cpd00001_c + cpd11423_c --> cpd00049_c + cpd00067_c + cpd01297_c	
rxn06218_c	rxn06218_c	cpd00001_c + cpd11423_c --> cpd00049_c + cpd00067_c + cpd01431_c	
rxn06297_c_num1	rxn06297_c_num1	cpd00017_c + cpd11767_c --> cpd00067_c + cpd00147_c + cpd12564_c	
rxn06372_c	rxn06372_c	cpd00017_c + cpd11827_c --> cpd00019_c + cpd00067_c + cpd12496_c	
rxn06373_c_num1	rxn06373_c_num1	cpd00017_c + cpd11827_c --> cpd00019_c + cpd00067_c + cpd12523_c	
rxn06429_c_num1	rxn06429_c_num1	cpd00004_c + cpd00067_c + cpd11904_c --> cpd00003_c + cpd02111_c	
rxn06488_c_num1	rxn06488_c_num1	cpd00001_c + cpd11999_c --> cpd00067_c + cpd12503_c	
rxn06510_c	rxn06510_c	cpd00022_c + cpd01260_c --> cpd00010_c + cpd12689_c	
rxn06526_c	rxn06526_c	cpd00006_c + cpd12072_c --> cpd00005_c + cpd00067_c + cpd12139_c	
rxn06538_c	rxn06538_c	cpd00201_c + cpd12105_c --> cpd00067_c + cpd00087_c + cpd12285_c	
rxn06556_c_num1	rxn06556_c_num1	cpd00001_c + cpd11468_c --> cpd00067_c + cpd01741_c + cpd11493_c	
rxn06584_c_num1	rxn06584_c_num1	cpd00001_c + cpd12422_c --> cpd00042_c + cpd00067_c + cpd12221_c	
rxn06591_c	rxn06591_c	cpd00005_c + cpd00067_c + cpd12227_c --> cpd00006_c + cpd02345_c + cpd11912_c	
rxn06595_c	rxn06595_c	cpd00001_c + cpd11420_c + cpd12237_c --> cpd11421_c + cpd12420_c	
rxn06600_c	rxn06600_c	cpd00087_c + cpd11830_c --> cpd00013_c + cpd00125_c + cpd12225_c	
rxn06624_c_num1	rxn06624_c_num1	cpd00001_c + cpd12414_c --> cpd00067_c + cpd11615_c + cpd12338_c	
rxn06631_c_num1	rxn06631_c_num1	cpd00001_c + cpd12506_c --> cpd00047_c + cpd12353_c	
rxn06641_c	rxn06641_c	cpd00001_c + cpd02602_c + cpd11420_c --> cpd11421_c + cpd12378_c	
rxn06649_c	rxn06649_c	cpd00022_c + cpd12394_c --> cpd00010_c + cpd00067_c + cpd12524_c	
rxn06672_c	rxn06672_c	cpd00002_c + cpd00242_c + cpd12848_c --> cpd00008_c + cpd00009_c + cpd00067_c + cpd12543_c	
rxn06723_c_num1	rxn06723_c_num1	cpd03584_c + cpd11484_c --> cpd02835_c + cpd11493_c	
rxn06726_c	rxn06726_c	cpd00002_c + cpd00104_c + cpd12600_c --> cpd00012_c + cpd00018_c + 2 cpd00067_c + cpd12590_c	
rxn06729_c_num1	rxn06729_c_num1	cpd00037_c + cpd00067_c + cpd11484_c --> cpd02886_c + cpd11493_c	
rxn06776_c	rxn06776_c	cpd00062_c + cpd12687_c --> cpd00012_c + cpd00067_c + cpd12702_c	
rxn06777_c	rxn06777_c	cpd00003_c + cpd03115_c --> cpd00004_c + cpd00067_c + cpd12689_c	
rxn06799_c	rxn06799_c	cpd00017_c + cpd11763_c --> cpd00019_c + cpd00067_c + cpd12223_c	
rxn06848_c	rxn06848_c	cpd03736_c + cpd11466_c --> cpd03587_c + cpd11493_c	
rxn06864_c	rxn06864_c	cpd03517_c + cpd12847_c --> cpd00018_c + 2 cpd00067_c + cpd12848_c	
rxn06865_c	rxn06865_c	cpd03586_c + cpd11468_c --> cpd03736_c + cpd11493_c	
rxn06904_c	rxn06904_c	cpd00004_c + cpd03770_c --> cpd00003_c + cpd00099_c + cpd01498_c	
rxn06947_c_num1	rxn06947_c_num1	cpd00001_c + cpd13364_c --> cpd00047_c + cpd13365_c	
rxn06959_c	rxn06959_c	cpd00002_c + cpd00010_c + cpd01059_c --> cpd00012_c + cpd00018_c + cpd00321_c	
rxn06991_c	rxn06991_c	cpd08301_c + cpd12072_c --> cpd00001_c + cpd08615_c + cpd12139_c	
rxn07056_c	rxn07056_c	cpd00001_c + cpd11636_c --> cpd00013_c + cpd00049_c	
rxn07100_c	rxn07100_c	cpd00444_c + cpd12273_c --> cpd00046_c + cpd00067_c + cpd12554_c	
rxn07204_c_num1	rxn07204_c_num1	cpd00007_c + cpd01270_c + cpd14478_c --> cpd00001_c + cpd00050_c + cpd00081_c + cpd11616_c	
rxn07230_c	rxn07230_c	cpd00001_c + cpd13383_c --> cpd00009_c + cpd12572_c	
rxn07251_c_num1	rxn07251_c_num1	cpd00004_c + cpd00067_c + cpd00364_c --> cpd00003_c + cpd00415_c	
rxn07261_c	rxn07261_c	cpd00046_c + cpd00067_c + cpd12606_c --> cpd00444_c + cpd12322_c	
rxn07292_c	rxn07292_c	cpd00084_c + cpd14547_c --> cpd00035_c + cpd14548_c	
rxn07312_c	rxn07312_c	cpd00017_c + cpd01306_c --> cpd00019_c + cpd00067_c + cpd05727_c	
rxn07437_c	rxn07437_c	cpd00001_c + cpd00060_c + cpd11420_c --> cpd11421_c + cpd14721_c	
rxn07438_c	rxn07438_c	cpd00001_c + cpd11420_c + cpd12237_c --> cpd11421_c + cpd14507_c	
rxn07486_c	rxn07486_c	cpd00059_c + cpd12508_c --> cpd11712_c + cpd14905_c	
rxn07584_c	rxn07584_c	cpd00002_c + cpd00541_c --> cpd00012_c + cpd14955_c	
rxn07585_c	rxn07585_c	cpd14955_c + cpd14957_c --> cpd00018_c + 2 cpd00067_c + cpd14954_c	
rxn07595_c	rxn07595_c	cpd00004_c + cpd14965_c --> cpd00003_c + cpd00966_c + cpd01498_c	
rxn07602_c	rxn07602_c	cpd00001_c + cpd00007_c + cpd03777_c --> 2 cpd00067_c + cpd00081_c + cpd01644_c	
rxn07841_c	rxn07841_c	cpd00002_c + cpd00202_c --> cpd00012_c + cpd00067_c + cpd15130_c	
rxn07842_c	rxn07842_c	cpd00008_c + cpd00202_c --> cpd00012_c + cpd00067_c + cpd15131_c	
rxn07875_c	rxn07875_c	cpd00001_c + cpd00003_c + cpd01061_c --> cpd00004_c + 2 cpd00067_c + cpd15165_c	
rxn07876_c	rxn07876_c	cpd00001_c + cpd00003_c + cpd06739_c --> cpd00004_c + 2 cpd00067_c + cpd15166_c	
rxn07885_c	rxn07885_c	cpd00001_c + cpd00003_c + cpd08238_c --> cpd00004_c + 2 cpd00067_c + cpd15166_c	
rxn07889_c	rxn07889_c	cpd00004_c + cpd00007_c + cpd00067_c + cpd01575_c --> cpd00003_c + cpd15186_c	
rxn07890_c	rxn07890_c	cpd00004_c + cpd00007_c + cpd00067_c + cpd01575_c --> cpd00003_c + cpd15185_c	
rxn07896_c	rxn07896_c	cpd00004_c + cpd00007_c + cpd00067_c + cpd01579_c --> cpd00003_c + cpd15182_c	
rxn07897_c	rxn07897_c	cpd00004_c + cpd00007_c + cpd00067_c + cpd01579_c --> cpd00003_c + cpd15183_c	
rxn07898_c	rxn07898_c	cpd00004_c + cpd00007_c + cpd00067_c + cpd01583_c --> cpd00003_c + cpd15184_c	
rxn07899_c	rxn07899_c	cpd00003_c + cpd15182_c --> cpd00004_c + cpd00011_c + cpd15176_c	
rxn07900_c	rxn07900_c	cpd00003_c + cpd15183_c --> cpd00004_c + cpd00011_c + cpd15177_c	
rxn07901_c	rxn07901_c	cpd00003_c + cpd15184_c --> cpd00004_c + cpd00011_c + cpd15177_c	
rxn07902_c	rxn07902_c	cpd00007_c + cpd15176_c --> 2 cpd00067_c + cpd15179_c	
rxn07903_c	rxn07903_c	cpd00007_c + cpd15177_c --> 2 cpd00067_c + cpd15178_c	
rxn07976_c	rxn07976_c	cpd15366_c --> cpd00001_c + cpd15569_c	
rxn07977_c	rxn07977_c	cpd15368_c --> cpd00001_c + cpd15570_c	
rxn07978_c	rxn07978_c	cpd15369_c --> cpd00001_c + cpd15571_c	
rxn07979_c	rxn07979_c	cpd15371_c --> cpd00001_c + cpd15572_c	
rxn07980_c	rxn07980_c	cpd15370_c --> cpd00001_c + cpd15568_c	
rxn07981_c	rxn07981_c	cpd11836_c --> cpd00001_c + cpd11465_c	
rxn07987_c	rxn07987_c	cpd00005_c + cpd00067_c + cpd15373_c --> cpd00006_c + cpd15366_c	
rxn07989_c	rxn07989_c	cpd00005_c + cpd00067_c + cpd15374_c --> cpd00006_c + cpd15368_c	
rxn07991_c	rxn07991_c	cpd00005_c + cpd00067_c + cpd15375_c --> cpd00006_c + cpd15369_c	
rxn07992_c	rxn07992_c	cpd00005_c + cpd00067_c + cpd15377_c --> cpd00006_c + cpd15371_c	
rxn07993_c	rxn07993_c	cpd00005_c + cpd00067_c + cpd15376_c --> cpd00006_c + cpd15370_c	
rxn07994_c	rxn07994_c	cpd00005_c + cpd11488_c --> cpd00006_c + cpd11836_c	
rxn07997_c_num1	rxn07997_c_num1	cpd00011_c + cpd11493_c + cpd15373_c --> cpd11492_c + cpd15416_c	
rxn07998_c_num1	rxn07998_c_num1	cpd00011_c + cpd11493_c + cpd15374_c --> cpd11492_c + cpd15415_c	
rxn08000_c_num1	rxn08000_c_num1	cpd00011_c + cpd11493_c + cpd15375_c --> cpd11492_c + cpd15294_c	
rxn08001_c_num1	rxn08001_c_num1	cpd11492_c + cpd15277_c --> cpd00011_c + cpd11493_c + cpd15377_c	
rxn08002_c_num1	rxn08002_c_num1	cpd00011_c + cpd11493_c + cpd15376_c --> cpd11492_c + cpd15239_c	
rxn08005_c	rxn08005_c	cpd00989_c --> cpd00989_e	
rxn08014_c	rxn08014_c	cpd00002_c + cpd03847_c + cpd11493_c --> cpd00012_c + cpd00018_c + cpd00067_c + cpd11466_c	
rxn08016_c	rxn08016_c	cpd00002_c + cpd00214_c + cpd11493_c --> cpd00012_c + cpd00018_c + 2 cpd00067_c + cpd15277_c	
rxn08017_c_num1	rxn08017_c_num1	cpd00002_c + cpd11493_c + cpd15237_c --> cpd00012_c + cpd00018_c + 2 cpd00067_c + cpd15239_c	
rxn08018_c_num1	rxn08018_c_num1	cpd00002_c + cpd11493_c + cpd15269_c --> cpd00012_c + cpd00018_c + 2 cpd00067_c + cpd11825_c	
rxn08019_c_num1	rxn08019_c_num1	cpd00002_c + cpd01080_c + cpd11493_c --> cpd00012_c + cpd00018_c + 2 cpd00067_c + cpd15268_c	
rxn08020_c	rxn08020_c	cpd00002_c + cpd01741_c + cpd11493_c --> cpd00012_c + cpd00018_c + cpd00067_c + cpd11468_c	
rxn08021_c	rxn08021_c	cpd00002_c + cpd01107_c + cpd11493_c --> cpd00012_c + cpd00018_c + cpd00067_c + cpd11474_c	
rxn08022_c	rxn08022_c	cpd00002_c + cpd03846_c + cpd11493_c --> cpd00012_c + cpd00018_c + cpd00067_c + cpd11470_c	
rxn08032_c	rxn08032_c	cpd00071_c --> cpd00071_e	
rxn08039_c	rxn08039_c	cpd02611_c --> cpd02611_e	
rxn08040_c	rxn08040_c	cpd00037_c + cpd00286_c --> cpd00091_c + cpd00946_c	
rxn08043_c	rxn08043_c	cpd00020_c + cpd00067_c + cpd00094_c --> cpd00011_c + cpd00498_c	
rxn08047_c	rxn08047_c	cpd00492_c --> cpd00492_e	
rxn08059_c	rxn08059_c	cpd00722_c --> cpd00722_e	
rxn08094_c	rxn08094_c	cpd00003_c + cpd00010_c + cpd00024_c --> cpd00004_c + cpd00011_c + cpd00078_c	
rxn08098_c_num1	rxn08098_c_num1	cpd00001_c + cpd00002_c + cpd00731_e --> cpd00008_c + cpd00009_c + cpd00067_c + cpd00731_c	
rxn08126_c	rxn08126_c	cpd00179_c + cpd01262_c --> cpd00027_c + cpd01399_c	
rxn08127_c	rxn08127_c	cpd00179_c + cpd01399_c --> cpd00027_c + cpd15495_c	
rxn08128_c	rxn08128_c	cpd00179_c + cpd15495_c --> cpd00027_c + cpd01329_c	
rxn08129_c	rxn08129_c	cpd00179_c + cpd01329_c --> cpd00027_c + cpd15494_c	
rxn08133_c_num1	rxn08133_c_num1	cpd00001_c + cpd15551_c --> cpd00033_c + 2 cpd00067_c + cpd00129_c	
rxn08160_c	rxn08160_c	cpd00001_c + cpd00002_c + cpd00132_e --> cpd00008_c + cpd00009_c + cpd00067_c + cpd00132_c	
rxn08167_c	rxn08167_c	cpd00041_c + cpd15500_c --> cpd03470_c + cpd15499_c	
rxn08173_c	rxn08173_c	cpd00008_c + cpd00009_c + 4 cpd00067_e --> cpd00001_c + cpd00002_c + 3 cpd00067_c	
rxn08180_c	rxn08180_c	cpd00017_c + cpd00074_c + cpd01311_c --> cpd00060_c + cpd00067_c + cpd00104_c + cpd03091_c	
rxn08194_c	rxn08194_c	cpd00002_c + cpd00635_c --> cpd00166_c + cpd00421_c	
rxn08204_c	rxn08204_c	cpd00046_c + cpd00067_c + cpd15526_c --> cpd00001_c + cpd15421_c	
rxn08236_c	rxn08236_c	cpd00046_c --> cpd00046_e	
rxn08276_c	rxn08276_c	cpd00150_c --> cpd00150_e	
rxn08287_c	rxn08287_c	0.5 cpd00007_c + 2 cpd00067_c + cpd15499_c --> cpd00001_c + 2 cpd00067_e + cpd15500_c	
rxn08303_c	rxn08303_c	cpd00294_c --> cpd00294_e	
rxn08306_c	rxn08306_c	cpd00052_c + cpd15521_c --> cpd00012_c + cpd00067_c + cpd15417_c	
rxn08307_c	rxn08307_c	cpd00052_c + cpd15522_c --> cpd00012_c + cpd00067_c + cpd15423_c	
rxn08308_c	rxn08308_c	cpd00052_c + cpd15523_c --> cpd00012_c + cpd00067_c + cpd15422_c	
rxn08309_c	rxn08309_c	cpd00052_c + cpd15524_c --> cpd00012_c + cpd00067_c + cpd15419_c	
rxn08310_c	rxn08310_c	cpd00052_c + cpd15525_c --> cpd00012_c + cpd00067_c + cpd15418_c	
rxn08311_c	rxn08311_c	cpd00052_c + cpd15526_c --> cpd00012_c + cpd00067_c + cpd15421_c	
rxn08312_c	rxn08312_c	cpd00052_c + cpd15527_c --> cpd00012_c + cpd00067_c + cpd15420_c	
rxn08315_c	rxn08315_c	cpd00206_c --> cpd00206_e	
rxn08322_c	rxn08322_c	cpd00296_c --> cpd00296_e	
rxn08323_c	rxn08323_c	cpd00067_e + cpd00277_e --> cpd00067_c + cpd00277_c	
rxn08336_c	rxn08336_c	cpd00282_c + cpd15500_c --> cpd00247_c + cpd15499_c	
rxn08342_c	rxn08342_c	cpd03704_c --> cpd03704_e	
rxn08343_c	rxn08343_c	cpd00067_e + cpd03279_e --> cpd00067_c + cpd03279_c	
rxn08345_c	rxn08345_c	cpd00005_c + cpd00067_c + cpd01793_c --> cpd00006_c + cpd15351_c	
rxn08350_c	rxn08350_c	cpd00067_c + cpd00221_c --> cpd00067_e + cpd00221_e	
rxn08355_c	rxn08355_c	cpd08021_c + cpd15499_c --> cpd00001_c + cpd00450_c + cpd15500_c	
rxn08358_c	rxn08358_c	cpd08021_c --> cpd08021_e	
rxn08359_c	rxn08359_c	cpd00450_c --> cpd00450_e	
rxn08374_c	rxn08374_c	cpd00298_c --> cpd00298_e	
rxn08375_c	rxn08375_c	cpd00299_c --> cpd00299_e	
rxn08376_c	rxn08376_c	cpd00067_e + cpd00412_e --> cpd00067_c + cpd00412_c	
rxn08386_c	rxn08386_c	cpd00004_c + cpd00067_c + cpd15569_c --> cpd00003_c + cpd15415_c	
rxn08390_c	rxn08390_c	cpd00004_c + cpd00067_c + cpd15570_c --> cpd00003_c + cpd15294_c	
rxn08392_c	rxn08392_c	cpd00004_c + cpd00067_c + cpd11477_c --> cpd00003_c + cpd15277_c	
rxn08394_c	rxn08394_c	cpd00004_c + cpd00067_c + cpd15571_c --> cpd00003_c + cpd15239_c	
rxn08395_c	rxn08395_c	cpd00005_c + cpd00067_c + cpd15571_c --> cpd00006_c + cpd15239_c	
rxn08396_c	rxn08396_c	cpd00004_c + cpd00067_c + cpd15572_c --> cpd00003_c + cpd15268_c	
rxn08398_c	rxn08398_c	cpd00004_c + cpd00067_c + cpd15568_c --> cpd00003_c + cpd11825_c	
rxn08399_c	rxn08399_c	cpd00005_c + cpd00067_c + cpd15568_c --> cpd00006_c + cpd11825_c	
rxn08427_c	rxn08427_c	cpd00067_e + cpd00363_e --> cpd00067_c + cpd00363_c	
rxn08433_c	rxn08433_c	cpd00001_c + cpd11474_c --> cpd00067_c + cpd01107_c + cpd11493_c	
rxn08434_c	rxn08434_c	cpd00001_c + cpd11466_c --> cpd00067_c + cpd03847_c + cpd11493_c	
rxn08436_c	rxn08436_c	cpd00001_c + cpd15277_c --> cpd00214_c + cpd11493_c	
rxn08438_c	rxn08438_c	cpd00001_c + cpd11470_c --> cpd00067_c + cpd03846_c + cpd11493_c	
rxn08440_c	rxn08440_c	cpd00001_c + cpd01260_c --> cpd00010_c + cpd00067_c + cpd01741_c	
rxn08441_c	rxn08441_c	cpd00001_c + cpd01695_c --> cpd00010_c + cpd00067_c + cpd03847_c	
rxn08444_c	rxn08444_c	cpd00001_c + cpd00327_c --> cpd00010_c + cpd00067_c + cpd01080_c	
rxn08448_c_num1	rxn08448_c_num1	cpd00002_c + cpd00010_c + cpd01107_e --> cpd00012_c + cpd00018_c + cpd00067_e + cpd03128_c	
rxn08449_c_num1	rxn08449_c_num1	cpd00002_c + cpd00010_c + cpd01741_e --> cpd00012_c + cpd00018_c + cpd00067_e + cpd01260_c	
rxn08450_c_num1	rxn08450_c_num1	cpd00002_c + cpd00010_c + cpd03847_e --> cpd00012_c + cpd00018_c + cpd00067_e + cpd01695_c	
rxn08451_c_num1	rxn08451_c_num1	cpd00012_c + cpd00018_c + cpd15295_c --> cpd00002_c + cpd00010_c + cpd15298_e	
rxn08452_c_num1	rxn08452_c_num1	cpd00002_c + cpd00010_c + cpd00214_e --> cpd00012_c + cpd00018_c + cpd00067_e + cpd00134_c	
rxn08453_c_num1	rxn08453_c_num1	cpd00002_c + cpd00010_c + cpd15237_e --> cpd00012_c + cpd00018_c + cpd15238_c	
rxn08454_c_num1	rxn08454_c_num1	cpd00002_c + cpd00010_c + cpd01080_e --> cpd00012_c + cpd00018_c + cpd00067_e + cpd00327_c	
rxn08455_c_num1	rxn08455_c_num1	cpd00002_c + cpd00010_c + cpd15269_e --> cpd00012_c + cpd00018_c + cpd15274_c	
rxn08456_c_num1	rxn08456_c_num1	cpd00002_c + cpd00010_c + cpd01113_e --> cpd00012_c + cpd00018_c + cpd00067_e + cpd03124_c	
rxn08457_c_num1	rxn08457_c_num1	cpd00002_c + cpd00010_c + cpd03846_e --> cpd00012_c + cpd00018_c + cpd00067_e + cpd01335_c	
rxn08521_c	rxn08521_c	cpd00004_c + 2 cpd00067_c + cpd00220_c --> cpd00003_c + cpd00739_c	
rxn08537_c	rxn08537_c	cpd00082_c --> cpd00082_e	
rxn08538_c	rxn08538_c	cpd00067_e + cpd00672_e --> cpd00067_c + cpd00672_c	
rxn08545_c	rxn08545_c	cpd00089_c --> cpd00089_e	
rxn08547_c_num1	rxn08547_c_num1	cpd00080_c + cpd11466_c --> cpd11493_c + cpd15331_c	
rxn08557_c	rxn08557_c	cpd00080_c + cpd15500_c --> cpd00095_c + cpd15499_c	
rxn08559_c	rxn08559_c	cpd00001_c + cpd00002_c + cpd00908_e --> cpd00008_c + cpd00009_c + cpd00067_c + cpd00908_c	
rxn08561_c	rxn08561_c	cpd00001_c + cpd00002_c + cpd02090_e --> cpd00008_c + cpd00009_c + cpd00067_c + cpd02090_c	
rxn08563_c	rxn08563_c	cpd00001_c + cpd00002_c + cpd00902_e --> cpd00008_c + cpd00009_c + cpd00067_c + cpd00902_c	
rxn08565_c	rxn08565_c	cpd00001_c + cpd00002_c + cpd15468_e --> cpd00008_c + cpd00009_c + cpd00067_c + cpd15468_c	
rxn08572_c	rxn08572_c	cpd00348_c --> cpd00348_e	
rxn08583_c	rxn08583_c	cpd00026_c + cpd15479_c --> cpd00014_c + cpd15469_c	
rxn08617_c_num1	rxn08617_c_num1	cpd00027_e --> cpd00027_c	
rxn08618_c	rxn08618_c	cpd00026_c + cpd15489_c --> cpd00014_c + 4 cpd00067_c + cpd15479_c	
rxn08619_c	rxn08619_c	cpd00026_c + cpd15469_c --> cpd00014_c + cpd15475_c	
rxn08620_c	rxn08620_c	cpd00026_c + cpd15475_c --> cpd00014_c + cpd15477_c	
rxn08635_c	rxn08635_c	cpd00448_c --> cpd00448_e	
rxn08644_c	rxn08644_c	cpd00067_e + cpd00223_e --> cpd00067_c + cpd00223_c	
rxn08647_c	rxn08647_c	cpd00002_c + cpd00223_c --> cpd00008_c + cpd00067_c + cpd00482_c	
rxn08664_c	rxn08664_c	cpd00126_c --> cpd00126_e	
rxn08667_c	rxn08667_c	cpd00001_c + cpd00925_c --> 2 cpd00031_c	
rxn08669_c_num1	rxn08669_c_num1	cpd00001_c + cpd02090_c --> cpd00067_c + cpd00080_c + cpd00100_c	
rxn08675_c	rxn08675_c	cpd00001_c + cpd00002_c + cpd00042_c --> cpd00008_c + cpd00009_c + cpd00042_e + cpd00067_c	
rxn08689_c	rxn08689_c	cpd00239_c --> cpd00239_e	
rxn08691_c	rxn08691_c	cpd11640_c --> cpd11640_e	
rxn08708_c	rxn08708_c	cpd00002_c + cpd15484_c --> cpd00008_c + cpd00067_c + cpd15549_c	
rxn08709_c	rxn08709_c	cpd00002_c + cpd15488_c --> cpd00008_c + cpd00067_c + cpd15550_c	
rxn08710_c	rxn08710_c	cpd03587_c + cpd03831_c --> cpd00008_c + cpd15485_c	
rxn08711_c	rxn08711_c	cpd03831_c + cpd15485_c --> cpd00008_c + cpd15484_c	
rxn08712_c	rxn08712_c	cpd03831_c + cpd15549_c --> cpd00008_c + cpd15488_c	
rxn08722_c	rxn08722_c	cpd00067_e + cpd00227_c --> cpd00067_c + cpd00227_e	
rxn08749_c	rxn08749_c	cpd00114_c --> cpd00114_e	
rxn08750_c	rxn08750_c	cpd00067_c + cpd00359_c --> cpd00067_e + cpd00359_e	
rxn08766_c_num1	rxn08766_c_num1	cpd00010_c + cpd00011_c + cpd11488_c --> cpd00022_c + cpd11492_c	
rxn08793_c_num1	rxn08793_c_num1	cpd00159_c + cpd15500_c --> cpd00020_c + cpd15499_c	
rxn08796_c_num1	rxn08796_c_num1	cpd00001_c + cpd15325_c --> cpd00067_c + cpd00080_c + cpd01741_c	
rxn08797_c_num1	rxn08797_c_num1	cpd00001_c + cpd15331_c --> cpd00067_c + cpd00080_c + cpd03847_c	
rxn08798_c_num1	rxn08798_c_num1	cpd00001_c + cpd15330_c --> 2 cpd00067_c + cpd00080_c + cpd15298_c	
rxn08799_c_num1	rxn08799_c_num1	cpd00001_c + cpd15327_c --> 2 cpd00067_c + cpd00080_c + cpd00214_c	
rxn08800_c_num1	rxn08800_c_num1	cpd00001_c + cpd15326_c --> 2 cpd00067_c + cpd00080_c + cpd15237_c	
rxn08801_c_num1	rxn08801_c_num1	cpd00001_c + cpd15329_c --> cpd00067_c + cpd00080_c + cpd01080_c	
rxn08802_c_num1	rxn08802_c_num1	cpd00001_c + cpd15328_c --> 2 cpd00067_c + cpd00080_c + cpd15269_c	
rxn08803_c_num1	rxn08803_c_num1	cpd00001_c + cpd15313_c --> cpd00067_c + cpd00908_c + cpd01741_c	
rxn08804_c_num1	rxn08804_c_num1	cpd00001_c + cpd15314_c --> cpd00067_c + cpd00908_c + cpd03847_c	
rxn08805_c_num1	rxn08805_c_num1	cpd00001_c + cpd15315_c --> cpd00067_c + cpd00908_c + cpd15298_c	
rxn08806_c_num1	rxn08806_c_num1	cpd00001_c + cpd15316_c --> cpd00067_c + cpd00214_c + cpd00908_c	
rxn08807_c_num1	rxn08807_c_num1	cpd00001_c + cpd15317_c --> cpd00067_c + cpd00908_c + cpd15237_c	
rxn08808_c_num1	rxn08808_c_num1	cpd00001_c + cpd00067_c + cpd12547_c --> cpd00908_c + cpd01080_c	
rxn08809_c_num1	rxn08809_c_num1	cpd00001_c + cpd12547_c --> cpd00067_c + cpd00908_c + cpd15269_c	
rxn08810_c_num1	rxn08810_c_num1	cpd00001_c + cpd15318_c --> cpd00067_c + cpd01741_c + cpd02090_c	
rxn08811_c_num1	rxn08811_c_num1	cpd00001_c + cpd15319_c --> cpd00067_c + cpd02090_c + cpd03847_c	
rxn08812_c_num1	rxn08812_c_num1	cpd00001_c + cpd15320_c --> cpd00067_c + cpd02090_c + cpd15298_c	
rxn08813_c_num1	rxn08813_c_num1	cpd00001_c + cpd15321_c --> cpd00067_c + cpd00214_c + cpd02090_c	
rxn08814_c_num1	rxn08814_c_num1	cpd00001_c + cpd15322_c --> cpd00067_c + cpd02090_c + cpd15237_c	
rxn08815_c_num1	rxn08815_c_num1	cpd00001_c + cpd15323_c --> cpd00067_c + cpd01080_c + cpd02090_c	
rxn08816_c_num1	rxn08816_c_num1	cpd00001_c + cpd15324_c --> cpd00067_c + cpd02090_c + cpd15269_c	
rxn08817_c_num1	rxn08817_c_num1	cpd00001_c + cpd15350_c --> 2 cpd00067_c + cpd00080_c + cpd01741_c	
rxn08818_c_num1	rxn08818_c_num1	cpd00001_c + cpd15363_c --> 2 cpd00067_c + cpd00080_c + cpd03847_c	
rxn08819_c_num1	rxn08819_c_num1	cpd00001_c + cpd15362_c --> 2 cpd00067_c + cpd00080_c + cpd15298_c	
rxn08820_c_num1	rxn08820_c_num1	cpd00001_c + cpd15355_c --> 2 cpd00067_c + cpd00080_c + cpd00214_c	
rxn08821_c_num1	rxn08821_c_num1	cpd00001_c + cpd15354_c --> 2 cpd00067_c + cpd00080_c + cpd15237_c	
rxn08822_c_num1	rxn08822_c_num1	cpd00001_c + cpd15358_c --> 2 cpd00067_c + cpd00080_c + cpd01080_c	
rxn08823_c_num1	rxn08823_c_num1	cpd00001_c + cpd15357_c --> 2 cpd00067_c + cpd00080_c + cpd15269_c	
rxn08838_c_num1	rxn08838_c_num1	cpd00001_c + cpd15336_c --> cpd00067_c + cpd00908_c + cpd01741_c	
rxn08839_c_num1	rxn08839_c_num1	cpd00001_c + cpd15337_c --> cpd00067_c + cpd00908_c + cpd03847_c	
rxn08840_c_num1	rxn08840_c_num1	cpd00001_c + cpd15338_c --> cpd00067_c + cpd00908_c + cpd15298_c	
rxn08841_c_num1	rxn08841_c_num1	cpd00001_c + cpd15339_c --> cpd00067_c + cpd00214_c + cpd00908_c	
rxn08842_c_num1	rxn08842_c_num1	cpd00001_c + cpd15340_c --> cpd00067_c + cpd00908_c + cpd15237_c	
rxn08843_c_num1	rxn08843_c_num1	cpd00001_c + cpd15341_c --> cpd00067_c + cpd00908_c + cpd01080_c	
rxn08844_c_num1	rxn08844_c_num1	cpd00001_c + cpd15342_c --> cpd00067_c + cpd00908_c + cpd15269_c	
rxn08845_c_num1	rxn08845_c_num1	cpd00001_c + cpd15343_c --> cpd00067_c + cpd01741_c + cpd02090_c	
rxn08846_c_num1	rxn08846_c_num1	cpd00001_c + cpd15344_c --> cpd00067_c + cpd02090_c + cpd03847_c	
rxn08847_c_num1	rxn08847_c_num1	cpd00001_c + cpd15345_c --> cpd00067_c + cpd02090_c + cpd15298_c	
rxn08848_c_num1	rxn08848_c_num1	cpd00001_c + cpd15346_c --> cpd00067_c + cpd00214_c + cpd02090_c	
rxn08849_c_num1	rxn08849_c_num1	cpd00001_c + cpd15347_c --> cpd00067_c + cpd02090_c + cpd15237_c	
rxn08850_c_num1	rxn08850_c_num1	cpd00001_c + cpd15348_c --> cpd00067_c + cpd01080_c + cpd02090_c	
rxn08851_c_num1	rxn08851_c_num1	cpd00001_c + cpd15349_c --> cpd00067_c + cpd02090_c + cpd15269_c	
rxn08879_c	rxn08879_c	2 cpd00009_c + cpd00235_e --> 2 cpd00009_e + cpd00235_c	
rxn08901_c	rxn08901_c	cpd00130_c + cpd15500_c --> cpd00032_c + cpd15499_c	
rxn08954_c	rxn08954_c	cpd02546_c + cpd15550_c --> cpd00046_c + cpd00067_c + cpd15492_c	
rxn08966_c	rxn08966_c	cpd00659_c --> cpd00659_e	
rxn08971_c	rxn08971_c	cpd00004_c + cpd00067_c + cpd15500_c --> cpd00003_c + cpd15499_c	
rxn08995_c	rxn08995_c	cpd00355_e --> cpd00355_c	
rxn09013_c	rxn09013_c	cpd00001_c + cpd00115_c --> cpd00012_c + 2 cpd00067_c + cpd00294_c	
rxn09049_c	rxn09049_c	2 cpd00067_e + cpd00247_e --> 2 cpd00067_c + cpd00247_c	
rxn09108_c	rxn09108_c	cpd00080_c + cpd15417_c --> cpd00046_c + cpd15542_c	
rxn09109_c	rxn09109_c	cpd00080_c + cpd15423_c --> cpd00046_c + cpd15543_c	
rxn09110_c	rxn09110_c	cpd00080_c + cpd15422_c --> cpd00046_c + cpd15544_c	
rxn09111_c	rxn09111_c	cpd00080_c + cpd15419_c --> cpd00046_c + cpd15545_c	
rxn09112_c	rxn09112_c	cpd00080_c + cpd15418_c --> cpd00046_c + cpd15546_c	
rxn09113_c	rxn09113_c	cpd00080_c + cpd15421_c --> cpd00046_c + cpd15547_c	
rxn09114_c	rxn09114_c	cpd00080_c + cpd15420_c --> cpd00046_c + cpd15548_c	
rxn09149_c	rxn09149_c	2 cpd00067_c + cpd01080_c + cpd15329_c --> cpd00001_c + cpd15526_c	
rxn09163_c	rxn09163_c	cpd00067_c + cpd01080_c + cpd15323_c --> cpd00001_c + cpd15540_c	
rxn09172_c	rxn09172_c	cpd00141_e --> cpd00141_c	
rxn09177_c	rxn09177_c	cpd00052_c + cpd00084_c + cpd02201_c --> cpd00012_c + cpd00046_c + 2 cpd00067_c + cpd02666_c	
rxn09184_c	rxn09184_c	cpd00001_c + cpd04099_c --> cpd00009_c + cpd00067_c + cpd11640_c	
rxn09188_c	rxn09188_c	cpd00015_c + cpd00129_c --> cpd00067_c + cpd00982_c + cpd02431_c	
rxn09189_c	rxn09189_c	cpd00001_c + cpd00002_c + cpd15551_e --> cpd00008_c + cpd00009_c + cpd00067_c + cpd15551_c	
rxn09210_c	rxn09210_c	cpd00054_c + cpd15421_c --> cpd00046_c + 2 cpd00067_c + cpd15557_c	
rxn09222_c	rxn09222_c	cpd00001_c + cpd00101_c --> cpd00009_c + cpd00105_c	
rxn09225_c	rxn09225_c	4 cpd00067_c + cpd02113_c + cpd15492_c --> cpd00297_c + cpd15489_c	
rxn09240_c	rxn09240_c	cpd00001_c + cpd00002_c + cpd00038_c + cpd00048_c --> cpd00009_c + cpd00012_c + cpd00031_c + cpd00067_c + cpd00193_c	
rxn09256_c	rxn09256_c	cpd00067_e + cpd00383_e --> cpd00067_c + cpd00383_c	
rxn09260_c	rxn09260_c	cpd00081_c --> cpd00081_e	
rxn09280_c	rxn09280_c	cpd11475_c --> cpd15416_c	
rxn09287_c	rxn09287_c	cpd01211_c --> cpd01211_e	
rxn09296_c_num1	rxn09296_c_num1	cpd00025_c + cpd11421_c --> 2 cpd00001_c + cpd11420_c	
rxn09310_c	rxn09310_c	cpd00002_c + cpd00069_c + cpd00084_c + cpd08289_c --> cpd00001_c + cpd00011_c + cpd00012_c + cpd00018_c + cpd00035_c + 2 cpd00067_c + cpd02654_c + cpd15378_c	
rxn09317_c	rxn09317_c	cpd00811_c --> cpd00811_e	
rxn09318_c	rxn09318_c	cpd00441_c --> cpd00441_e	
rxn09320_c	rxn09320_c	cpd00002_c + cpd00655_c --> cpd00128_c + cpd15364_c	
rxn09342_c	rxn09342_c	cpd00037_c --> cpd00037_e	
rxn09345_c	rxn09345_c	8 cpd00113_c + cpd00350_c --> 8 cpd00012_c + 8 cpd00067_c + cpd02229_c	
rxn09349_c	rxn09349_c	cpd00043_c --> cpd00043_e	
rxn09352_c	rxn09352_c	cpd00144_c --> cpd00144_e	
rxn09353_c	rxn09353_c	cpd00026_c --> cpd00026_e	
rxn09361_c	rxn09361_c	cpd00091_c --> cpd00091_e	
rxn09380_c	rxn09380_c	cpd00497_c --> cpd00497_e	
rxn09436_c	rxn09436_c	cpd00001_c + 2 cpd00006_c + cpd00011_c + cpd11466_c + cpd11493_c --> 2 cpd00005_c + 2 cpd00067_c + cpd11468_c + cpd11492_c	
rxn09448_c_num1	rxn09448_c_num1	cpd00002_c + cpd00010_c + cpd15269_c --> cpd00012_c + cpd00018_c + cpd15274_c	
rxn09449_c_num1	rxn09449_c_num1	cpd00002_c + cpd00010_c + cpd01080_c --> cpd00012_c + cpd00018_c + cpd00067_c + cpd00327_c	
rxn09450_c_num1	rxn09450_c_num1	cpd00002_c + cpd00010_c + cpd15237_c --> cpd00012_c + cpd00018_c + cpd15238_c	
rxn09468_c	rxn09468_c	8 cpd00001_c + 8 cpd00003_c + cpd00005_c + 8 cpd00007_c + 8 cpd00010_c + cpd15274_c --> 8 cpd00004_c + cpd00006_c + 9 cpd00022_c + 8 cpd00025_c + 8 cpd00067_c	
rxn09562_c	rxn09562_c	cpd00067_c + cpd00115_c + cpd00126_c --> cpd00031_c + cpd00177_c	
rxn09564_c	rxn09564_c	cpd00031_c + cpd00038_c --> cpd00009_c + cpd00067_c + cpd00925_c	
rxn09678_c	rxn09678_c	cpd00053_c + cpd00067_c --> cpd00053_e + cpd00067_e	
rxn09690_c	rxn09690_c	cpd00067_c + cpd00084_c --> cpd00067_e + cpd00084_e	
rxn09692_c	rxn09692_c	cpd00067_e + cpd00098_e --> cpd00067_c + cpd00098_c	
rxn09886_c	rxn09886_c	cpd00722_c + cpd01078_c --> cpd00029_c + cpd00067_c + cpd03456_c	
rxn09989_c	rxn09989_c	5 cpd00001_c + cpd11594_c --> 6 cpd00027_c	
rxn10030_c	rxn10030_c	15 cpd00005_c + cpd00022_c + 22 cpd00067_c + 8 cpd00070_c --> 7 cpd00001_c + 15 cpd00006_c + 9 cpd00010_c + 8 cpd00011_c + cpd15269_c	
rxn10036_c	rxn10036_c	13 cpd00005_c + cpd00022_c + 19 cpd00067_c + 7 cpd00070_c --> 6 cpd00001_c + 13 cpd00006_c + 8 cpd00010_c + 7 cpd00011_c + cpd15237_c	
rxn10052_c	rxn10052_c	cpd00018_c + cpd00067_c + cpd00421_c --> cpd00008_c + cpd00012_c	
rxn10060_c	rxn10060_c	cpd00003_c + cpd00357_c --> cpd00006_c + cpd00067_c + cpd00297_c	
rxn10121_c	rxn10121_c	2 cpd00067_c + cpd00209_c + cpd15499_c --> cpd00001_c + 2 cpd00067_e + cpd00075_c + cpd15500_c	
rxn10145_c	rxn10145_c	cpd00001_c + cpd00002_c + cpd00516_e --> cpd00008_c + cpd00009_c + cpd00067_c + cpd00516_c	
rxn10161_c	rxn10161_c	cpd00067_e + cpd01080_e --> cpd00067_c + cpd01080_c	
rxn10163_c	rxn10163_c	cpd00067_e + cpd03847_e --> cpd00067_c + cpd03847_c	
rxn10174_c	rxn10174_c	cpd00001_c + cpd00002_c + cpd01329_e --> cpd00008_c + cpd00009_c + cpd00067_c + cpd01329_c	
rxn10184_c	rxn10184_c	cpd00061_c + cpd00588_e --> cpd00020_c + cpd00804_c	
rxn10205_c	rxn10205_c	cpd00080_c + cpd11432_c --> cpd00010_c + cpd15671_c	
rxn10206_c	rxn10206_c	cpd00080_c + cpd11434_c --> cpd00010_c + cpd15672_c	
rxn10214_c	rxn10214_c	cpd11432_c + cpd15671_c --> cpd00010_c + cpd00067_c + cpd15677_c	
rxn10215_c	rxn10215_c	cpd11434_c + cpd15672_c --> cpd00010_c + cpd00067_c + cpd15678_c	
rxn10220_c	rxn10220_c	cpd00052_c + cpd15677_c --> cpd00012_c + cpd00067_c + cpd15683_c	
rxn10221_c	rxn10221_c	cpd00052_c + cpd15678_c --> cpd00012_c + cpd00067_c + cpd15684_c	
rxn10222_c	rxn10222_c	cpd00052_c + cpd15679_c --> cpd00012_c + cpd00067_c + cpd15685_c	
rxn10223_c	rxn10223_c	cpd00052_c + cpd15680_c --> cpd00012_c + cpd00067_c + cpd15686_c	
rxn10224_c	rxn10224_c	cpd00052_c + cpd15681_c --> cpd00012_c + cpd00067_c + cpd15687_c	
rxn10225_c	rxn10225_c	cpd00052_c + cpd15682_c --> cpd00012_c + cpd00067_c + cpd15688_c	
rxn10226_c	rxn10226_c	cpd00054_c + cpd15683_c --> cpd00046_c + 2 cpd00067_c + cpd15689_c	
rxn10227_c	rxn10227_c	cpd00054_c + cpd15684_c --> cpd00046_c + 2 cpd00067_c + cpd15690_c	
rxn10259_c	rxn10259_c	cpd00080_c + cpd15683_c --> cpd00046_c + cpd15716_c	
rxn10260_c	rxn10260_c	cpd00080_c + cpd15684_c --> cpd00046_c + cpd15717_c	
rxn10261_c	rxn10261_c	cpd00080_c + cpd15685_c --> cpd00046_c + cpd15718_c	
rxn10262_c	rxn10262_c	cpd00080_c + cpd15686_c --> cpd00046_c + cpd15719_c	
rxn10263_c	rxn10263_c	cpd00080_c + cpd15687_c --> cpd00046_c + cpd15720_c	
rxn10264_c	rxn10264_c	cpd00080_c + cpd15688_c --> cpd00046_c + cpd15721_c	
rxn10265_c	rxn10265_c	cpd00001_c + cpd15716_c --> cpd00009_c + cpd00067_c + cpd15722_c	
rxn10266_c	rxn10266_c	cpd00001_c + cpd15717_c --> cpd00009_c + cpd00067_c + cpd15723_c	
rxn10343_c_num1	rxn10343_c_num1	cpd00001_c + cpd00002_c + cpd00531_c --> cpd00008_c + cpd00009_c + cpd00067_c + cpd00531_e	
rxn10344_c_num1	rxn10344_c_num1	cpd00001_c + cpd00002_c + cpd04097_c --> cpd00008_c + cpd00009_c + cpd00067_c + cpd04097_e	
rxn10432_c	rxn10432_c	cpd00003_c + cpd02041_c --> cpd00004_c + cpd00024_c + cpd00067_c	
rxn10473_c	rxn10473_c	cpd00099_e --> cpd00099_c	
rxn10474_c	rxn10474_c	cpd00149_c --> cpd00149_e	
rxn10481_c	rxn10481_c	cpd00001_c + cpd00002_c + cpd00058_e --> cpd00008_c + cpd00009_c + cpd00058_c + cpd00067_c	
rxn10484_c	rxn10484_c	cpd00005_c + cpd00013_c + 2 cpd00067_c + cpd02465_c --> cpd00006_c + cpd00516_c	
rxn10571_c	rxn10571_c	cpd00001_c + cpd00002_c + cpd00254_e --> cpd00008_c + cpd00009_c + cpd00067_c + cpd00254_c	
rxn10665_c	rxn10665_c	3 cpd00005_c + cpd00007_c + 4 cpd00067_c + cpd00070_c + cpd03847_c --> 3 cpd00001_c + 3 cpd00006_c + cpd00010_c + cpd00011_c + cpd15237_c	
rxn10770_c_num1	rxn10770_c_num1	cpd00003_c + cpd00098_c --> cpd00004_c + cpd00067_c + cpd00447_c	
rxn10945_c	rxn10945_c	cpd00129_c --> cpd00129_e	
rxn11156_c_num1	rxn11156_c_num1	cpd00004_c + cpd00067_c + cpd11451_c --> cpd00003_c + cpd12783_c	
rxn11268_c	rxn11268_c	cpd00012_c + cpd00067_c --> cpd00012_e + cpd00067_e	
rxn11326_c	rxn11326_c	cpd00281_c --> cpd00281_e	
rxn11550_c	rxn11550_c	cpd00017_c + cpd11985_c --> cpd00019_c + cpd12486_c	
rxn11571_c_num1	rxn11571_c_num1	3 cpd00001_c + 3 cpd00006_c + cpd01078_c --> 3 cpd00005_c + 4 cpd00067_c + cpd03387_c	
rxn11590_c	rxn11590_c	cpd12044_c + cpd12407_c --> cpd00067_c + cpd11619_c + cpd12205_c	
rxn11702_c	rxn11702_c	cpd00024_c + cpd00067_c + cpd00658_c --> cpd00011_c + cpd16335_c	
rxn11732_c	rxn11732_c	cpd00003_c + cpd01709_c --> cpd00004_c + cpd00024_c + cpd00067_c	
rxn11749_c	rxn11749_c	cpd00001_c + cpd00067_c + cpd16439_c --> cpd00013_c + cpd16329_c	
rxn11759_c	rxn11759_c	cpd00103_c + cpd04810_c --> cpd00012_c + cpd00067_c + cpd16438_c	
rxn11766_c	rxn11766_c	cpd00103_c + cpd16418_c --> cpd00012_c + cpd00067_c + cpd16419_c	
rxn11809_c_num1	rxn11809_c_num1	cpd00004_c + cpd00067_c + cpd04806_c --> cpd00003_c + cpd16365_c	
rxn11834_c_num1	rxn11834_c_num1	cpd00003_c + cpd16395_c --> cpd00004_c + cpd00067_c + cpd16396_c	
rxn11838_c_num1	rxn11838_c_num1	cpd00003_c + cpd16401_c --> cpd00004_c + cpd00067_c + cpd16402_c	
rxn11892_c	rxn11892_c	cpd00134_c + cpd00667_c --> cpd00010_c + cpd02184_c	
rxn11944_c_num1	rxn11944_c_num1	cpd00017_c + cpd02555_c --> cpd00019_c + cpd00067_c + cpd02738_c	
rxn11985_c	rxn11985_c	cpd00005_c + cpd00007_c + cpd00067_c + cpd01042_c --> cpd00001_c + cpd00006_c + cpd04117_c	
rxn11997_c	rxn11997_c	cpd00001_c + cpd12076_c --> cpd00023_c + cpd16496_c	
rxn12008_c	rxn12008_c	cpd00113_c + cpd02590_c --> cpd00012_c + cpd00067_c + cpd02557_c	
rxn12146_c	rxn12146_c	cpd16540_c --> cpd04242_c	
rxn12147_c	rxn12147_c	cpd00001_c + cpd02631_c --> cpd00067_c + cpd16540_c	
rxn12224_c	rxn12224_c	cpd00007_c + cpd03446_c --> cpd00001_c + cpd03447_c	
rxn12225_c	rxn12225_c	cpd00007_c + 2 cpd03444_c --> 2 cpd03445_c	
rxn12239_c	rxn12239_c	cpd00003_c + cpd15378_c --> cpd00004_c + cpd00067_c + cpd00484_c	
rxn12240_c	rxn12240_c	cpd16655_c --> cpd00022_c + cpd02500_c	
rxn12241_c	rxn12241_c	cpd00001_c + cpd00067_c + cpd00270_c --> cpd16655_c	
rxn12242_c	rxn12242_c	cpd00001_c + cpd00003_c + cpd02500_c --> cpd00004_c + cpd00197_c	
rxn12246_c	rxn12246_c	cpd00197_e --> cpd00197_c	
rxn12384_c	rxn12384_c	cpd00435_e --> cpd00435_c	
rxn12397_c	rxn12397_c	cpd00067_e + cpd00881_e --> cpd00067_c + cpd00881_c	
rxn12400_c	rxn12400_c	cpd00067_e + cpd00604_e --> cpd00067_c + cpd00604_c	
rxn12436_c	rxn12436_c	cpd00153_e --> cpd00153_c	
rxn12510_c	rxn12510_c	cpd00002_c + cpd00644_c --> cpd00008_c + cpd00067_c + cpd02201_c	
rxn12512_c	rxn12512_c	cpd00002_c + cpd00084_c + cpd02201_c --> cpd00012_c + cpd00018_c + 2 cpd00067_c + cpd02666_c	
rxn12522_c	rxn12522_c	cpd00067_e + cpd00094_e --> cpd00067_c + cpd00094_c	
rxn12549_c	rxn12549_c	cpd00067_e + cpd00136_e --> cpd00067_c + cpd00136_c	
rxn12571_c	rxn12571_c	cpd00067_e + cpd00248_e --> cpd00067_c + cpd00248_c	
rxn12585_c	rxn12585_c	cpd00067_e + cpd03561_e --> cpd00067_c + cpd03561_c	
rxn12633_c_num1	rxn12633_c_num1	cpd00001_c + cpd11593_c --> cpd00035_c + cpd00041_c	
rxn12634_c_num1	rxn12634_c_num1	cpd00001_c + cpd11592_c --> cpd00023_c + cpd00033_c	
rxn12635_c_num1	rxn12635_c_num1	cpd00001_c + cpd11591_c --> cpd00033_c + cpd00060_c	
rxn12636_c_num1	rxn12636_c_num1	cpd00001_c + cpd00067_c + cpd11590_c --> cpd00035_c + cpd00060_c	
rxn12637_c_num1	rxn12637_c_num1	cpd00001_c + cpd11589_c --> cpd00033_c + cpd00041_c	
rxn12638_c_num1	rxn12638_c_num1	cpd00001_c + cpd11588_c --> cpd00033_c + cpd00129_c	
rxn12639_c_num1	rxn12639_c_num1	cpd00001_c + cpd11587_c --> cpd00035_c + cpd00053_c	
rxn12640_c_num1	rxn12640_c_num1	cpd00001_c + cpd11586_c --> cpd00023_c + cpd00035_c	
rxn12641_c_num1	rxn12641_c_num1	cpd00001_c + cpd11585_c --> cpd00033_c + cpd00035_c	
rxn12642_c_num1	rxn12642_c_num1	cpd00001_c + cpd11584_c --> cpd00035_c + cpd00119_c	
rxn12643_c_num1	rxn12643_c_num1	cpd00001_c + cpd11583_c --> cpd00035_c + cpd00107_c	
rxn12645_c_num1	rxn12645_c_num1	cpd00001_c + cpd11581_c --> cpd00033_c + cpd00132_c	
rxn12646_c_num1	rxn12646_c_num1	cpd00001_c + cpd11580_c --> cpd00033_c + cpd00053_c	
rxn12649_c	rxn12649_c	2 cpd00005_c + 2 cpd00067_c + cpd00393_c --> 2 cpd00006_c + cpd00087_c	
rxn12666_c	rxn12666_c	cpd00215_e --> cpd00215_c	
rxn12676_c	rxn12676_c	cpd00001_c + cpd00192_c --> cpd00022_c + cpd00484_c	
rxn12677_c	rxn12677_c	cpd00001_c + cpd00321_c --> cpd00022_c + cpd00561_c	
rxn12795_c	rxn12795_c	cpd01059_c --> cpd01059_e	
rxn12818_c	rxn12818_c	cpd04073_e --> cpd04073_c	
rxn12819_c	rxn12819_c	cpd00067_e + cpd00561_e --> cpd00067_c + cpd00561_c	
rxn12844_c_num1	rxn12844_c_num1	cpd00001_c + cpd15603_c --> cpd00033_c + cpd00084_c	
rxn12845_c_num1	rxn12845_c_num1	cpd00001_c + cpd15604_c --> cpd00033_c + cpd00107_c	
rxn12846_c_num1	rxn12846_c_num1	cpd00001_c + cpd15605_c --> cpd00033_c + cpd00066_c	
rxn12847_c_num1	rxn12847_c_num1	cpd00001_c + cpd15606_c --> cpd00033_c + cpd00069_c	
rxn13840_c	rxn13840_c	2 cpd00067_c + cpd11481_c --> cpd00001_c + cpd15239_c	
rxn13846_c	rxn13846_c	cpd00001_c + cpd15294_c --> cpd11484_c	
rxn13850_c	rxn13850_c	cpd00003_c + cpd11466_c --> cpd00004_c + 2 cpd00067_c + cpd15294_c	
rxn13892_c	rxn13892_c	cpd00001_c + cpd00002_c + cpd04099_e --> cpd00008_c + cpd00009_c + cpd00067_c + cpd04099_c	
rxn14054_c_num1	rxn14054_c_num1	cpd00003_c + cpd04015_c --> cpd00004_c + cpd00067_c + cpd04017_c	
rxn14089_c_num1	rxn14089_c_num1	cpd00003_c + cpd04016_c --> cpd00004_c + cpd00067_c + cpd15064_c	
rxn14090_c	rxn14090_c	cpd00202_c + cpd18007_c --> cpd00012_c + cpd00067_c + cpd18036_c	
rxn14099_c	rxn14099_c	cpd00006_c + cpd02365_c --> cpd00005_c + cpd00067_c + cpd00237_c	
rxn14123_c	rxn14123_c	cpd00023_c + cpd03377_c --> cpd00001_c + cpd03646_c	
rxn14126_c	rxn14126_c	cpd00113_c + cpd00283_c --> cpd00012_c + cpd00067_c + cpd17150_c	
rxn14157_c	rxn14157_c	cpd00002_c + cpd00120_c + cpd00242_c --> cpd00008_c + cpd00009_c + cpd00067_c + cpd18009_c	
rxn14250_c	rxn14250_c	cpd00007_c + cpd00067_c + cpd01270_c + cpd18071_c --> cpd00001_c + cpd00050_c + cpd00071_c + cpd00075_c	
rxn14260_c	rxn14260_c	cpd00001_c + cpd16494_c --> cpd00009_c + cpd00100_c	
rxn14264_c	rxn14264_c	cpd00202_c + cpd00398_c --> cpd00012_c + cpd00067_c + cpd18006_c	
rxn14291_c	rxn14291_c	cpd00006_c + cpd03139_c --> cpd00005_c + cpd00067_c + cpd00420_c	
rxn14294_c	rxn14294_c	cpd00350_c --> cpd00012_c + cpd00067_c + cpd06559_c	
rxn14377_c	rxn14377_c	cpd00008_c + cpd00009_c + cpd00067_c + cpd03524_c --> cpd00002_c + cpd00023_c + cpd00201_c	
rxn14379_c	rxn14379_c	cpd00006_c + cpd03256_c --> cpd00005_c + cpd00067_c + cpd01450_c	
rxn15021_c	rxn15021_c	2 cpd00020_c + cpd00067_c --> cpd00011_c + cpd19047_c	
rxn15053_c_num1	rxn15053_c_num1	cpd00001_c + cpd00003_c + cpd11616_c --> cpd00004_c + 2 cpd00067_c + cpd19000_c	
rxn15094_c	rxn15094_c	cpd00003_c + cpd00010_c + cpd19044_c --> cpd00004_c + cpd00011_c + cpd00086_c	
rxn15102_c	rxn15102_c	2 cpd00009_c + cpd00665_c --> cpd00001_c + 2 cpd00089_c	
rxn15118_c	rxn15118_c	cpd00001_c + cpd00249_c --> cpd00092_c + cpd16443_c	
rxn15120_c	rxn15120_c	cpd00002_c + cpd00709_c --> cpd00008_c + cpd00067_c + cpd00348_c	
rxn15121_c	rxn15121_c	cpd00002_c + cpd00724_c --> cpd00008_c + cpd00067_c + cpd00348_c	
rxn15165_c	rxn15165_c	cpd00001_c + cpd02016_c --> cpd00067_c + cpd00133_c + cpd16443_c	
rxn15223_c	rxn15223_c	cpd00022_c + cpd00665_c --> cpd00010_c + cpd01441_c	
rxn15228_c	rxn15228_c	cpd00102_c + cpd00238_c --> cpd00101_c + cpd00198_c	
rxn15315_c	rxn15315_c	cpd00001_c + cpd11677_c --> cpd00067_c + cpd19000_c + cpd19004_c	
rxn15466_c	rxn15466_c	cpd00006_c + cpd19030_c --> cpd00005_c + cpd00067_c + cpd19047_c	
rxn15467_c	rxn15467_c	cpd19030_c --> cpd00001_c + cpd00123_c	
rxn15594_c	rxn15594_c	cpd00009_c + cpd11594_c --> cpd00089_c + cpd11735_c	
rxn15641_c	rxn15641_c	cpd00067_c + cpd01630_c --> cpd19162_c	
rxn15642_c	rxn15642_c	cpd19162_c --> cpd02255_c	
rxn15699_c	rxn15699_c	cpd00002_c + cpd14958_c --> cpd00012_c + cpd14955_c	
rxn15726_c	rxn15726_c	cpd00003_c + cpd00795_c --> cpd00004_c + cpd00024_c + cpd00067_c	
rxn15833_c	rxn15833_c	cpd00006_c + cpd02122_c --> cpd00005_c + cpd00067_c + cpd01793_c	
rxn15991_c	rxn15991_c	cpd00003_c + cpd19501_c --> cpd00004_c + cpd00067_c + cpd04106_c	
rxn15996_c	rxn15996_c	cpd00007_c + cpd19506_c --> cpd00067_c + cpd19507_c	
rxn16000_c	rxn16000_c	2 cpd00005_c + cpd00067_c + cpd19509_c --> 2 cpd00006_c + cpd00099_c + cpd19510_c	
rxn16085_c	rxn16085_c	cpd00004_c + cpd19571_c --> cpd00003_c + cpd00099_c + cpd19572_c	
rxn16086_c	rxn16086_c	cpd00004_c + cpd00067_c + cpd19572_c --> cpd00003_c + cpd19573_c	
rxn16149_c	rxn16149_c	cpd00006_c + cpd00745_c --> cpd00005_c + cpd00067_c + cpd00191_c	
rxn16206_c_num1	rxn16206_c_num1	cpd02738_c + cpd03397_c --> cpd02555_c + cpd03163_c	
rxn16213_c_num1	rxn16213_c_num1	2 cpd00005_c + 3 cpd00067_c + cpd20163_c --> 2 cpd00001_c + 2 cpd00006_c + cpd03401_c	
rxn16221_c	rxn16221_c	cpd00052_c + cpd20338_c --> cpd00012_c + cpd00067_c + cpd20340_c	
rxn16223_c	rxn16223_c	cpd00002_c + cpd20340_c --> cpd00012_c + cpd00067_c + cpd20345_c	
rxn16231_c	rxn16231_c	cpd00001_c + cpd00038_c --> cpd00012_c + cpd00067_c + cpd19505_c	
rxn16434_c	rxn16434_c	cpd00002_c + cpd00084_c + cpd20950_c --> cpd00012_c + cpd00018_c + 2 cpd00067_c + cpd20951_c	
rxn16464_c	rxn16464_c	cpd00022_c + cpd20951_c --> cpd00010_c + cpd00067_c + cpd04105_c	
rxn16478_c	rxn16478_c	cpd00037_c + cpd02484_c --> cpd00014_c + cpd21007_c	
rxn16487_c	rxn16487_c	cpd00001_c + cpd21020_c --> cpd00010_c + cpd00067_c + cpd03644_c	
rxn16494_c	rxn16494_c	cpd00001_c + cpd21029_c --> cpd00029_c + cpd20950_c	
rxn16506_c	rxn16506_c	cpd00169_c + cpd14484_c --> cpd00354_c + cpd21036_c	
rxn16507_c	rxn16507_c	cpd00001_c + cpd21036_c --> cpd00009_c + cpd21037_c	
rxn16574_c	rxn16574_c	cpd00002_c + cpd03520_c --> cpd00012_c + cpd21090_c	
rxn16583_c_num1	rxn16583_c_num1	cpd00067_c + cpd11574_c + cpd21090_c --> cpd00001_c + cpd00018_c + cpd19503_c	
rxn16584_c	rxn16584_c	cpd00017_c + cpd21089_c --> cpd00019_c + cpd00067_c + cpd12783_c	
rxn16596_c_num1	rxn16596_c_num1	cpd00006_c + cpd00792_c --> cpd00005_c + 2 cpd00067_c + cpd00649_c	
rxn16639_c	rxn16639_c	cpd00007_c + cpd01270_c + cpd10393_c --> cpd00001_c + cpd00040_c + cpd00050_c + cpd21150_c	
rxn16673_c_num1	rxn16673_c_num1	cpd00001_c + cpd21206_c --> cpd00012_c + 2 cpd00067_c + cpd21207_c	
rxn16716_c	rxn16716_c	cpd00001_c + cpd21409_c --> cpd00009_c + cpd00067_c + cpd21207_c	
rxn16798_c_num1	rxn16798_c_num1	cpd00003_c + cpd21131_c --> cpd00004_c + cpd00067_c + cpd21484_c	
rxn16805_c	rxn16805_c	cpd00067_c + cpd18009_c --> cpd00011_c + cpd00120_c	
rxn20643_c	rxn20643_c	cpd00017_c + cpd02140_c --> cpd00047_c + cpd00060_c + cpd00067_c + cpd00204_c + cpd02775_c + cpd03091_c	
rxn21082_c	rxn21082_c	cpd00001_c + cpd27551_c --> cpd00067_c + cpd03847_c + cpd11493_c	
rxn21296_c	rxn21296_c	cpd00002_c + 3 cpd23157_c --> cpd00001_c + cpd00012_c + cpd00018_c + 2 cpd00067_c + cpd23158_c	
rxn21300_c	rxn21300_c	cpd00002_c + 3 cpd23157_c --> cpd00001_c + cpd00008_c + cpd00009_c + cpd00067_c + cpd23158_c	
rxn23238_c	rxn23238_c	cpd00001_c + cpd00204_c --> cpd00011_c + cpd00067_c + cpd11640_c	
rxn23730_c	rxn23730_c	cpd00067_c + 6 cpd00139_c --> 4 cpd00001_c + 2 cpd00011_c + cpd00029_c + 2 cpd00036_c	
rxn25273_c	rxn25273_c	cpd00002_c + cpd00005_c + cpd00010_c + cpd00745_c --> cpd00001_c + cpd00006_c + cpd00012_c + cpd00018_c + cpd00086_c	
rxn25647_c_num1	rxn25647_c_num1	cpd11492_c + cpd27551_c --> cpd00011_c + cpd11485_c + cpd11493_c	
rxn25750_c	rxn25750_c	cpd00003_c + cpd27551_c --> cpd00004_c + 2 cpd00067_c + cpd11467_c	
rxn26035_c	rxn26035_c	cpd00007_c + 4 cpd00067_c + 4 cpd30760_c --> 2 cpd00001_c + 4 cpd00058_c	
rxn26396_c	rxn26396_c	cpd00001_c + cpd02740_c --> cpd00012_c + cpd00038_c	
rxn29194_c	rxn29194_c	cpd00333_c --> cpd00333_e	
rxn29230_c	rxn29230_c	cpd01042_e --> cpd01042_c	
rxn29406_c	rxn29406_c	cpd01307_e --> cpd01307_c	
rxn29852_c	rxn29852_c	cpd00008_e + cpd00067_e --> cpd00008_c + cpd00067_c	
rxn29995_c	rxn29995_c	cpd00001_c + cpd00002_c + cpd00067_c --> cpd00013_c + cpd00068_c	
rxn30308_c	rxn30308_c	cpd00001_c + cpd00052_c + cpd00067_c --> cpd00013_c + cpd00062_c	
rxn32474_c	rxn32474_c	cpd00456_c --> cpd00456_e	
rxn33878_c	rxn33878_c	0.5 cpd00007_c + cpd00139_c --> cpd00001_c + cpd00040_c	
rxn33879_c	rxn33879_c	cpd00002_c + cpd00010_c + cpd00029_c --> cpd00012_c + cpd00018_e + cpd00022_c + cpd00067_c	
rxn33986_c	rxn33986_c	cpd00002_c + cpd00005_c + cpd00022_c + 2 cpd00023_c --> cpd00006_c + cpd00008_c + cpd00009_c + cpd00010_c + cpd00024_c + cpd00342_c	
rxn34006_c	rxn34006_c	0.5 cpd00007_c + cpd00081_c --> cpd00048_c + cpd00067_c	
rxn34011_c	rxn34011_c	8 cpd00002_c + 8 cpd00005_c + 8 cpd00023_c --> 8 cpd00006_c + 8 cpd00012_c + 8 cpd00018_c + 8 cpd02345_c	
rxn34745_c	rxn34745_c	cpd00002_c + cpd01080_c + cpd11493_c --> cpd00012_c + cpd00018_c + cpd00067_c + cpd12458_c	
rxn38843_c	rxn38843_c	cpd00005_c + cpd29213_c --> cpd00001_c + cpd00006_c + cpd00067_c + cpd00113_c	
rxn39188_c	rxn39188_c	cpd00127_c --> cpd00127_e	
rxn40890_c	rxn40890_c	cpd00001_c + cpd00002_c + cpd30760_e --> cpd00008_c + cpd00009_c + cpd00067_c + cpd30760_c	
rxn44048_c	rxn44048_c	cpd00001_c + 2 cpd00067_c + cpd00768_c --> cpd00011_c + cpd00013_c + cpd00183_c	
rxn45856_c	rxn45856_c	cpd00001_c + cpd01042_c --> 2 cpd00067_c + cpd15378_c	
rxn45983_c	rxn45983_c	cpd00067_e + cpd00479_e --> cpd00067_c + cpd00479_c	
rxn47493_c	rxn47493_c	cpd00013_c + cpd02991_c --> cpd00001_c + cpd00067_c + cpd02843_c + cpd02851_c	
rxn48573_c_num1	rxn48573_c_num1	cpd00001_c + cpd37291_c --> cpd00047_c + cpd37290_c	
rxnbccaa3_c	rxnbccaa3_c	0.5 cpd00007_c + 6 cpd00067_c + cpd15499_c --> cpd00001_c + 6 cpd00067_e + cpd15500_c	
rxncat_c	rxncat_c	cpd00022_c + cpd00036_c --> cpd00029_c + cpd00078_c	
rxnCREATtpp_c	rxnCREATtpp_c	cpd00067_e + cpd00250_e --> cpd00067_c + cpd00250_c	
rxnCRTNtpp_c	rxnCRTNtpp_c	cpd00067_e + cpd00585_e --> cpd00067_c + cpd00585_c	
rxnfad1_c_num1	rxnfad1_c_num1	cpd00004_c + cpd00015_c + cpd00067_c --> cpd00003_c + cpd00982_c	
rxnfad2_c_num1	rxnfad2_c_num1	cpd00005_c + cpd00015_c + cpd00067_c --> cpd00006_c + cpd00982_c	
rxnfad3_c_num1	rxnfad3_c_num1	cpd00007_c + cpd00982_c --> cpd00015_c + cpd00025_c	
rxnfmn_c_num1	rxnfmn_c_num1	cpd00007_c + cpd01270_c --> cpd00025_c + cpd00050_c	
rxnmetB2_c	rxnmetB2_c	cpd00135_c + cpd00790_c --> cpd00029_c + cpd00067_c + cpd32731_c	
rxnmetC2_c	rxnmetC2_c	cpd00001_c + cpd32731_c --> cpd00013_c + cpd00094_c + cpd00135_c	
rxnmqac_c	rxnmqac_c	cpd00001_c + cpd00020_c + cpd15500_c --> cpd00011_c + cpd00029_c + cpd15499_c	
rxnmqDlac_c_num1	rxnmqDlac_c_num1	cpd00221_c + cpd15500_c --> cpd00020_c + cpd15499_c	
rxnmqfadh2_c_num1	rxnmqfadh2_c_num1	cpd00982_c + cpd15500_c --> cpd00015_c + cpd15499_c	
rxnriboflavin_c	rxnriboflavin_c	3 cpd00007_c + 2 cpd00739_c --> 3 cpd00025_c + 2 cpd00220_c	
rxn00430_c	rxn00430_c	cpd00003_c + cpd00116_c --> cpd00004_c + cpd00055_c + cpd00067_c	
rxn00429_c	rxn00429_c	cpd00001_c + cpd00003_c + cpd00055_c --> cpd00004_c + cpd00047_c + 2 cpd00067_c	
rxn24178_c	rxn24178_c	cpd00055_c + cpd04105_c --> cpd19501_c	
rxn40140_c	rxn40140_c	cpd00001_c + cpd00003_c + cpd19501_c --> cpd00004_c + cpd00047_c + 2 cpd00067_c + cpd04105_c	
rxn06280_c	rxn06280_c	cpd00002_c + cpd00069_c + cpd11751_c --> cpd00012_c + cpd00018_c + cpd00067_c + cpd12194_c	
rxn06300_c	rxn06300_c	cpd00002_c + cpd00035_c + cpd11906_c --> cpd00012_c + cpd00018_c + cpd00067_c + cpd11770_c	
rxn06432_c	rxn06432_c	cpd00002_c + cpd00051_c + cpd11907_c --> cpd00012_c + cpd00018_c + cpd00067_c + cpd12036_c	
rxn06433_c	rxn06433_c	cpd00002_c + cpd00041_c + cpd11908_c --> cpd00012_c + cpd00018_c + cpd12829_c	
rxn06619_c	rxn06619_c	cpd00008_c + cpd00009_c + cpd00023_c + cpd12313_c --> cpd00002_c + cpd00053_c + cpd12829_c	
rxn06936_c	rxn06936_c	cpd00002_c + cpd00041_c + cpd11909_c --> cpd00012_c + cpd00018_c + cpd00067_c + cpd12226_c	
rxn06435_c	rxn06435_c	cpd00002_c + cpd00084_c + cpd11910_c --> cpd00012_c + cpd00018_c + cpd00067_c + cpd12255_c	
rxn06436_c	rxn06436_c	cpd00002_c + cpd00023_c + cpd11911_c --> cpd00012_c + cpd00018_c + cpd12828_c	
rxn06937_c	rxn06937_c	cpd00002_c + cpd00023_c + cpd11912_c --> cpd00012_c + cpd00018_c + cpd00067_c + cpd12227_c	
rxn06520_c	rxn06520_c	cpd00008_c + cpd00009_c + cpd00023_c + cpd00067_c + cpd12060_c --> cpd00001_c + cpd00002_c + cpd00053_c + cpd12828_c	
rxn06438_c	rxn06438_c	cpd00002_c + cpd00033_c + cpd11913_c --> cpd00012_c + cpd00018_c + cpd00067_c + cpd12100_c	
rxn06439_c	rxn06439_c	cpd00002_c + cpd00119_c + cpd11914_c --> cpd00012_c + cpd00018_c + cpd00067_c + cpd12228_c	
rxn06440_c	rxn06440_c	cpd00002_c + cpd00322_c + cpd11915_c --> cpd00012_c + cpd00018_c + cpd00067_c + cpd12256_c	
rxn06441_c	rxn06441_c	cpd00002_c + cpd00107_c + cpd11916_c --> cpd00012_c + cpd00018_c + cpd00067_c + cpd12003_c	
rxn06442_c	rxn06442_c	cpd00002_c + cpd00039_c + cpd11917_c --> cpd00012_c + cpd00018_c + cpd01326_c	
rxn06443_c	rxn06443_c	cpd00002_c + cpd00060_c + cpd11918_c --> cpd00012_c + cpd00018_c + cpd00067_c + cpd12105_c	
rxn06444_c	rxn06444_c	cpd00002_c + cpd00066_c + cpd11919_c --> cpd00012_c + cpd00018_c + cpd00067_c + cpd12335_c	
rxn06445_c	rxn06445_c	cpd00002_c + cpd00129_c + cpd11920_c --> cpd00012_c + cpd00018_c + 2 cpd00067_c + cpd12164_c	
rxn06446_c	rxn06446_c	cpd00002_c + cpd00054_c + cpd11921_c --> cpd00012_c + cpd00018_c + 2 cpd00067_c + cpd12132_c	
rxn06447_c	rxn06447_c	cpd00002_c + cpd00161_c + cpd11922_c --> cpd00012_c + cpd00018_c + 2 cpd00067_c + cpd12229_c	
rxn06448_c	rxn06448_c	cpd00002_c + cpd00065_c + cpd11923_c --> cpd00012_c + cpd00018_c + cpd00067_c + cpd12336_c	
rxn06449_c	rxn06449_c	cpd00002_c + cpd00156_c + cpd11924_c --> cpd00012_c + cpd00018_c + cpd00067_c + cpd12133_c	
CLPspa1_c	CLPspa1_c	2222 cpd00008_c + 32 cpd01326_c + 99 cpd11770_c + 75 cpd12003_c + 41 cpd12036_c + 45 cpd12060_c + 115 cpd12100_c + 8 cpd12105_c + 93 cpd12132_c + 85 cpd12133_c + 47 cpd12164_c + 28 cpd12194_c + 87 cpd12226_c + 80 cpd12227_c + 7 cpd12228_c + 102 cpd12229_c + 14 cpd12255_c + 42 cpd12256_c + 54 cpd12313_c + 37 cpd12335_c + 20 cpd12336_c --> Spa1_c + 2222 cpd00009_c + 2222 cpd00031_c + 28 cpd11751_c + 99 cpd11906_c + 41 cpd11907_c + 54 cpd11908_c + 87 cpd11909_c + 14 cpd11910_c + 45 cpd11911_c + 80 cpd11912_c + 115 cpd11913_c + 7 cpd11914_c + 42 cpd11915_c + 75 cpd11916_c + 32 cpd11917_c + 8 cpd11918_c + 37 cpd11919_c + 47 cpd11920_c + 93 cpd11921_c + 102 cpd11922_c + 20 cpd11923_c + 85 cpd11924_c	
CLPspa2_c	CLPspa2_c	1018 cpd00008_c + 17 cpd01326_c + 53 cpd11770_c + 34 cpd12003_c + 10 cpd12036_c + 18 cpd12060_c + 59 cpd12100_c + 6 cpd12105_c + 27 cpd12132_c + 47 cpd12133_c + 32 cpd12164_c + 16 cpd12194_c + 30 cpd12226_c + 30 cpd12227_c + 5 cpd12228_c + 54 cpd12229_c + 4 cpd12255_c + 18 cpd12256_c + 30 cpd12313_c + 10 cpd12335_c + 9 cpd12336_c --> Spa2_c + 1018 cpd00009_c + 1018 cpd00031_c + 16 cpd11751_c + 53 cpd11906_c + 10 cpd11907_c + 30 cpd11908_c + 30 cpd11909_c + 4 cpd11910_c + 18 cpd11911_c + 30 cpd11912_c + 59 cpd11913_c + 5 cpd11914_c + 18 cpd11915_c + 34 cpd11916_c + 17 cpd11917_c + 6 cpd11918_c + 10 cpd11919_c + 32 cpd11920_c + 27 cpd11921_c + 54 cpd11922_c + 9 cpd11923_c + 47 cpd11924_c	
CLPspa3_c	CLPspa3_c	548 cpd00008_c + 12 cpd01326_c + 21 cpd11770_c + 24 cpd12003_c + 10 cpd12036_c + 10 cpd12060_c + 20 cpd12100_c + 3 cpd12105_c + 24 cpd12132_c + 20 cpd12133_c + 26 cpd12164_c + 3 cpd12194_c + 14 cpd12226_c + 14 cpd12227_c + 2 cpd12228_c + 29 cpd12229_c + 2 cpd12255_c + 17 cpd12256_c + 11 cpd12313_c + 9 cpd12335_c + 3 cpd12336_c --> Spa3_c + 548 cpd00009_c + 548 cpd00031_c + 3 cpd11751_c + 21 cpd11906_c + 10 cpd11907_c + 11 cpd11908_c + 14 cpd11909_c + 2 cpd11910_c + 10 cpd11911_c + 14 cpd11912_c + 20 cpd11913_c + 2 cpd11914_c + 17 cpd11915_c + 24 cpd11916_c + 12 cpd11917_c + 3 cpd11918_c + 9 cpd11919_c + 26 cpd11920_c + 24 cpd11921_c + 29 cpd11922_c + 3 cpd11923_c + 20 cpd11924_c	
CLPbio_c	CLPbio_c	Spa1_c + 250 Spa2_c + Spa3_c --> CLP_c	
rxnzzhl_c	rxnzzhl_c	cpd00067_e --> cpd00067_c	
rxn00015_c_reverse	rxn00015_c_reverse	cpd00013_c + cpd03802_c --> 2 cpd00118_c	
rxn00055_c_reverse	rxn00055_c_reverse	4 cpd00067_c + 3 cpd00147_c + cpd03158_c --> 3 cpd00017_c	
rxn00077_c_reverse	rxn00077_c_reverse	cpd00006_c + cpd00008_c + cpd00067_c --> cpd00002_c + cpd00003_c	
rxn00085_c_reverse	rxn00085_c_reverse	cpd00005_c + cpd00024_c + cpd00053_c + cpd00067_c --> cpd00006_c + 2 cpd00023_c	
rxn00097_c_reverse	rxn00097_c_reverse	2 cpd00008_c --> cpd00002_c + cpd00018_c + cpd00067_c	
rxn00102_c_reverse	rxn00102_c_reverse	cpd00001_c + cpd00011_c --> cpd00067_c + cpd00242_c	
rxn00105_c_reverse_num1	rxn00105_c_reverse_num1	cpd00003_c + cpd00012_c --> cpd00002_c + cpd00355_c	
rxn00107_c_reverse	rxn00107_c_reverse	cpd00008_c + cpd07924_c --> cpd00002_c + cpd07923_c	
rxn00117_c_reverse	rxn00117_c_reverse	cpd00008_c + cpd00062_c --> cpd00002_c + cpd00014_c	
rxn00119_c_reverse_num1	rxn00119_c_reverse_num1	cpd00008_c + cpd00014_c --> cpd00002_c + cpd00067_c + cpd00091_c	
rxn00141_c_reverse	rxn00141_c_reverse	cpd00135_c + cpd00182_c --> cpd00001_c + cpd00019_c	
rxn00143_c_reverse	rxn00143_c_reverse	cpd00128_c + cpd02227_c --> cpd00001_c + cpd00019_c	
rxn00173_c_reverse	rxn00173_c_reverse	cpd00010_c + cpd00196_c --> cpd00009_c + cpd00022_c	
rxn00178_c_reverse_num1	rxn00178_c_reverse_num1	cpd00010_c + cpd00279_c --> 2 cpd00022_c	
rxn00181_c_reverse	rxn00181_c_reverse	cpd00008_c + cpd03413_c --> cpd00002_c + cpd00023_c	
rxn00191_c_reverse	rxn00191_c_reverse	cpd00020_c + cpd00023_c --> cpd00024_c + cpd00035_c	
rxn00193_c_reverse_num1	rxn00193_c_reverse_num1	cpd00186_c --> cpd00023_c	
rxn00198_c_reverse	rxn00198_c_reverse	cpd00005_c + cpd00011_c + cpd00024_c --> cpd00006_c + cpd00260_c	
rxn00214_c_reverse_num1	rxn00214_c_reverse_num1	cpd00043_c --> cpd00026_c	
rxn00225_c_reverse	rxn00225_c_reverse	cpd00008_c + cpd00196_c --> cpd00002_c + cpd00029_c	
rxn00237_c_reverse	rxn00237_c_reverse	cpd00008_c + cpd00038_c --> cpd00002_c + cpd00031_c	
rxn00238_c_reverse	rxn00238_c_reverse	cpd00008_c + cpd00173_c --> cpd00002_c + cpd00354_c	
rxn00239_c_reverse	rxn00239_c_reverse	cpd00008_c + cpd00031_c --> cpd00002_c + cpd00067_c + cpd00126_c	
rxn00248_c_reverse	rxn00248_c_reverse	cpd00004_c + cpd00032_c + cpd00067_c --> cpd00003_c + cpd00130_c	
rxn00260_c_reverse	rxn00260_c_reverse	cpd00023_c + cpd00032_c --> cpd00024_c + cpd00041_c	
rxn00283_c_reverse	rxn00283_c_reverse	cpd00117_c --> cpd00035_c	
rxn00288_c_reverse	rxn00288_c_reverse	cpd00106_c + cpd00982_c --> cpd00015_c + cpd00036_c	
rxn03061_c_reverse	rxn03061_c_reverse	cpd00001_c + cpd02597_c --> cpd02799_c	
rxn00290_c_reverse	rxn00290_c_reverse	cpd00036_c + cpd00279_c --> cpd00078_c + cpd00142_c	
rxn00293_c_reverse_num1	rxn00293_c_reverse_num1	cpd00012_c + cpd00037_c --> cpd00062_c + cpd02611_c	
rxn00295_c_reverse_num1	rxn00295_c_reverse_num1	cpd00175_c --> cpd00037_c	
rxn00297_c_reverse	rxn00297_c_reverse	cpd00861_c --> cpd00037_c	
rxn00303_c_reverse_num1	rxn00303_c_reverse_num1	cpd00018_c + 2 cpd00067_c + cpd02740_c --> cpd00002_c + cpd00038_c	
rxn00285_c_reverse	rxn00285_c_reverse	cpd00008_c + cpd00009_c + cpd00078_c --> cpd00002_c + cpd00010_c + cpd00036_c	
rxn00314_c_reverse	rxn00314_c_reverse	cpd00005_c + cpd00020_c + cpd00039_c + cpd00067_c --> cpd00001_c + cpd00006_c + cpd02490_c	
rxn00336_c_reverse	rxn00336_c_reverse	cpd00036_c + cpd00040_c --> cpd00260_c	
rxn00337_c_reverse	rxn00337_c_reverse	cpd00008_c + cpd01977_c --> cpd00002_c + cpd00041_c	
rxn00347_c_reverse	rxn00347_c_reverse	cpd00013_c + cpd00106_c --> cpd00041_c	
rxn00350_c_reverse	rxn00350_c_reverse	cpd00023_c + cpd01017_c --> cpd00001_c + cpd00042_c	
rxn00360_c_reverse_num1	rxn00360_c_reverse_num1	cpd00009_c + cpd00193_c --> cpd00001_c + cpd00044_c	
rxn00364_c_reverse	rxn00364_c_reverse	cpd00008_c + cpd00096_c --> cpd00002_c + cpd00046_c + cpd00067_c	
rxn00390_c_reverse	rxn00390_c_reverse	cpd00041_c + cpd00049_c --> cpd00001_c + cpd01759_c	
rxn00409_c_reverse	rxn00409_c_reverse	cpd00008_c + cpd00052_c --> cpd00002_c + cpd00096_c	
rxn00410_c_reverse	rxn00410_c_reverse	cpd00008_c + cpd00009_c + cpd00052_c + 2 cpd00067_c --> cpd00002_c + cpd00013_c + cpd00062_c	
rxn00459_c_reverse	rxn00459_c_reverse	cpd00001_c + cpd00061_c --> cpd00482_c	
rxn00461_c_reverse	rxn00461_c_reverse	cpd00009_c + cpd02820_c --> cpd00037_c + cpd00061_c	
rxn00493_c_reverse	rxn00493_c_reverse	cpd00023_c + cpd00143_c --> cpd00024_c + cpd00066_c	
rxn00499_c_reverse_num1	rxn00499_c_reverse_num1	cpd00004_c + cpd00020_c + cpd00067_c --> cpd00003_c + cpd00159_c	
rxn00500_c_reverse_num1	rxn00500_c_reverse_num1	cpd00004_c + cpd00020_c + cpd00067_c --> cpd00003_c + cpd00221_c	
rxn00527_c_reverse	rxn00527_c_reverse	cpd00023_c + cpd00868_c --> cpd00024_c + cpd00069_c	
rxn00533_c_reverse	rxn00533_c_reverse	cpd00008_c + cpd00009_c + cpd00067_c + cpd00070_c --> cpd00002_c + cpd00022_c + cpd00242_c	
rxn00543_c_reverse_num1	rxn00543_c_reverse_num1	cpd00004_c + cpd00067_c + cpd00071_c --> cpd00003_c + cpd00363_c	
rxn00555_c_reverse	rxn00555_c_reverse	cpd00023_c + cpd00288_c --> cpd00053_c + cpd00072_c	
rxn00558_c_reverse	rxn00558_c_reverse	cpd00072_c --> cpd00079_c	
rxn00559_c_reverse_num1	rxn00559_c_reverse_num1	cpd00072_c --> cpd00235_c	
rxn00598_c_reverse	rxn00598_c_reverse	cpd00010_c + cpd01507_c --> cpd00022_c + cpd00078_c	
rxn00602_c_reverse	rxn00602_c_reverse	cpd00891_c --> cpd00078_c	
rxn00604_c_reverse	rxn00604_c_reverse	cpd00005_c + cpd00067_c + cpd00911_c --> cpd00006_c + cpd00079_c	
rxn00612_c_reverse_num1	rxn00612_c_reverse_num1	cpd00005_c + cpd00067_c + cpd00095_c --> cpd00006_c + cpd00080_c	
rxn00623_c_reverse	rxn00623_c_reverse	3 cpd00001_c + 3 cpd00006_c + cpd00239_c --> 3 cpd00005_c + 3 cpd00067_c + cpd00081_c	
rxn00629_c_reverse	rxn00629_c_reverse	cpd00004_c + cpd00067_c + cpd00082_c --> cpd00003_c + cpd00314_c	
rxn00641_c_reverse	rxn00641_c_reverse	cpd00012_c + cpd00083_c --> cpd00038_c + cpd00485_c	
rxn00647_c_reverse	rxn00647_c_reverse	cpd00023_c + cpd00706_c --> cpd00024_c + cpd00084_c	
rxn00650_c_reverse_num1	rxn00650_c_reverse_num1	cpd00033_c + cpd00084_c --> cpd00001_c + cpd01017_c	
rxn00653_c_reverse	rxn00653_c_reverse	cpd00001_c + cpd00003_c + cpd01504_c --> cpd00004_c + 2 cpd00067_c + cpd00085_c	
rxn00655_c_reverse	rxn00655_c_reverse	cpd00004_c + cpd00020_c + cpd00067_c + cpd00085_c --> cpd00001_c + cpd00003_c + cpd01489_c	
rxn00658_c_reverse	rxn00658_c_reverse	cpd00029_c + cpd00085_c --> cpd00001_c + cpd00788_c	
rxn00670_c_reverse	rxn00670_c_reverse	cpd00010_c + cpd01844_c --> cpd00009_c + cpd00086_c	
rxn00676_c_reverse	rxn00676_c_reverse	cpd00010_c + cpd02124_c --> cpd00022_c + cpd00086_c	
rxn00686_c_reverse	rxn00686_c_reverse	cpd00005_c + cpd00067_c + cpd00330_c --> cpd00006_c + cpd00087_c	
rxn00692_c_reverse	rxn00692_c_reverse	cpd00054_c + cpd00087_c --> cpd00001_c + cpd00033_c + cpd00125_c	
rxn00693_c_reverse_num1	rxn00693_c_reverse_num1	cpd00060_c + cpd00087_c --> cpd00135_c + cpd00345_c	
rxn00695_c_reverse	rxn00695_c_reverse	cpd00012_c + cpd00387_c --> cpd00002_c + cpd00089_c	
rxn00704_c_reverse	rxn00704_c_reverse	cpd00089_c --> cpd00079_c	
rxn00721_c_reverse	rxn00721_c_reverse	cpd00012_c + cpd00067_c + cpd02102_c --> cpd00002_c + cpd00093_c	
rxn00735_c_reverse	rxn00735_c_reverse	cpd00003_c + cpd03593_c --> cpd00004_c + cpd00011_c + cpd00094_c	
rxn00741_c_reverse_num1	rxn00741_c_reverse_num1	cpd00004_c + cpd00067_c + cpd00094_c --> cpd00003_c + cpd03561_c	
rxn00747_c_reverse	rxn00747_c_reverse	cpd00095_c --> cpd00102_c	
rxn00770_c_reverse	rxn00770_c_reverse	cpd00018_c + cpd00067_c + cpd00103_c --> cpd00002_c + cpd00101_c	
rxn00777_c_reverse	rxn00777_c_reverse	cpd00171_c --> cpd00101_c	
rxn00778_c_reverse	rxn00778_c_reverse	cpd00101_c --> cpd00475_c	
rxn00781_c_reverse	rxn00781_c_reverse	cpd00004_c + cpd00067_c + cpd00203_c --> cpd00003_c + cpd00009_c + cpd00102_c	
rxn00784_c_reverse	rxn00784_c_reverse	cpd00071_c + cpd00102_c --> cpd00510_c	
rxn00785_c_reverse	rxn00785_c_reverse	cpd00198_c + cpd00236_c --> cpd00072_c + cpd00102_c	
rxn00786_c_reverse	rxn00786_c_reverse	cpd00095_c + cpd00102_c --> cpd00290_c	
rxn00797_c_reverse	rxn00797_c_reverse	cpd00092_c + cpd00105_c --> cpd00001_c + cpd00249_c	
rxn00798_c_reverse	rxn00798_c_reverse	cpd00258_c --> cpd00105_c	
rxn00799_c_reverse	rxn00799_c_reverse	cpd00130_c --> cpd00001_c + cpd00106_c	
rxn00800_c_reverse	rxn00800_c_reverse	cpd00018_c + cpd00106_c --> cpd02375_c	
rxn00802_c_reverse	rxn00802_c_reverse	cpd00051_c + cpd00106_c --> cpd02152_c	
rxn00806_c_reverse	rxn00806_c_reverse	cpd00023_c + cpd00200_c --> cpd00024_c + cpd00107_c	
rxn00808_c_reverse	rxn00808_c_reverse	cpd00008_c + cpd00067_c + cpd00348_c --> cpd00002_c + cpd00108_c	
rxn00830_c_reverse	rxn00830_c_reverse	cpd00202_c --> cpd00113_c	
rxn00832_c_reverse	rxn00832_c_reverse	cpd02884_c --> cpd00001_c + cpd00114_c	
rxn00834_c_reverse	rxn00834_c_reverse	cpd00004_c + cpd00067_c + cpd00497_c --> cpd00001_c + cpd00003_c + cpd00114_c	
rxn00839_c_reverse	rxn00839_c_reverse	cpd00008_c + cpd00115_c --> cpd00002_c + cpd00177_c	
rxn00856_c_reverse	rxn00856_c_reverse	cpd00023_c + cpd00434_c --> cpd00024_c + cpd00118_c	
rxn00872_c_reverse	rxn00872_c_reverse	cpd00650_c + cpd00982_c --> cpd00015_c + cpd00120_c	
rxn00874_c_reverse_num1	rxn00874_c_reverse_num1	cpd00010_c + cpd03123_c --> cpd00022_c + cpd00120_c	
rxn00879_c_reverse_num1	rxn00879_c_reverse_num1	cpd00004_c + cpd00067_c + cpd00524_c --> cpd00003_c + cpd00121_c	
rxn00903_c_reverse	rxn00903_c_reverse	cpd00023_c + cpd00123_c --> cpd00024_c + cpd00156_c	
rxn00904_c_reverse	rxn00904_c_reverse	cpd00020_c + cpd00156_c --> cpd00035_c + cpd00123_c	
rxn00907_c_reverse	rxn00907_c_reverse	cpd00005_c + cpd00347_c --> cpd00006_c + cpd00125_c	
rxn00912_c_reverse	rxn00912_c_reverse	cpd00087_c + cpd00712_c --> cpd00001_c + cpd00123_c + cpd00125_c	
rxn00927_c_reverse_num1	rxn00927_c_reverse_num1	cpd00105_c + cpd00128_c --> cpd00001_c + cpd00182_c	
rxn00946_c_reverse	rxn00946_c_reverse	cpd00982_c + cpd03126_c --> cpd00015_c + cpd00134_c	
rxn00974_c_reverse	rxn00974_c_reverse	cpd00001_c + cpd00331_c --> cpd00137_c	
rxn00985_c_reverse	rxn00985_c_reverse	cpd00008_c + cpd01844_c --> cpd00002_c + cpd00141_c	
rxn00992_c_reverse	rxn00992_c_reverse	cpd00004_c + cpd00067_c + cpd00142_c --> cpd00003_c + cpd00797_c	
rxn01021_c_reverse	rxn01021_c_reverse	cpd00128_c + cpd01981_c --> cpd00001_c + cpd00147_c	
rxn01032_c_reverse	rxn01032_c_reverse	cpd00004_c + 2 cpd00067_c + cpd00153_c --> cpd00001_c + cpd00003_c + cpd00225_c	
rxn01080_c_reverse	rxn01080_c_reverse	cpd00672_c --> cpd00164_c	
rxn01100_c_reverse	rxn01100_c_reverse	cpd00002_c + cpd00169_c --> cpd00008_c + cpd00203_c	
rxn01101_c_reverse	rxn01101_c_reverse	cpd00004_c + cpd00067_c + cpd02069_c --> cpd00003_c + cpd00169_c	
rxn01104_c_reverse	rxn01104_c_reverse	cpd00009_c + cpd00169_c --> cpd00001_c + cpd00853_c	
rxn01106_c_reverse	rxn01106_c_reverse	cpd00482_c --> cpd00169_c	
rxn01116_c_reverse	rxn01116_c_reverse	cpd00198_c --> cpd00171_c	
rxn01119_c_reverse	rxn01119_c_reverse	cpd00091_c + cpd02745_c --> cpd00043_c + cpd00286_c	
rxn01134_c_reverse	rxn01134_c_reverse	cpd00794_c --> cpd00179_c	
rxn01138_c_reverse	rxn01138_c_reverse	cpd00128_c + cpd00475_c --> cpd00009_c + cpd00182_c	
rxn01139_c_reverse	rxn01139_c_reverse	cpd00009_c + cpd00182_c --> cpd00001_c + cpd00988_c	
rxn01146_c_reverse	rxn01146_c_reverse	cpd00151_c + cpd00509_c --> cpd00009_c + cpd00184_c	
rxn01157_c_reverse	rxn01157_c_reverse	cpd00001_c + cpd01512_c --> cpd00186_c	
rxn01176_c_reverse	rxn01176_c_reverse	cpd00095_c + cpd00191_c --> cpd02721_c	
rxn01204_c_reverse	rxn01204_c_reverse	cpd00023_c + cpd00199_c --> cpd00024_c + cpd00281_c	
rxn01211_c_reverse	rxn01211_c_reverse	cpd00067_c + cpd00201_c --> cpd00001_c + cpd00347_c	
rxn01219_c_reverse	rxn01219_c_reverse	cpd00008_c + cpd00533_c --> cpd00002_c + cpd00067_c + cpd00206_c	
rxn01226_c_reverse_num1	rxn01226_c_reverse_num1	cpd00105_c + cpd00207_c --> cpd00001_c + cpd00311_c	
rxn01233_c_reverse	rxn01233_c_reverse	cpd00023_c + cpd00460_c --> cpd00024_c + cpd00210_c	
rxn01241_c_reverse	rxn01241_c_reverse	cpd00004_c + cpd00067_c + cpd00213_c --> cpd00003_c + cpd00449_c	
rxn01258_c_reverse	rxn01258_c_reverse	cpd00658_c --> cpd00216_c	
rxn01265_c_reverse	rxn01265_c_reverse	cpd00103_c + cpd00218_c --> cpd00012_c + cpd00873_c	
rxn01275_c_reverse	rxn01275_c_reverse	cpd00008_c + cpd00067_c + cpd00284_c --> cpd00002_c + cpd00222_c	
rxn01293_c_reverse	rxn01293_c_reverse	cpd00004_c + cpd00067_c + cpd00225_c --> cpd00003_c + cpd00435_c	
rxn01299_c_reverse_num1	rxn01299_c_reverse_num1	cpd00105_c + cpd00226_c --> cpd00001_c + cpd00246_c	
rxn01302_c_reverse	rxn01302_c_reverse	cpd00005_c + cpd00067_c + cpd00346_c --> cpd00006_c + cpd00227_c	
rxn01322_c_reverse	rxn01322_c_reverse	cpd00020_c + cpd00492_c --> cpd00232_c	
rxn01329_c_reverse_num1	rxn01329_c_reverse_num1	cpd00485_c --> cpd00235_c	
rxn01333_c_reverse	rxn01333_c_reverse	cpd00072_c + cpd00236_c --> cpd00102_c + cpd00238_c	
rxn01353_c_reverse	rxn01353_c_reverse	cpd00008_c + cpd00241_c --> cpd00002_c + cpd00295_c	
rxn01358_c_reverse	rxn01358_c_reverse	cpd00226_c + cpd00475_c --> cpd00009_c + cpd00246_c	
rxn01365_c_reverse	rxn01365_c_reverse	cpd00013_c + cpd00020_c + cpd00067_c + cpd00239_c --> cpd00001_c + cpd00587_c	
rxn01367_c_reverse	rxn01367_c_reverse	cpd00009_c + cpd00249_c --> cpd00001_c + cpd00989_c	
rxn01374_c_reverse	rxn01374_c_reverse	cpd00250_c --> cpd00001_c + cpd00585_c	
rxn01388_c_reverse	rxn01388_c_reverse	cpd00260_c --> cpd00001_c + cpd00331_c	
rxn01396_c_reverse	rxn01396_c_reverse	cpd00008_c + cpd00067_c + cpd00478_c --> cpd00002_c + cpd00263_c	
rxn01416_c_reverse_num1	rxn01416_c_reverse_num1	cpd00067_c + cpd00081_c + cpd01211_c --> cpd00150_c + cpd00268_c	
rxn01446_c_reverse	rxn01446_c_reverse	cpd00207_c + cpd00509_c --> cpd00009_c + cpd00277_c	
rxn01451_c_reverse	rxn01451_c_reverse	cpd00004_c + cpd00067_c + cpd00279_c --> cpd00003_c + cpd00842_c	
rxn01465_c_reverse	rxn01465_c_reverse	cpd00067_c + cpd00343_c --> cpd00001_c + cpd00282_c	
rxn01479_c_reverse	rxn01479_c_reverse	cpd00012_c + cpd00444_c --> cpd00052_c + cpd00285_c	
rxn01484_c_reverse	rxn01484_c_reverse	cpd00029_c + cpd00288_c --> cpd00001_c + cpd00293_c	
rxn01485_c_reverse	rxn01485_c_reverse	cpd00288_c --> cpd03671_c	
rxn01506_c_reverse	rxn01506_c_reverse	cpd02612_c --> cpd00293_c	
rxn01509_c_reverse	rxn01509_c_reverse	cpd00008_c + cpd00295_c --> cpd00002_c + cpd00067_c + cpd00296_c	
rxn01512_c_reverse	rxn01512_c_reverse	cpd00008_c + cpd00357_c --> cpd00002_c + cpd00297_c	
rxn01513_c_reverse	rxn01513_c_reverse	cpd00008_c + cpd00297_c --> cpd00002_c + cpd00067_c + cpd00298_c	
rxn01517_c_reverse_num1	rxn01517_c_reverse_num1	cpd00008_c + cpd00978_c --> cpd00002_c + cpd00067_c + cpd00299_c	
rxn01530_c_reverse_num1	rxn01530_c_reverse_num1	cpd00004_c + cpd00067_c + cpd00304_c --> cpd00003_c + cpd00365_c	
rxn01539_c_reverse_num1	rxn01539_c_reverse_num1	cpd00001_c + cpd00793_c --> cpd00009_c + cpd00067_c + cpd00305_c	
rxn01548_c_reverse	rxn01548_c_reverse	cpd00207_c + cpd00475_c --> cpd00009_c + cpd00311_c	
rxn01549_c_reverse	rxn01549_c_reverse	cpd00009_c + cpd00311_c --> cpd00001_c + cpd03701_c	
rxn01575_c_reverse	rxn01575_c_reverse	cpd00023_c + cpd00508_c --> cpd00024_c + cpd00322_c	
rxn01588_c_reverse	rxn01588_c_reverse	cpd00006_c + cpd03260_c --> cpd00005_c + cpd00067_c + cpd00325_c	
rxn01602_c_reverse	rxn01602_c_reverse	cpd00005_c + cpd00067_c + cpd00393_c --> cpd00006_c + cpd00330_c	
rxn01636_c_reverse	rxn01636_c_reverse	cpd00064_c + cpd00477_c --> cpd00023_c + cpd00342_c	
rxn01637_c_reverse_num1	rxn01637_c_reverse_num1	cpd00023_c + cpd00918_c --> cpd00024_c + cpd00342_c	
rxn01641_c_reverse	rxn01641_c_reverse	cpd00087_c + cpd00344_c --> cpd00023_c + cpd00502_c	
rxn01652_c_reverse	rxn01652_c_reverse	cpd00067_c + cpd02197_c --> cpd00001_c + cpd00347_c	
rxn01673_c_reverse	rxn01673_c_reverse	cpd00008_c + cpd00356_c --> cpd00002_c + cpd00533_c	
rxn01675_c_reverse	rxn01675_c_reverse	cpd00012_c + cpd00626_c --> cpd00089_c + cpd00357_c	
rxn01678_c_reverse	rxn01678_c_reverse	cpd00008_c + cpd00358_c --> cpd00002_c + cpd00978_c	
rxn01682_c_reverse	rxn01682_c_reverse	cpd00102_c + cpd00359_c --> cpd02210_c	
rxn01683_c_reverse	rxn01683_c_reverse	cpd00105_c + cpd00360_c --> cpd00001_c + cpd01197_c	
rxn01684_c_reverse	rxn01684_c_reverse	cpd00360_c + cpd00475_c --> cpd00009_c + cpd01197_c	
rxn01704_c_reverse	rxn01704_c_reverse	cpd00009_c + cpd00367_c --> cpd00001_c + cpd03454_c	
rxn01731_c_reverse	rxn01731_c_reverse	cpd00008_c + cpd00009_c + cpd00416_c --> cpd00002_c + cpd00010_c + cpd00380_c	
rxn01754_c_reverse	rxn01754_c_reverse	cpd00008_c + cpd00067_c + cpd02203_c --> cpd00002_c + cpd00392_c	
rxn01790_c_reverse	rxn01790_c_reverse	cpd00005_c + cpd00067_c + cpd00712_c --> cpd00006_c + cpd00408_c	
rxn01799_c_reverse	rxn01799_c_reverse	cpd00092_c + cpd00509_c --> cpd00009_c + cpd00412_c	
rxn01807_c_reverse	rxn01807_c_reverse	cpd00008_c + cpd00067_c + cpd00493_c --> cpd00002_c + cpd00419_c	
rxn01843_c_reverse	rxn01843_c_reverse	cpd00013_c + cpd00430_c --> cpd00001_c + cpd00067_c + cpd01647_c	
rxn01859_c_reverse	rxn01859_c_reverse	cpd00128_c + cpd00509_c --> cpd00009_c + cpd00438_c	
rxn01871_c_reverse	rxn01871_c_reverse	cpd00010_c + cpd00836_c --> cpd00022_c + cpd00449_c	
rxn01900_c_reverse	rxn01900_c_reverse	cpd00005_c + cpd00067_c + cpd00463_c --> cpd00006_c + cpd01983_c	
rxn01917_c_reverse	rxn01917_c_reverse	cpd00008_c + cpd02552_c --> cpd00002_c + cpd00477_c	
rxn01937_c_reverse_num1	rxn01937_c_reverse_num1	cpd00004_c + 2 cpd00067_c + cpd00703_c --> cpd00001_c + cpd00003_c + cpd00486_c	
rxn01951_c_reverse	rxn01951_c_reverse	cpd00008_c + cpd00067_c + cpd02612_c --> cpd00002_c + cpd00492_c	
rxn01974_c_reverse	rxn01974_c_reverse	cpd00516_c --> cpd00504_c	
rxn01985_c_reverse	rxn01985_c_reverse	cpd00226_c + cpd00509_c --> cpd00009_c + cpd03279_c	
rxn01986_c_reverse	rxn01986_c_reverse	cpd00510_c --> cpd00509_c	
rxn01987_c_reverse_num1	rxn01987_c_reverse_num1	cpd00002_c + cpd01242_c --> cpd00008_c + cpd00067_c + cpd00510_c	
rxn01996_c_reverse	rxn01996_c_reverse	cpd00519_c --> cpd00891_c	
rxn02003_c_reverse	rxn02003_c_reverse	cpd00005_c + cpd00067_c + cpd00522_c --> cpd00006_c + cpd02113_c	
rxn02015_c_reverse	rxn02015_c_reverse	cpd00210_c + cpd00526_c --> cpd00001_c + cpd03047_c	
rxn02039_c_reverse	rxn02039_c_reverse	cpd00005_c + cpd00067_c + cpd00546_c --> cpd00006_c + cpd03252_c	
rxn02066_c_reverse	rxn02066_c_reverse	cpd00004_c + cpd00067_c + cpd01088_c --> cpd00003_c + cpd00562_c	
rxn02070_c_reverse	rxn02070_c_reverse	cpd00005_c + cpd00067_c + cpd00566_c --> cpd00006_c + cpd03250_c	
rxn02090_c_reverse	rxn02090_c_reverse	cpd00013_c + cpd01679_c --> cpd00001_c + cpd00067_c + cpd00585_c	
rxn02128_c_reverse	rxn02128_c_reverse	cpd00008_c + cpd00067_c + cpd00834_c --> cpd00002_c + cpd00620_c	
rxn02143_c_reverse	rxn02143_c_reverse	cpd00036_c + cpd01507_c --> cpd00078_c + cpd00630_c	
rxn02159_c_reverse	rxn02159_c_reverse	cpd00004_c + cpd00067_c + cpd01324_c --> cpd00003_c + cpd00641_c	
rxn02167_c_reverse	rxn02167_c_reverse	cpd00001_c + cpd00650_c --> cpd00842_c	
rxn02175_c_reverse	rxn02175_c_reverse	cpd00012_c + cpd00655_c --> cpd00002_c + cpd00834_c	
rxn02199_c_reverse	rxn02199_c_reverse	cpd00010_c + cpd02267_c --> cpd00022_c + cpd00680_c	
rxn02228_c_reverse_num1	rxn02228_c_reverse_num1	cpd00004_c + cpd00067_c + cpd00706_c --> cpd00003_c + cpd03455_c	
rxn02229_c_reverse	rxn02229_c_reverse	cpd00020_c + cpd00268_c --> cpd00081_c + cpd00706_c	
rxn02230_c_reverse	rxn02230_c_reverse	cpd00020_c + cpd00067_c + cpd01211_c --> cpd00150_c + cpd00706_c	
rxn02258_c_reverse_num1	rxn02258_c_reverse_num1	cpd00036_c + cpd00743_c --> cpd00078_c + cpd01701_c	
rxn02262_c_reverse_num1	rxn02262_c_reverse_num1	cpd00008_c + cpd00067_c + cpd01912_c --> cpd00002_c + cpd00751_c	
rxn02312_c_reverse	rxn02312_c_reverse	cpd00764_c + cpd02701_c --> cpd00017_c + cpd00800_c	
rxn02320_c_reverse	rxn02320_c_reverse	cpd00023_c + cpd00930_c --> cpd00024_c + cpd00807_c	
rxn02342_c_reverse	rxn02342_c_reverse	cpd00056_c + cpd00836_c --> cpd00213_c + cpd03049_c	
rxn02362_c_reverse	rxn02362_c_reverse	cpd00008_c + cpd00009_c + cpd03699_c --> cpd00002_c + cpd00067_c + cpd00853_c	
rxn02369_c_reverse	rxn02369_c_reverse	cpd00067_c + cpd00856_c --> cpd00938_c	
rxn02376_c_reverse	rxn02376_c_reverse	cpd00056_c + cpd00860_c --> cpd00213_c + cpd03189_c	
rxn02418_c_reverse_num1	rxn02418_c_reverse_num1	cpd00009_c + cpd02788_c --> cpd00001_c + cpd00885_c	
rxn02421_c_reverse	rxn02421_c_reverse	cpd00012_c + cpd02200_c --> cpd00052_c + cpd00888_c	
rxn02474_c_reverse	rxn02474_c_reverse	cpd00005_c + cpd00067_c + cpd00931_c --> cpd00006_c + cpd02720_c	
rxn02484_c_reverse	rxn02484_c_reverse	cpd00008_c + cpd00067_c + cpd02775_c --> cpd00002_c + cpd00939_c	
rxn02503_c_reverse	rxn02503_c_reverse	cpd00018_c + 2 cpd00067_c + cpd02920_c --> cpd00002_c + cpd00954_c	
rxn02504_c_reverse	rxn02504_c_reverse	cpd00229_c + cpd00954_c --> cpd02961_c	
rxn02508_c_reverse	rxn02508_c_reverse	cpd00956_c --> cpd02642_c	
rxn02517_c_reverse	rxn02517_c_reverse	cpd00008_c + cpd00977_c --> cpd00002_c + cpd00976_c	
rxn02548_c_reverse_num1	rxn02548_c_reverse_num1	cpd00019_c + cpd00067_c + cpd01043_c --> cpd00017_c + cpd01047_c	
rxn02632_c_reverse	rxn02632_c_reverse	cpd00004_c + cpd00067_c + cpd01221_c --> cpd00003_c + cpd01949_c	
rxn02636_c_reverse	rxn02636_c_reverse	cpd00006_c + cpd03254_c --> cpd00005_c + cpd00067_c + cpd01228_c	
rxn02679_c_reverse	rxn02679_c_reverse	cpd00982_c + cpd03130_c --> cpd00015_c + cpd01335_c	
rxn02680_c_reverse	rxn02680_c_reverse	cpd00010_c + cpd03119_c --> cpd00022_c + cpd01335_c	
rxn02687_c_reverse	rxn02687_c_reverse	cpd00004_c + cpd00067_c + cpd01447_c --> cpd00003_c + cpd01357_c	
rxn02703_c_reverse	rxn02703_c_reverse	cpd00008_c + cpd00067_c + cpd03722_c --> cpd00002_c + cpd01407_c	
rxn02720_c_reverse	rxn02720_c_reverse	cpd00982_c + cpd02060_c --> cpd00015_c + cpd01260_c	
rxn02728_c_reverse	rxn02728_c_reverse	cpd01653_c --> cpd01466_c	
rxn02733_c_reverse_num1	rxn02733_c_reverse_num1	cpd00008_c + cpd00009_c + 3 cpd00067_c + cpd02216_c --> cpd00001_c + cpd00002_c + cpd00254_c + cpd01476_c	
rxn02782_c_reverse	rxn02782_c_reverse	cpd00067_c + cpd01630_c --> cpd02536_c	
rxn02789_c_reverse	rxn02789_c_reverse	cpd00001_c + cpd01710_c --> cpd01646_c	
rxn02791_c_reverse	rxn02791_c_reverse	cpd00001_c + cpd03407_c --> cpd00023_c + cpd01651_c	
rxn02795_c_reverse	rxn02795_c_reverse	cpd00033_c + cpd01663_c --> cpd00001_c + cpd03247_c	
rxn02796_c_reverse	rxn02796_c_reverse	cpd00210_c + cpd01663_c --> cpd00001_c + cpd03246_c	
rxn02803_c_reverse	rxn02803_c_reverse	cpd00982_c + cpd03127_c --> cpd00015_c + cpd01695_c	
rxn02804_c_reverse	rxn02804_c_reverse	cpd00010_c + cpd03114_c --> cpd00022_c + cpd01695_c	
rxn02811_c_reverse	rxn02811_c_reverse	cpd00001_c + cpd01710_c --> cpd02693_c	
rxn02835_c_reverse	rxn02835_c_reverse	cpd02979_c --> cpd00001_c + cpd01777_c	
rxn02884_c_reverse	rxn02884_c_reverse	cpd00011_c + cpd01960_c --> cpd00067_c + cpd02507_c	
rxn02911_c_reverse	rxn02911_c_reverse	cpd00001_c + cpd02060_c --> cpd03116_c	
rxn02914_c_reverse	rxn02914_c_reverse	cpd00023_c + cpd02069_c --> cpd00024_c + cpd00738_c	
rxn02929_c_reverse	rxn02929_c_reverse	cpd00005_c + cpd00067_c + cpd02120_c --> cpd00006_c + cpd02465_c	
rxn02934_c_reverse	rxn02934_c_reverse	cpd00001_c + cpd02125_c --> cpd02691_c	
rxn02937_c_reverse	rxn02937_c_reverse	cpd00008_c + cpd00009_c + cpd00067_c + cpd02140_c --> cpd00002_c + cpd02826_c	
rxn02971_c_reverse	rxn02971_c_reverse	cpd02255_c --> cpd02536_c	
rxn03002_c_reverse	rxn03002_c_reverse	cpd00009_c + cpd02380_c --> cpd00001_c + cpd02688_c	
rxn03060_c_reverse_num1	rxn03060_c_reverse_num1	cpd00001_c + cpd02597_c --> cpd01501_c	
rxn03062_c_reverse	rxn03062_c_reverse	cpd00004_c + cpd00067_c + cpd02605_c --> cpd00003_c + cpd02693_c	
rxn03063_c_reverse	rxn03063_c_reverse	cpd00019_c + cpd00067_c + cpd02755_c --> cpd00017_c + cpd03221_c	
rxn03087_c_reverse_num1	rxn03087_c_reverse_num1	cpd00023_c + cpd02724_c --> cpd00024_c + cpd02698_c	
rxn03094_c_reverse	rxn03094_c_reverse	cpd00033_c + cpd02733_c --> cpd00001_c + cpd03245_c	
rxn03095_c_reverse	rxn03095_c_reverse	cpd00210_c + cpd02733_c --> cpd00001_c + cpd03244_c	
rxn03108_c_reverse_num1	rxn03108_c_reverse_num1	cpd00008_c + cpd02894_c --> cpd00002_c + cpd02775_c	
rxn03136_c_reverse	rxn03136_c_reverse	cpd00106_c + cpd02851_c --> cpd02921_c	
rxn03137_c_reverse	rxn03137_c_reverse	cpd00087_c + cpd02884_c --> cpd00201_c + cpd02851_c	
rxn03175_c_reverse	rxn03175_c_reverse	cpd02991_c --> cpd02979_c	
rxn03239_c_reverse	rxn03239_c_reverse	cpd00004_c + cpd00067_c + cpd03114_c --> cpd00003_c + cpd03113_c	
rxn03240_c_reverse	rxn03240_c_reverse	cpd00001_c + cpd03126_c --> cpd03113_c	
rxn03241_c_reverse	rxn03241_c_reverse	cpd00001_c + cpd03127_c --> cpd03115_c	
rxn03242_c_reverse	rxn03242_c_reverse	cpd00004_c + cpd00067_c + cpd03117_c --> cpd00003_c + cpd03116_c	
rxn03243_c_reverse	rxn03243_c_reverse	cpd00010_c + cpd03117_c --> cpd00022_c + cpd03128_c	
rxn03244_c_reverse	rxn03244_c_reverse	cpd00004_c + cpd00067_c + cpd03119_c --> cpd00003_c + cpd03118_c	
rxn03245_c_reverse	rxn03245_c_reverse	cpd00001_c + cpd03129_c --> cpd03118_c	
rxn03246_c_reverse	rxn03246_c_reverse	cpd00004_c + cpd00067_c + cpd03121_c --> cpd00003_c + cpd03120_c	
rxn03247_c_reverse	rxn03247_c_reverse	cpd00001_c + cpd03130_c --> cpd03120_c	
rxn03248_c_reverse	rxn03248_c_reverse	cpd00010_c + cpd03121_c --> cpd00022_c + cpd03124_c	
rxn03249_c_reverse	rxn03249_c_reverse	cpd00004_c + cpd00067_c + cpd03123_c --> cpd00003_c + cpd03122_c	
rxn03250_c_reverse	rxn03250_c_reverse	cpd00001_c + cpd03125_c --> cpd03122_c	
rxn03251_c_reverse	rxn03251_c_reverse	cpd00982_c + cpd03125_c --> cpd00015_c + cpd03124_c	
rxn03253_c_reverse	rxn03253_c_reverse	cpd00982_c + cpd03129_c --> cpd00015_c + cpd03128_c	
rxn03282_c_reverse_num1	rxn03282_c_reverse_num1	cpd00004_c + cpd00067_c + cpd03228_c --> cpd00003_c + cpd03227_c	
rxn03291_c_reverse	rxn03291_c_reverse	cpd00005_c + cpd00067_c + cpd03238_c --> cpd00006_c + cpd03234_c	
rxn03294_c_reverse	rxn03294_c_reverse	cpd00005_c + cpd00067_c + cpd03239_c --> cpd00006_c + cpd03236_c	
rxn03333_c_reverse_num1	rxn03333_c_reverse_num1	cpd00004_c + cpd00067_c + cpd03307_c --> cpd00003_c + cpd03306_c	
rxn03360_c_reverse	rxn03360_c_reverse	cpd00067_c + cpd03362_c --> cpd00011_c + cpd03349_c	
rxn03408_c_reverse	rxn03408_c_reverse	cpd00014_c + cpd03495_c --> cpd00037_c + cpd03494_c	
rxn03421_c_reverse	rxn03421_c_reverse	cpd03666_c --> cpd03519_c	
rxn03435_c_reverse	rxn03435_c_reverse	cpd00005_c + cpd00067_c + cpd10162_c --> cpd00006_c + cpd02535_c	
rxn03436_c_reverse	rxn03436_c_reverse	cpd10162_c --> cpd00498_c	
rxn03445_c_reverse	rxn03445_c_reverse	cpd00023_c + cpd03606_c --> cpd00024_c + cpd03607_c	
rxn03504_c_reverse	rxn03504_c_reverse	cpd00029_c + cpd03813_c --> cpd00001_c + cpd03812_c	
rxn03535_c_reverse	rxn03535_c_reverse	cpd00421_c + cpd03916_c --> cpd00002_c + cpd03915_c	
rxn03537_c_reverse	rxn03537_c_reverse	cpd00012_c + cpd03920_c --> cpd00038_c + cpd03919_c	
rxn03691_c_reverse	rxn03691_c_reverse	cpd00011_c + cpd00099_c + cpd04365_c --> cpd00067_c + cpd02254_c	
rxn03840_c_reverse	rxn03840_c_reverse	cpd00001_c + cpd08210_c --> cpd00013_c + cpd00216_c	
rxn03903_c_reverse	rxn03903_c_reverse	cpd00091_c + cpd02948_c --> cpd00286_c + cpd02862_c	
rxn03904_c_reverse	rxn03904_c_reverse	cpd00091_c + cpd03494_c --> cpd00286_c + cpd02968_c	
rxn03907_c_reverse	rxn03907_c_reverse	cpd00012_c + cpd08287_c --> cpd00052_c + cpd08286_c	
rxn03908_c_reverse	rxn03908_c_reverse	cpd00008_c + cpd00067_c + cpd08288_c --> cpd00002_c + cpd08287_c	
rxn03910_c_reverse	rxn03910_c_reverse	cpd00046_c + cpd08301_c --> cpd08288_c	
rxn03923_c_reverse	rxn03923_c_reverse	cpd00081_c + cpd00196_c --> cpd00009_c + cpd00460_c	
rxn03933_c_reverse	rxn03933_c_reverse	cpd00014_c + cpd03491_c --> cpd00037_c + cpd02948_c	
rxn03958_c_reverse	rxn03958_c_reverse	cpd00005_c + cpd00067_c + cpd08289_c --> cpd00006_c + cpd08286_c	
rxn03969_c_reverse	rxn03969_c_reverse	cpd00004_c + 2 cpd00067_c + cpd04073_c --> cpd00001_c + cpd00003_c + cpd00561_c	
rxn03982_c_reverse	rxn03982_c_reverse	cpd00005_c + cpd00067_c + cpd08341_c --> cpd00006_c + 2 cpd04105_c	
rxn04045_c_reverse	rxn04045_c_reverse	2 cpd00067_c + cpd08368_c --> cpd00149_c + cpd03426_c	
rxn04068_c_reverse	rxn04068_c_reverse	cpd00033_c + cpd00526_c --> cpd00001_c + cpd01318_c	
rxn04443_c_reverse	rxn04443_c_reverse	cpd00238_c + cpd08994_c --> cpd00101_c + cpd08993_c	
rxn04663_c_reverse	rxn04663_c_reverse	2 cpd00003_c + cpd00099_c + cpd09315_c --> 2 cpd00004_c + cpd00067_c + cpd09314_c	
rxn04726_c_reverse_num1	rxn04726_c_reverse_num1	cpd00004_c + cpd00067_c + cpd09793_c --> cpd00003_c + cpd09792_c	
rxn04736_c_reverse_num1	rxn04736_c_reverse_num1	cpd00004_c + cpd00067_c + cpd09802_c --> cpd00003_c + cpd01859_c	
rxn04840_c_reverse	rxn04840_c_reverse	cpd00001_c + cpd00111_c + cpd02918_c --> 2 cpd00042_c + cpd03176_c	
rxn04841_c_reverse	rxn04841_c_reverse	cpd00001_c + cpd00111_c + cpd02890_c --> 2 cpd00042_c + cpd03555_c	
rxn04908_c_reverse_num1	rxn04908_c_reverse_num1	cpd00001_c + cpd00003_c + cpd04661_c --> cpd00004_c + cpd00067_c + cpd04248_c	
rxn04932_c_reverse	rxn04932_c_reverse	cpd00004_c + cpd00067_c + cpd00258_c --> cpd00003_c + cpd01307_c	
rxn04934_c_reverse	rxn04934_c_reverse	cpd00004_c + cpd00067_c + cpd03285_c --> cpd00003_c + cpd08367_c	
rxn04954_c_reverse	rxn04954_c_reverse	cpd00004_c + cpd00067_c + cpd00125_c --> cpd00003_c + cpd00345_c	
rxn05108_c_reverse	rxn05108_c_reverse	cpd00024_c + cpd00060_c --> cpd00023_c + cpd00869_c	
rxn05114_c_reverse	rxn05114_c_reverse	cpd00008_c + cpd00009_c + 2 cpd00067_c + cpd11310_c --> cpd00002_c + cpd00242_c + cpd02140_c	
rxn05157_c_reverse	rxn05157_c_reverse	cpd00008_c + cpd00009_c + cpd00067_c + cpd00073_c --> cpd00001_c + cpd00002_c + cpd00073_e	
rxn05197_c_reverse_num1	rxn05197_c_reverse_num1	cpd00067_c + cpd00092_c --> cpd00067_e + cpd00092_e	
rxn05198_c_reverse	rxn05198_c_reverse	cpd00067_c + cpd00367_c --> cpd00067_e + cpd00367_e	
rxn05199_c_reverse	rxn05199_c_reverse	cpd00067_c + cpd00249_c --> cpd00067_e + cpd00249_e	
rxn05200_c_reverse	rxn05200_c_reverse	cpd00067_c + cpd00184_c --> cpd00067_e + cpd00184_e	
rxn05203_c_reverse	rxn05203_c_reverse	cpd00067_c + cpd00207_c --> cpd00067_e + cpd00207_e	
rxn05204_c_reverse	rxn05204_c_reverse	cpd00067_c + cpd00311_c --> cpd00067_e + cpd00311_e	
rxn05205_c_reverse	rxn05205_c_reverse	cpd00067_c + cpd00654_c --> cpd00067_e + cpd00654_e	
rxn05206_c_reverse	rxn05206_c_reverse	cpd00205_c --> cpd00205_e	
rxn05211_c_reverse	rxn05211_c_reverse	cpd00067_c + cpd00137_c --> cpd00067_e + cpd00137_e	
rxn05289_c_reverse_num1	rxn05289_c_reverse_num1	cpd00006_c + cpd11421_c --> cpd00005_c + cpd00067_c + cpd11420_c	
rxn05301_c_reverse	rxn05301_c_reverse	cpd00067_c + cpd00069_c --> cpd00067_e + cpd00069_e	
rxn05306_c_reverse	rxn05306_c_reverse	cpd00066_c + cpd00067_c --> cpd00066_e + cpd00067_e	
rxn05307_c_reverse_num1	rxn05307_c_reverse_num1	cpd00054_c + cpd00067_c --> cpd00054_e + cpd00067_e	
rxn05308_c_reverse	rxn05308_c_reverse	cpd00067_c + cpd00644_c --> cpd00067_e + cpd00644_e	
rxn05310_c_reverse	rxn05310_c_reverse	cpd00218_c --> cpd00218_e	
rxn05316_c_reverse	rxn05316_c_reverse	cpd00067_c + cpd00246_c --> cpd00067_e + cpd00246_e	
rxn05317_c_reverse	rxn05317_c_reverse	cpd00067_c + cpd00438_c --> cpd00067_e + cpd00438_e	
rxn05318_c_reverse	rxn05318_c_reverse	cpd00067_c + cpd00182_c --> cpd00067_e + cpd00182_e	
rxn05332_c_reverse	rxn05332_c_reverse	cpd00001_c + cpd11477_c --> 2 cpd00067_c + cpd11481_c	
rxn05333_c_reverse	rxn05333_c_reverse	cpd00001_c + cpd00067_c + cpd11475_c --> cpd11482_c	
rxn05335_c_reverse	rxn05335_c_reverse	cpd00001_c + cpd11467_c --> cpd11484_c	
rxn05337_c_reverse	rxn05337_c_reverse	cpd00005_c + cpd11486_c --> cpd00006_c + cpd11479_c	
rxn05340_c_reverse	rxn05340_c_reverse	cpd00005_c + cpd11489_c --> cpd00006_c + cpd11480_c	
rxn05341_c_reverse	rxn05341_c_reverse	cpd00005_c + cpd00067_c + cpd11490_c --> cpd00006_c + cpd11483_c	
rxn05342_c_reverse	rxn05342_c_reverse	cpd00005_c + cpd11491_c --> cpd00006_c + cpd11484_c	
rxn05349_c_reverse_num1	rxn05349_c_reverse_num1	cpd00010_c + cpd11494_c --> cpd00022_c + cpd11493_c	
rxn05465_c_reverse_num1	rxn05465_c_reverse_num1	cpd00010_c + cpd11492_c --> cpd00067_c + cpd00070_c + cpd11493_c	
rxn05466_c_reverse_num1	rxn05466_c_reverse_num1	cpd00013_c --> cpd00013_e	
rxn05467_c_reverse	rxn05467_c_reverse	cpd00011_c --> cpd00011_e	
rxn05468_c_reverse	rxn05468_c_reverse	cpd00007_c --> cpd00007_e	
rxn05469_c_reverse	rxn05469_c_reverse	cpd00020_c + cpd00067_c --> cpd00020_e + cpd00067_e	
rxn05476_c_reverse	rxn05476_c_reverse	cpd00067_c + cpd00988_c --> cpd00067_e + cpd00988_e	
rxn05477_c_reverse	rxn05477_c_reverse	cpd00067_c + cpd03454_c --> cpd00067_e + cpd03454_e	
rxn05478_c_reverse	rxn05478_c_reverse	cpd00067_c + cpd03701_c --> cpd00067_e + cpd03701_e	
rxn05488_c_reverse	rxn05488_c_reverse	cpd00029_c + cpd00067_c --> cpd00029_e + cpd00067_e	
rxn05491_c_reverse	rxn05491_c_reverse	cpd00067_c + cpd00128_c --> cpd00067_e + cpd00128_e	
rxn05495_c_reverse	rxn05495_c_reverse	cpd00067_c + cpd00085_c --> cpd00067_e + cpd00085_e	
rxn05496_c_reverse	rxn05496_c_reverse	cpd00035_c + cpd00067_c --> cpd00035_e + cpd00067_e	
rxn05514_c_reverse	rxn05514_c_reverse	cpd00063_c + cpd00067_e --> cpd00063_e + cpd00067_c	
rxn05532_c_reverse	rxn05532_c_reverse	cpd00157_c --> cpd00157_e	
rxn05551_c_reverse	rxn05551_c_reverse	cpd00067_c + cpd00162_c --> cpd00067_e + cpd00162_e	
rxn05559_c_reverse	rxn05559_c_reverse	cpd00047_c + cpd00067_c --> cpd00047_e + cpd00067_e	
rxn05568_c_reverse	rxn05568_c_reverse	cpd00288_c --> cpd00288_e	
rxn05574_c_reverse	rxn05574_c_reverse	cpd00067_c + cpd00164_c --> cpd00067_e + cpd00164_e	
rxn05581_c_reverse	rxn05581_c_reverse	cpd00100_e --> cpd00100_c	
rxn05582_c_reverse	rxn05582_c_reverse	cpd00033_c + cpd00067_c --> cpd00033_e + cpd00067_e	
rxn05602_c_reverse	rxn05602_c_reverse	cpd00067_e + cpd00159_e --> cpd00067_c + cpd00159_c	
rxn05605_c_reverse	rxn05605_c_reverse	cpd00067_c + cpd00130_c --> cpd00067_e + cpd00130_e	
rxn05616_c_reverse	rxn05616_c_reverse	cpd00254_e --> cpd00254_c	
rxn05625_c_reverse	rxn05625_c_reverse	cpd00067_c + cpd00075_c --> cpd00067_e + cpd00075_e	
rxn05628_c_reverse	rxn05628_c_reverse	cpd00064_e + cpd00067_e --> cpd00064_c + cpd00067_c	
rxn05663_c_reverse	rxn05663_c_reverse	cpd00065_c + cpd00067_c --> cpd00065_e + cpd00067_e	
rxn05680_c_reverse	rxn05680_c_reverse	cpd00067_c + cpd01217_c --> cpd00067_e + cpd01217_e	
rxn05740_c_reverse_num1	rxn05740_c_reverse_num1	cpd00089_c + cpd15302_c --> cpd00009_c + cpd00155_c	
rxn05814_c_reverse	rxn05814_c_reverse	cpd00008_c + cpd00354_c --> cpd00002_c + cpd12232_c	
rxn05824_c_reverse	rxn05824_c_reverse	cpd00010_c + cpd00049_c + cpd00067_c --> cpd00001_c + cpd11611_c	
rxn05853_c_reverse_num1	rxn05853_c_reverse_num1	cpd00004_c + cpd00049_c + 2 cpd00067_c --> cpd00001_c + cpd00003_c + cpd11616_c	
rxn05871_c_reverse_num1	rxn05871_c_reverse_num1	cpd00004_c + cpd00067_c + cpd11616_c --> cpd00003_c + cpd00195_c	
rxn05872_c_reverse_num1	rxn05872_c_reverse_num1	cpd00004_c + cpd00067_c + cpd11733_c --> cpd00003_c + cpd11679_c	
rxn05918_c_reverse	rxn05918_c_reverse	cpd00031_c + cpd12407_c --> cpd00067_c + cpd00083_c + cpd11619_c	
rxn05952_c_reverse	rxn05952_c_reverse	cpd01017_c + cpd12381_c --> cpd00042_c + cpd11623_c	
rxn05975_c_reverse	rxn05975_c_reverse	cpd00004_c + 2 cpd00067_c + cpd11625_c --> cpd00001_c + cpd00003_c + cpd11693_c	
rxn05990_c_reverse	rxn05990_c_reverse	cpd00049_c + cpd00067_c + cpd11423_c --> cpd00001_c + cpd11677_c	
rxn06043_c_reverse	rxn06043_c_reverse	cpd00012_c + cpd11427_c --> cpd00052_c + cpd11422_c	
rxn06045_c_reverse	rxn06045_c_reverse	cpd00046_c + cpd00067_c + cpd11454_c --> cpd00080_c + cpd11427_c	
rxn06197_c_reverse	rxn06197_c_reverse	cpd00008_c + cpd00067_c + cpd12508_c --> cpd00002_c + cpd11712_c	
rxn06217_c_reverse	rxn06217_c_reverse	cpd00049_c + cpd00067_c + cpd01297_c --> cpd00001_c + cpd11423_c	
rxn06218_c_reverse	rxn06218_c_reverse	cpd00049_c + cpd00067_c + cpd01431_c --> cpd00001_c + cpd11423_c	
rxn06297_c_reverse_num1	rxn06297_c_reverse_num1	cpd00067_c + cpd00147_c + cpd12564_c --> cpd00017_c + cpd11767_c	
rxn06372_c_reverse	rxn06372_c_reverse	cpd00019_c + cpd00067_c + cpd12496_c --> cpd00017_c + cpd11827_c	
rxn06488_c_reverse_num1	rxn06488_c_reverse_num1	cpd00067_c + cpd12503_c --> cpd00001_c + cpd11999_c	
rxn06510_c_reverse	rxn06510_c_reverse	cpd00010_c + cpd12689_c --> cpd00022_c + cpd01260_c	
rxn06526_c_reverse	rxn06526_c_reverse	cpd00005_c + cpd00067_c + cpd12139_c --> cpd00006_c + cpd12072_c	
rxn06591_c_reverse	rxn06591_c_reverse	cpd00006_c + cpd02345_c + cpd11912_c --> cpd00005_c + cpd00067_c + cpd12227_c	
rxn06595_c_reverse	rxn06595_c_reverse	cpd11421_c + cpd12420_c --> cpd00001_c + cpd11420_c + cpd12237_c	
rxn06624_c_reverse_num1	rxn06624_c_reverse_num1	cpd00067_c + cpd11615_c + cpd12338_c --> cpd00001_c + cpd12414_c	
rxn06631_c_reverse_num1	rxn06631_c_reverse_num1	cpd00047_c + cpd12353_c --> cpd00001_c + cpd12506_c	
rxn06641_c_reverse	rxn06641_c_reverse	cpd11421_c + cpd12378_c --> cpd00001_c + cpd02602_c + cpd11420_c	
rxn06672_c_reverse	rxn06672_c_reverse	cpd00008_c + cpd00009_c + cpd00067_c + cpd12543_c --> cpd00002_c + cpd00242_c + cpd12848_c	
rxn06777_c_reverse	rxn06777_c_reverse	cpd00004_c + cpd00067_c + cpd12689_c --> cpd00003_c + cpd03115_c	
rxn06904_c_reverse	rxn06904_c_reverse	cpd00003_c + cpd00099_c + cpd01498_c --> cpd00004_c + cpd03770_c	
rxn06947_c_reverse_num1	rxn06947_c_reverse_num1	cpd00047_c + cpd13365_c --> cpd00001_c + cpd13364_c	
rxn07100_c_reverse	rxn07100_c_reverse	cpd00046_c + cpd00067_c + cpd12554_c --> cpd00444_c + cpd12273_c	
rxn07230_c_reverse	rxn07230_c_reverse	cpd00009_c + cpd12572_c --> cpd00001_c + cpd13383_c	
rxn07261_c_reverse	rxn07261_c_reverse	cpd00444_c + cpd12322_c --> cpd00046_c + cpd00067_c + cpd12606_c	
rxn07437_c_reverse	rxn07437_c_reverse	cpd11421_c + cpd14721_c --> cpd00001_c + cpd00060_c + cpd11420_c	
rxn07438_c_reverse	rxn07438_c_reverse	cpd11421_c + cpd14507_c --> cpd00001_c + cpd11420_c + cpd12237_c	
rxn07584_c_reverse	rxn07584_c_reverse	cpd00012_c + cpd14955_c --> cpd00002_c + cpd00541_c	
rxn07595_c_reverse	rxn07595_c_reverse	cpd00003_c + cpd00966_c + cpd01498_c --> cpd00004_c + cpd14965_c	
rxn07987_c_reverse	rxn07987_c_reverse	cpd00006_c + cpd15366_c --> cpd00005_c + cpd00067_c + cpd15373_c	
rxn07989_c_reverse	rxn07989_c_reverse	cpd00006_c + cpd15368_c --> cpd00005_c + cpd00067_c + cpd15374_c	
rxn07991_c_reverse	rxn07991_c_reverse	cpd00006_c + cpd15369_c --> cpd00005_c + cpd00067_c + cpd15375_c	
rxn07992_c_reverse	rxn07992_c_reverse	cpd00006_c + cpd15371_c --> cpd00005_c + cpd00067_c + cpd15377_c	
rxn07993_c_reverse	rxn07993_c_reverse	cpd00006_c + cpd15370_c --> cpd00005_c + cpd00067_c + cpd15376_c	
rxn07994_c_reverse	rxn07994_c_reverse	cpd00006_c + cpd11836_c --> cpd00005_c + cpd11488_c	
rxn08005_c_reverse	rxn08005_c_reverse	cpd00989_e --> cpd00989_c	
rxn08017_c_reverse_num1	rxn08017_c_reverse_num1	cpd00012_c + cpd00018_c + 2 cpd00067_c + cpd15239_c --> cpd00002_c + cpd11493_c + cpd15237_c	
rxn08018_c_reverse_num1	rxn08018_c_reverse_num1	cpd00012_c + cpd00018_c + 2 cpd00067_c + cpd11825_c --> cpd00002_c + cpd11493_c + cpd15269_c	
rxn08032_c_reverse	rxn08032_c_reverse	cpd00071_e --> cpd00071_c	
rxn08039_c_reverse	rxn08039_c_reverse	cpd02611_e --> cpd02611_c	
rxn08040_c_reverse	rxn08040_c_reverse	cpd00091_c + cpd00946_c --> cpd00037_c + cpd00286_c	
rxn08047_c_reverse	rxn08047_c_reverse	cpd00492_e --> cpd00492_c	
rxn08059_c_reverse	rxn08059_c_reverse	cpd00722_e --> cpd00722_c	
rxn08126_c_reverse	rxn08126_c_reverse	cpd00027_c + cpd01399_c --> cpd00179_c + cpd01262_c	
rxn08127_c_reverse	rxn08127_c_reverse	cpd00027_c + cpd15495_c --> cpd00179_c + cpd01399_c	
rxn08128_c_reverse	rxn08128_c_reverse	cpd00027_c + cpd01329_c --> cpd00179_c + cpd15495_c	
rxn08129_c_reverse	rxn08129_c_reverse	cpd00027_c + cpd15494_c --> cpd00179_c + cpd01329_c	
rxn08194_c_reverse	rxn08194_c_reverse	cpd00166_c + cpd00421_c --> cpd00002_c + cpd00635_c	
rxn08236_c_reverse	rxn08236_c_reverse	cpd00046_e --> cpd00046_c	
rxn08276_c_reverse	rxn08276_c_reverse	cpd00150_e --> cpd00150_c	
rxn08303_c_reverse	rxn08303_c_reverse	cpd00294_e --> cpd00294_c	
rxn08306_c_reverse	rxn08306_c_reverse	cpd00012_c + cpd00067_c + cpd15417_c --> cpd00052_c + cpd15521_c	
rxn08307_c_reverse	rxn08307_c_reverse	cpd00012_c + cpd00067_c + cpd15423_c --> cpd00052_c + cpd15522_c	
rxn08308_c_reverse	rxn08308_c_reverse	cpd00012_c + cpd00067_c + cpd15422_c --> cpd00052_c + cpd15523_c	
rxn08309_c_reverse	rxn08309_c_reverse	cpd00012_c + cpd00067_c + cpd15419_c --> cpd00052_c + cpd15524_c	
rxn08310_c_reverse	rxn08310_c_reverse	cpd00012_c + cpd00067_c + cpd15418_c --> cpd00052_c + cpd15525_c	
rxn08312_c_reverse	rxn08312_c_reverse	cpd00012_c + cpd00067_c + cpd15420_c --> cpd00052_c + cpd15527_c	
rxn08315_c_reverse	rxn08315_c_reverse	cpd00206_e --> cpd00206_c	
rxn08322_c_reverse	rxn08322_c_reverse	cpd00296_e --> cpd00296_c	
rxn08323_c_reverse	rxn08323_c_reverse	cpd00067_c + cpd00277_c --> cpd00067_e + cpd00277_e	
rxn08342_c_reverse	rxn08342_c_reverse	cpd03704_e --> cpd03704_c	
rxn08343_c_reverse	rxn08343_c_reverse	cpd00067_c + cpd03279_c --> cpd00067_e + cpd03279_e	
rxn08345_c_reverse	rxn08345_c_reverse	cpd00006_c + cpd15351_c --> cpd00005_c + cpd00067_c + cpd01793_c	
rxn08350_c_reverse	rxn08350_c_reverse	cpd00067_e + cpd00221_e --> cpd00067_c + cpd00221_c	
rxn08355_c_reverse	rxn08355_c_reverse	cpd00001_c + cpd00450_c + cpd15500_c --> cpd08021_c + cpd15499_c	
rxn08358_c_reverse	rxn08358_c_reverse	cpd08021_e --> cpd08021_c	
rxn08359_c_reverse	rxn08359_c_reverse	cpd00450_e --> cpd00450_c	
rxn08374_c_reverse	rxn08374_c_reverse	cpd00298_e --> cpd00298_c	
rxn08375_c_reverse	rxn08375_c_reverse	cpd00299_e --> cpd00299_c	
rxn08376_c_reverse	rxn08376_c_reverse	cpd00067_c + cpd00412_c --> cpd00067_e + cpd00412_e	
rxn08392_c_reverse	rxn08392_c_reverse	cpd00003_c + cpd15277_c --> cpd00004_c + cpd00067_c + cpd11477_c	
rxn08427_c_reverse	rxn08427_c_reverse	cpd00067_c + cpd00363_c --> cpd00067_e + cpd00363_e	
rxn08433_c_reverse	rxn08433_c_reverse	cpd00067_c + cpd01107_c + cpd11493_c --> cpd00001_c + cpd11474_c	
rxn08436_c_reverse	rxn08436_c_reverse	cpd00214_c + cpd11493_c --> cpd00001_c + cpd15277_c	
rxn08438_c_reverse	rxn08438_c_reverse	cpd00067_c + cpd03846_c + cpd11493_c --> cpd00001_c + cpd11470_c	
rxn08451_c_reverse_num1	rxn08451_c_reverse_num1	cpd00002_c + cpd00010_c + cpd15298_e --> cpd00012_c + cpd00018_c + cpd15295_c	
rxn08453_c_reverse_num1	rxn08453_c_reverse_num1	cpd00012_c + cpd00018_c + cpd15238_c --> cpd00002_c + cpd00010_c + cpd15237_e	
rxn08455_c_reverse_num1	rxn08455_c_reverse_num1	cpd00012_c + cpd00018_c + cpd15274_c --> cpd00002_c + cpd00010_c + cpd15269_e	
rxn08538_c_reverse	rxn08538_c_reverse	cpd00067_c + cpd00672_c --> cpd00067_e + cpd00672_e	
rxn08545_c_reverse	rxn08545_c_reverse	cpd00089_e --> cpd00089_c	
rxn08547_c_reverse_num1	rxn08547_c_reverse_num1	cpd11493_c + cpd15331_c --> cpd00080_c + cpd11466_c	
rxn08572_c_reverse	rxn08572_c_reverse	cpd00348_e --> cpd00348_c	
rxn08635_c_reverse	rxn08635_c_reverse	cpd00448_e --> cpd00448_c	
rxn08644_c_reverse	rxn08644_c_reverse	cpd00067_c + cpd00223_c --> cpd00067_e + cpd00223_e	
rxn08664_c_reverse	rxn08664_c_reverse	cpd00126_e --> cpd00126_c	
rxn08689_c_reverse	rxn08689_c_reverse	cpd00239_e --> cpd00239_c	
rxn08691_c_reverse	rxn08691_c_reverse	cpd11640_e --> cpd11640_c	
rxn08722_c_reverse	rxn08722_c_reverse	cpd00067_c + cpd00227_e --> cpd00067_e + cpd00227_c	
rxn08749_c_reverse	rxn08749_c_reverse	cpd00114_e --> cpd00114_c	
rxn08750_c_reverse	rxn08750_c_reverse	cpd00067_e + cpd00359_e --> cpd00067_c + cpd00359_c	
rxn08766_c_reverse_num1	rxn08766_c_reverse_num1	cpd00022_c + cpd11492_c --> cpd00010_c + cpd00011_c + cpd11488_c	
rxn08799_c_reverse_num1	rxn08799_c_reverse_num1	2 cpd00067_c + cpd00080_c + cpd00214_c --> cpd00001_c + cpd15327_c	
rxn08800_c_reverse_num1	rxn08800_c_reverse_num1	2 cpd00067_c + cpd00080_c + cpd15237_c --> cpd00001_c + cpd15326_c	
rxn08802_c_reverse_num1	rxn08802_c_reverse_num1	2 cpd00067_c + cpd00080_c + cpd15269_c --> cpd00001_c + cpd15328_c	
rxn08803_c_reverse_num1	rxn08803_c_reverse_num1	cpd00067_c + cpd00908_c + cpd01741_c --> cpd00001_c + cpd15313_c	
rxn08804_c_reverse_num1	rxn08804_c_reverse_num1	cpd00067_c + cpd00908_c + cpd03847_c --> cpd00001_c + cpd15314_c	
rxn08805_c_reverse_num1	rxn08805_c_reverse_num1	cpd00067_c + cpd00908_c + cpd15298_c --> cpd00001_c + cpd15315_c	
rxn08806_c_reverse_num1	rxn08806_c_reverse_num1	cpd00067_c + cpd00214_c + cpd00908_c --> cpd00001_c + cpd15316_c	
rxn08807_c_reverse_num1	rxn08807_c_reverse_num1	cpd00067_c + cpd00908_c + cpd15237_c --> cpd00001_c + cpd15317_c	
rxn08809_c_reverse_num1	rxn08809_c_reverse_num1	cpd00067_c + cpd00908_c + cpd15269_c --> cpd00001_c + cpd12547_c	
rxn08810_c_reverse_num1	rxn08810_c_reverse_num1	cpd00067_c + cpd01741_c + cpd02090_c --> cpd00001_c + cpd15318_c	
rxn08811_c_reverse_num1	rxn08811_c_reverse_num1	cpd00067_c + cpd02090_c + cpd03847_c --> cpd00001_c + cpd15319_c	
rxn08812_c_reverse_num1	rxn08812_c_reverse_num1	cpd00067_c + cpd02090_c + cpd15298_c --> cpd00001_c + cpd15320_c	
rxn08813_c_reverse_num1	rxn08813_c_reverse_num1	cpd00067_c + cpd00214_c + cpd02090_c --> cpd00001_c + cpd15321_c	
rxn08814_c_reverse_num1	rxn08814_c_reverse_num1	cpd00067_c + cpd02090_c + cpd15237_c --> cpd00001_c + cpd15322_c	
rxn08815_c_reverse_num1	rxn08815_c_reverse_num1	cpd00067_c + cpd01080_c + cpd02090_c --> cpd00001_c + cpd15323_c	
rxn08816_c_reverse_num1	rxn08816_c_reverse_num1	cpd00067_c + cpd02090_c + cpd15269_c --> cpd00001_c + cpd15324_c	
rxn08817_c_reverse_num1	rxn08817_c_reverse_num1	2 cpd00067_c + cpd00080_c + cpd01741_c --> cpd00001_c + cpd15350_c	
rxn08818_c_reverse_num1	rxn08818_c_reverse_num1	2 cpd00067_c + cpd00080_c + cpd03847_c --> cpd00001_c + cpd15363_c	
rxn08820_c_reverse_num1	rxn08820_c_reverse_num1	2 cpd00067_c + cpd00080_c + cpd00214_c --> cpd00001_c + cpd15355_c	
rxn08821_c_reverse_num1	rxn08821_c_reverse_num1	2 cpd00067_c + cpd00080_c + cpd15237_c --> cpd00001_c + cpd15354_c	
rxn08822_c_reverse_num1	rxn08822_c_reverse_num1	2 cpd00067_c + cpd00080_c + cpd01080_c --> cpd00001_c + cpd15358_c	
rxn08823_c_reverse_num1	rxn08823_c_reverse_num1	2 cpd00067_c + cpd00080_c + cpd15269_c --> cpd00001_c + cpd15357_c	
rxn08838_c_reverse_num1	rxn08838_c_reverse_num1	cpd00067_c + cpd00908_c + cpd01741_c --> cpd00001_c + cpd15336_c	
rxn08839_c_reverse_num1	rxn08839_c_reverse_num1	cpd00067_c + cpd00908_c + cpd03847_c --> cpd00001_c + cpd15337_c	
rxn08841_c_reverse_num1	rxn08841_c_reverse_num1	cpd00067_c + cpd00214_c + cpd00908_c --> cpd00001_c + cpd15339_c	
rxn08842_c_reverse_num1	rxn08842_c_reverse_num1	cpd00067_c + cpd00908_c + cpd15237_c --> cpd00001_c + cpd15340_c	
rxn08843_c_reverse_num1	rxn08843_c_reverse_num1	cpd00067_c + cpd00908_c + cpd01080_c --> cpd00001_c + cpd15341_c	
rxn08844_c_reverse_num1	rxn08844_c_reverse_num1	cpd00067_c + cpd00908_c + cpd15269_c --> cpd00001_c + cpd15342_c	
rxn08845_c_reverse_num1	rxn08845_c_reverse_num1	cpd00067_c + cpd01741_c + cpd02090_c --> cpd00001_c + cpd15343_c	
rxn08846_c_reverse_num1	rxn08846_c_reverse_num1	cpd00067_c + cpd02090_c + cpd03847_c --> cpd00001_c + cpd15344_c	
rxn08848_c_reverse_num1	rxn08848_c_reverse_num1	cpd00067_c + cpd00214_c + cpd02090_c --> cpd00001_c + cpd15346_c	
rxn08849_c_reverse_num1	rxn08849_c_reverse_num1	cpd00067_c + cpd02090_c + cpd15237_c --> cpd00001_c + cpd15347_c	
rxn08850_c_reverse_num1	rxn08850_c_reverse_num1	cpd00067_c + cpd01080_c + cpd02090_c --> cpd00001_c + cpd15348_c	
rxn08851_c_reverse_num1	rxn08851_c_reverse_num1	cpd00067_c + cpd02090_c + cpd15269_c --> cpd00001_c + cpd15349_c	
rxn08966_c_reverse	rxn08966_c_reverse	cpd00659_e --> cpd00659_c	
rxn08995_c_reverse	rxn08995_c_reverse	cpd00355_c --> cpd00355_e	
rxn09049_c_reverse	rxn09049_c_reverse	2 cpd00067_c + cpd00247_c --> 2 cpd00067_e + cpd00247_e	
rxn09108_c_reverse	rxn09108_c_reverse	cpd00046_c + cpd15542_c --> cpd00080_c + cpd15417_c	
rxn09109_c_reverse	rxn09109_c_reverse	cpd00046_c + cpd15543_c --> cpd00080_c + cpd15423_c	
rxn09110_c_reverse	rxn09110_c_reverse	cpd00046_c + cpd15544_c --> cpd00080_c + cpd15422_c	
rxn09111_c_reverse	rxn09111_c_reverse	cpd00046_c + cpd15545_c --> cpd00080_c + cpd15419_c	
rxn09112_c_reverse	rxn09112_c_reverse	cpd00046_c + cpd15546_c --> cpd00080_c + cpd15418_c	
rxn09113_c_reverse	rxn09113_c_reverse	cpd00046_c + cpd15547_c --> cpd00080_c + cpd15421_c	
rxn09114_c_reverse	rxn09114_c_reverse	cpd00046_c + cpd15548_c --> cpd00080_c + cpd15420_c	
rxn09172_c_reverse	rxn09172_c_reverse	cpd00141_c --> cpd00141_e	
rxn09184_c_reverse	rxn09184_c_reverse	cpd00009_c + cpd00067_c + cpd11640_c --> cpd00001_c + cpd04099_c	
rxn09222_c_reverse	rxn09222_c_reverse	cpd00009_c + cpd00105_c --> cpd00001_c + cpd00101_c	
rxn09256_c_reverse	rxn09256_c_reverse	cpd00067_c + cpd00383_c --> cpd00067_e + cpd00383_e	
rxn09260_c_reverse	rxn09260_c_reverse	cpd00081_e --> cpd00081_c	
rxn09280_c_reverse	rxn09280_c_reverse	cpd15416_c --> cpd11475_c	
rxn09287_c_reverse	rxn09287_c_reverse	cpd01211_e --> cpd01211_c	
rxn09317_c_reverse	rxn09317_c_reverse	cpd00811_e --> cpd00811_c	
rxn09318_c_reverse	rxn09318_c_reverse	cpd00441_e --> cpd00441_c	
rxn09320_c_reverse	rxn09320_c_reverse	cpd00128_c + cpd15364_c --> cpd00002_c + cpd00655_c	
rxn09342_c_reverse	rxn09342_c_reverse	cpd00037_e --> cpd00037_c	
rxn09349_c_reverse	rxn09349_c_reverse	cpd00043_e --> cpd00043_c	
rxn09352_c_reverse	rxn09352_c_reverse	cpd00144_e --> cpd00144_c	
rxn09353_c_reverse	rxn09353_c_reverse	cpd00026_e --> cpd00026_c	
rxn09361_c_reverse	rxn09361_c_reverse	cpd00091_e --> cpd00091_c	
rxn09380_c_reverse	rxn09380_c_reverse	cpd00497_e --> cpd00497_c	
rxn09562_c_reverse	rxn09562_c_reverse	cpd00031_c + cpd00177_c --> cpd00067_c + cpd00115_c + cpd00126_c	
rxn09564_c_reverse	rxn09564_c_reverse	cpd00009_c + cpd00067_c + cpd00925_c --> cpd00031_c + cpd00038_c	
rxn09886_c_reverse	rxn09886_c_reverse	cpd00029_c + cpd00067_c + cpd03456_c --> cpd00722_c + cpd01078_c	
rxn09989_c_reverse	rxn09989_c_reverse	6 cpd00027_c --> 5 cpd00001_c + cpd11594_c	
rxn10052_c_reverse	rxn10052_c_reverse	cpd00008_c + cpd00012_c --> cpd00018_c + cpd00067_c + cpd00421_c	
rxn10060_c_reverse	rxn10060_c_reverse	cpd00006_c + cpd00067_c + cpd00297_c --> cpd00003_c + cpd00357_c	
rxn10220_c_reverse	rxn10220_c_reverse	cpd00012_c + cpd00067_c + cpd15683_c --> cpd00052_c + cpd15677_c	
rxn10221_c_reverse	rxn10221_c_reverse	cpd00012_c + cpd00067_c + cpd15684_c --> cpd00052_c + cpd15678_c	
rxn10222_c_reverse	rxn10222_c_reverse	cpd00012_c + cpd00067_c + cpd15685_c --> cpd00052_c + cpd15679_c	
rxn10223_c_reverse	rxn10223_c_reverse	cpd00012_c + cpd00067_c + cpd15686_c --> cpd00052_c + cpd15680_c	
rxn10224_c_reverse	rxn10224_c_reverse	cpd00012_c + cpd00067_c + cpd15687_c --> cpd00052_c + cpd15681_c	
rxn10225_c_reverse	rxn10225_c_reverse	cpd00012_c + cpd00067_c + cpd15688_c --> cpd00052_c + cpd15682_c	
rxn10259_c_reverse	rxn10259_c_reverse	cpd00046_c + cpd15716_c --> cpd00080_c + cpd15683_c	
rxn10260_c_reverse	rxn10260_c_reverse	cpd00046_c + cpd15717_c --> cpd00080_c + cpd15684_c	
rxn10261_c_reverse	rxn10261_c_reverse	cpd00046_c + cpd15718_c --> cpd00080_c + cpd15685_c	
rxn10262_c_reverse	rxn10262_c_reverse	cpd00046_c + cpd15719_c --> cpd00080_c + cpd15686_c	
rxn10263_c_reverse	rxn10263_c_reverse	cpd00046_c + cpd15720_c --> cpd00080_c + cpd15687_c	
rxn10264_c_reverse	rxn10264_c_reverse	cpd00046_c + cpd15721_c --> cpd00080_c + cpd15688_c	
rxn10432_c_reverse	rxn10432_c_reverse	cpd00004_c + cpd00024_c + cpd00067_c --> cpd00003_c + cpd02041_c	
rxn10474_c_reverse	rxn10474_c_reverse	cpd00149_e --> cpd00149_c	
rxn10484_c_reverse	rxn10484_c_reverse	cpd00006_c + cpd00516_c --> cpd00005_c + cpd00013_c + 2 cpd00067_c + cpd02465_c	
rxn10770_c_reverse_num1	rxn10770_c_reverse_num1	cpd00004_c + cpd00067_c + cpd00447_c --> cpd00003_c + cpd00098_c	
rxn10945_c_reverse	rxn10945_c_reverse	cpd00129_e --> cpd00129_c	
rxn11326_c_reverse	rxn11326_c_reverse	cpd00281_e --> cpd00281_c	
rxn11590_c_reverse	rxn11590_c_reverse	cpd00067_c + cpd11619_c + cpd12205_c --> cpd12044_c + cpd12407_c	
rxn11732_c_reverse	rxn11732_c_reverse	cpd00004_c + cpd00024_c + cpd00067_c --> cpd00003_c + cpd01709_c	
rxn11809_c_reverse_num1	rxn11809_c_reverse_num1	cpd00003_c + cpd16365_c --> cpd00004_c + cpd00067_c + cpd04806_c	
rxn11834_c_reverse_num1	rxn11834_c_reverse_num1	cpd00004_c + cpd00067_c + cpd16396_c --> cpd00003_c + cpd16395_c	
rxn11892_c_reverse	rxn11892_c_reverse	cpd00010_c + cpd02184_c --> cpd00134_c + cpd00667_c	
rxn12146_c_reverse	rxn12146_c_reverse	cpd04242_c --> cpd16540_c	
rxn12239_c_reverse	rxn12239_c_reverse	cpd00004_c + cpd00067_c + cpd00484_c --> cpd00003_c + cpd15378_c	
rxn12240_c_reverse	rxn12240_c_reverse	cpd00022_c + cpd02500_c --> cpd16655_c	
rxn12241_c_reverse	rxn12241_c_reverse	cpd16655_c --> cpd00001_c + cpd00067_c + cpd00270_c	
rxn12242_c_reverse	rxn12242_c_reverse	cpd00004_c + cpd00197_c --> cpd00001_c + cpd00003_c + cpd02500_c	
rxn12384_c_reverse	rxn12384_c_reverse	cpd00435_c --> cpd00435_e	
rxn12397_c_reverse	rxn12397_c_reverse	cpd00067_c + cpd00881_c --> cpd00067_e + cpd00881_e	
rxn12400_c_reverse	rxn12400_c_reverse	cpd00067_c + cpd00604_c --> cpd00067_e + cpd00604_e	
rxn12436_c_reverse	rxn12436_c_reverse	cpd00153_c --> cpd00153_e	
rxn12522_c_reverse	rxn12522_c_reverse	cpd00067_c + cpd00094_c --> cpd00067_e + cpd00094_e	
rxn12633_c_reverse_num1	rxn12633_c_reverse_num1	cpd00035_c + cpd00041_c --> cpd00001_c + cpd11593_c	
rxn12634_c_reverse_num1	rxn12634_c_reverse_num1	cpd00023_c + cpd00033_c --> cpd00001_c + cpd11592_c	
rxn12635_c_reverse_num1	rxn12635_c_reverse_num1	cpd00033_c + cpd00060_c --> cpd00001_c + cpd11591_c	
rxn12636_c_reverse_num1	rxn12636_c_reverse_num1	cpd00035_c + cpd00060_c --> cpd00001_c + cpd00067_c + cpd11590_c	
rxn12637_c_reverse_num1	rxn12637_c_reverse_num1	cpd00033_c + cpd00041_c --> cpd00001_c + cpd11589_c	
rxn12639_c_reverse_num1	rxn12639_c_reverse_num1	cpd00035_c + cpd00053_c --> cpd00001_c + cpd11587_c	
rxn12640_c_reverse_num1	rxn12640_c_reverse_num1	cpd00023_c + cpd00035_c --> cpd00001_c + cpd11586_c	
rxn12641_c_reverse_num1	rxn12641_c_reverse_num1	cpd00033_c + cpd00035_c --> cpd00001_c + cpd11585_c	
rxn12642_c_reverse_num1	rxn12642_c_reverse_num1	cpd00035_c + cpd00119_c --> cpd00001_c + cpd11584_c	
rxn12645_c_reverse_num1	rxn12645_c_reverse_num1	cpd00033_c + cpd00132_c --> cpd00001_c + cpd11581_c	
rxn12646_c_reverse_num1	rxn12646_c_reverse_num1	cpd00033_c + cpd00053_c --> cpd00001_c + cpd11580_c	
rxn12666_c_reverse	rxn12666_c_reverse	cpd00215_c --> cpd00215_e	
rxn12676_c_reverse	rxn12676_c_reverse	cpd00022_c + cpd00484_c --> cpd00001_c + cpd00192_c	
rxn12677_c_reverse	rxn12677_c_reverse	cpd00022_c + cpd00561_c --> cpd00001_c + cpd00321_c	
rxn12795_c_reverse	rxn12795_c_reverse	cpd01059_e --> cpd01059_c	
rxn12818_c_reverse	rxn12818_c_reverse	cpd04073_c --> cpd04073_e	
rxn12819_c_reverse	rxn12819_c_reverse	cpd00067_c + cpd00561_c --> cpd00067_e + cpd00561_e	
rxn12844_c_reverse_num1	rxn12844_c_reverse_num1	cpd00033_c + cpd00084_c --> cpd00001_c + cpd15603_c	
rxn12845_c_reverse_num1	rxn12845_c_reverse_num1	cpd00033_c + cpd00107_c --> cpd00001_c + cpd15604_c	
rxn12846_c_reverse_num1	rxn12846_c_reverse_num1	cpd00033_c + cpd00066_c --> cpd00001_c + cpd15605_c	
rxn12847_c_reverse_num1	rxn12847_c_reverse_num1	cpd00033_c + cpd00069_c --> cpd00001_c + cpd15606_c	
rxn13840_c_reverse	rxn13840_c_reverse	cpd00001_c + cpd15239_c --> 2 cpd00067_c + cpd11481_c	
rxn14054_c_reverse_num1	rxn14054_c_reverse_num1	cpd00004_c + cpd00067_c + cpd04017_c --> cpd00003_c + cpd04015_c	
rxn14089_c_reverse_num1	rxn14089_c_reverse_num1	cpd00004_c + cpd00067_c + cpd15064_c --> cpd00003_c + cpd04016_c	
rxn14099_c_reverse	rxn14099_c_reverse	cpd00005_c + cpd00067_c + cpd00237_c --> cpd00006_c + cpd02365_c	
rxn14123_c_reverse	rxn14123_c_reverse	cpd00001_c + cpd03646_c --> cpd00023_c + cpd03377_c	
rxn14291_c_reverse	rxn14291_c_reverse	cpd00005_c + cpd00067_c + cpd00420_c --> cpd00006_c + cpd03139_c	
rxn14379_c_reverse	rxn14379_c_reverse	cpd00005_c + cpd00067_c + cpd01450_c --> cpd00006_c + cpd03256_c	
rxn15053_c_reverse_num1	rxn15053_c_reverse_num1	cpd00004_c + 2 cpd00067_c + cpd19000_c --> cpd00001_c + cpd00003_c + cpd11616_c	
rxn15228_c_reverse	rxn15228_c_reverse	cpd00101_c + cpd00198_c --> cpd00102_c + cpd00238_c	
rxn15315_c_reverse	rxn15315_c_reverse	cpd00067_c + cpd19000_c + cpd19004_c --> cpd00001_c + cpd11677_c	
rxn15466_c_reverse	rxn15466_c_reverse	cpd00005_c + cpd00067_c + cpd19047_c --> cpd00006_c + cpd19030_c	
rxn15641_c_reverse	rxn15641_c_reverse	cpd19162_c --> cpd00067_c + cpd01630_c	
rxn15726_c_reverse	rxn15726_c_reverse	cpd00004_c + cpd00024_c + cpd00067_c --> cpd00003_c + cpd00795_c	
rxn15833_c_reverse	rxn15833_c_reverse	cpd00005_c + cpd00067_c + cpd01793_c --> cpd00006_c + cpd02122_c	
rxn16000_c_reverse	rxn16000_c_reverse	2 cpd00006_c + cpd00099_c + cpd19510_c --> 2 cpd00005_c + cpd00067_c + cpd19509_c	
rxn16085_c_reverse	rxn16085_c_reverse	cpd00003_c + cpd00099_c + cpd19572_c --> cpd00004_c + cpd19571_c	
rxn16149_c_reverse	rxn16149_c_reverse	cpd00005_c + cpd00067_c + cpd00191_c --> cpd00006_c + cpd00745_c	
rxn16206_c_reverse_num1	rxn16206_c_reverse_num1	cpd02555_c + cpd03163_c --> cpd02738_c + cpd03397_c	
rxn16478_c_reverse	rxn16478_c_reverse	cpd00014_c + cpd21007_c --> cpd00037_c + cpd02484_c	
rxn16494_c_reverse	rxn16494_c_reverse	cpd00029_c + cpd20950_c --> cpd00001_c + cpd21029_c	
rxn16506_c_reverse	rxn16506_c_reverse	cpd00354_c + cpd21036_c --> cpd00169_c + cpd14484_c	
rxn16507_c_reverse	rxn16507_c_reverse	cpd00009_c + cpd21037_c --> cpd00001_c + cpd21036_c	
rxn16574_c_reverse	rxn16574_c_reverse	cpd00012_c + cpd21090_c --> cpd00002_c + cpd03520_c	
rxn16596_c_reverse_num1	rxn16596_c_reverse_num1	cpd00005_c + 2 cpd00067_c + cpd00649_c --> cpd00006_c + cpd00792_c	
rxn16798_c_reverse_num1	rxn16798_c_reverse_num1	cpd00004_c + cpd00067_c + cpd21484_c --> cpd00003_c + cpd21131_c	
rxn20643_c_reverse	rxn20643_c_reverse	cpd00047_c + cpd00060_c + cpd00067_c + cpd00204_c + cpd02775_c + cpd03091_c --> cpd00017_c + cpd02140_c	
rxn23238_c_reverse	rxn23238_c_reverse	cpd00011_c + cpd00067_c + cpd11640_c --> cpd00001_c + cpd00204_c	
rxn29194_c_reverse	rxn29194_c_reverse	cpd00333_e --> cpd00333_c	
rxn29230_c_reverse	rxn29230_c_reverse	cpd01042_c --> cpd01042_e	
rxn29406_c_reverse	rxn29406_c_reverse	cpd01307_c --> cpd01307_e	
rxn32474_c_reverse	rxn32474_c_reverse	cpd00456_e --> cpd00456_c	
rxn39188_c_reverse	rxn39188_c_reverse	cpd00127_e --> cpd00127_c	
rxn40890_c_reverse	rxn40890_c_reverse	cpd00008_c + cpd00009_c + cpd00067_c + cpd30760_c --> cpd00001_c + cpd00002_c + cpd30760_e	
rxn44048_c_reverse	rxn44048_c_reverse	cpd00011_c + cpd00013_c + cpd00183_c --> cpd00001_c + 2 cpd00067_c + cpd00768_c	
rxn45856_c_reverse	rxn45856_c_reverse	2 cpd00067_c + cpd15378_c --> cpd00001_c + cpd01042_c	
rxn45983_c_reverse	rxn45983_c_reverse	cpd00067_c + cpd00479_c --> cpd00067_e + cpd00479_e	
rxn48573_c_reverse_num1	rxn48573_c_reverse_num1	cpd00047_c + cpd37290_c --> cpd00001_c + cpd37291_c	
rxnmqfadh2_c_reverse_num1	rxnmqfadh2_c_reverse_num1	cpd00015_c + cpd15499_c --> cpd00982_c + cpd15500_c	
rxn06619_c_reverse	rxn06619_c_reverse	cpd00002_c + cpd00053_c + cpd12829_c --> cpd00008_c + cpd00009_c + cpd00023_c + cpd12313_c	
rxn06520_c_reverse	rxn06520_c_reverse	cpd00001_c + cpd00002_c + cpd00053_c + cpd12828_c --> cpd00008_c + cpd00009_c + cpd00023_c + cpd00067_c + cpd12060_c	
rxn00058_c_num2	rxn00058_c_num2	cpd00007_c + 4 cpd00067_c + 4 cpd00110_c --> 2 cpd00001_c + 4 cpd00109_c	
rxn00058_c_num3	rxn00058_c_num3	cpd00007_c + 4 cpd00067_c + 4 cpd00110_c --> 2 cpd00001_c + 4 cpd00109_c	
rxn00058_c_num4	rxn00058_c_num4	cpd00007_c + 4 cpd00067_c + 4 cpd00110_c --> 2 cpd00001_c + 4 cpd00109_c	
rxn00105_c_num2	rxn00105_c_num2	cpd00002_c + cpd00355_c --> cpd00003_c + cpd00012_c	
rxn00119_c_num2	rxn00119_c_num2	cpd00002_c + cpd00067_c + cpd00091_c --> cpd00008_c + cpd00014_c	
rxn00148_c_num2	rxn00148_c_num2	cpd00008_c + cpd00061_c + cpd00067_c --> cpd00002_c + cpd00020_c	
rxn00165_c_num2	rxn00165_c_num2	cpd00054_c --> cpd00013_c + cpd00020_c	
rxn00178_c_num2	rxn00178_c_num2	2 cpd00022_c --> cpd00010_c + cpd00279_c	
rxn00187_c_num2	rxn00187_c_num2	cpd00002_c + cpd00013_c + cpd00023_c --> cpd00008_c + cpd00009_c + cpd00053_c + cpd00067_c	
rxn00193_c_num2	rxn00193_c_num2	cpd00023_c --> cpd00186_c	
rxn00196_c_num2	rxn00196_c_num2	cpd00001_c + cpd00006_c + cpd00340_c --> cpd00005_c + cpd00024_c + 2 cpd00067_c	
rxn00196_c_num3	rxn00196_c_num3	cpd00001_c + cpd00006_c + cpd00340_c --> cpd00005_c + cpd00024_c + 2 cpd00067_c	
rxn00211_c_num2	rxn00211_c_num2	cpd00001_c + 2 cpd00003_c + cpd00026_c --> 2 cpd00004_c + 3 cpd00067_c + cpd00144_c	
rxn00211_c_num3	rxn00211_c_num3	cpd00001_c + 2 cpd00003_c + cpd00026_c --> 2 cpd00004_c + 3 cpd00067_c + cpd00144_c	
rxn00213_c_num2	rxn00213_c_num2	cpd00062_c + cpd00089_c --> cpd00012_c + cpd00026_c	
rxn00214_c_num2	rxn00214_c_num2	cpd00026_c --> cpd00043_c	
rxn00214_c_num3	rxn00214_c_num3	cpd00026_c --> cpd00043_c	
rxn00216_c_num2	rxn00216_c_num2	cpd00002_c + cpd00027_c --> cpd00008_c + cpd00067_c + cpd00079_c	
rxn00289_c_num2	rxn00289_c_num2	cpd02799_c --> cpd00020_c + cpd00036_c	
rxn00293_c_num2	rxn00293_c_num2	cpd00062_c + cpd02611_c --> cpd00012_c + cpd00037_c	
rxn00295_c_num2	rxn00295_c_num2	cpd00037_c --> cpd00175_c	
rxn00295_c_num3	rxn00295_c_num3	cpd00037_c --> cpd00175_c	
rxn00303_c_num2	rxn00303_c_num2	cpd00002_c + cpd00038_c --> cpd00018_c + 2 cpd00067_c + cpd02740_c	
rxn00360_c_num2	rxn00360_c_num2	cpd00001_c + cpd00044_c --> cpd00009_c + cpd00193_c	
rxn00499_c_num2	rxn00499_c_num2	cpd00003_c + cpd00159_c --> cpd00004_c + cpd00020_c + cpd00067_c	
rxn00500_c_num2	rxn00500_c_num2	cpd00003_c + cpd00221_c --> cpd00004_c + cpd00020_c + cpd00067_c	
rxn00500_c_num3	rxn00500_c_num3	cpd00003_c + cpd00221_c --> cpd00004_c + cpd00020_c + cpd00067_c	
rxn00501_c_num2	rxn00501_c_num2	cpd00003_c + cpd00010_c + cpd00191_c --> cpd00004_c + cpd00011_c + cpd00022_c	
rxn00508_c_num2	rxn00508_c_num2	cpd00001_c + cpd00003_c + cpd00199_c --> cpd00004_c + cpd00036_c + 2 cpd00067_c	
rxn00543_c_num2	rxn00543_c_num2	cpd00003_c + cpd00363_c --> cpd00004_c + cpd00067_c + cpd00071_c	
rxn00559_c_num2	rxn00559_c_num2	cpd00235_c --> cpd00072_c	
rxn00612_c_num2	rxn00612_c_num2	cpd00006_c + cpd00080_c --> cpd00005_c + cpd00067_c + cpd00095_c	
rxn00622_c_num2	rxn00622_c_num2	cpd00001_c + cpd02000_c --> cpd00057_c + cpd00067_c + cpd00080_c	
rxn00646_c_num2	rxn00646_c_num2	cpd00002_c + cpd00023_c + cpd00084_c --> cpd00008_c + cpd00009_c + cpd00067_c + cpd00506_c	
rxn00650_c_num2	rxn00650_c_num2	cpd00001_c + cpd01017_c --> cpd00033_c + cpd00084_c	
rxn00650_c_num3	rxn00650_c_num3	cpd00001_c + cpd01017_c --> cpd00033_c + cpd00084_c	
rxn00650_c_num4	rxn00650_c_num4	cpd00001_c + cpd01017_c --> cpd00033_c + cpd00084_c	
rxn00650_c_num5	rxn00650_c_num5	cpd00001_c + cpd01017_c --> cpd00033_c + cpd00084_c	
rxn00650_c_num6	rxn00650_c_num6	cpd00001_c + cpd01017_c --> cpd00033_c + cpd00084_c	
rxn00671_c_num2	rxn00671_c_num2	cpd00003_c + cpd00010_c + cpd00287_c --> cpd00004_c + cpd00011_c + cpd00086_c	
rxn00679_c_num2	rxn00679_c_num2	cpd00001_c + cpd00032_c + cpd00086_c --> cpd00010_c + cpd00067_c + cpd01501_c	
rxn00693_c_num2	rxn00693_c_num2	cpd00135_c + cpd00345_c --> cpd00060_c + cpd00087_c	
rxn00730_c_num2	rxn00730_c_num2	cpd00070_c + cpd00093_c --> cpd00010_c + cpd02014_c	
rxn00741_c_num2	rxn00741_c_num2	cpd00003_c + cpd03561_c --> cpd00004_c + cpd00067_c + cpd00094_c	
rxn00758_c_num2	rxn00758_c_num2	cpd00001_c + cpd00507_c --> cpd00067_c + cpd00080_c + cpd00098_c	
rxn00772_c_num2	rxn00772_c_num2	cpd00002_c + cpd00105_c --> cpd00008_c + cpd00067_c + cpd00101_c	
rxn00780_c_num2	rxn00780_c_num2	cpd00002_c + cpd00448_c --> cpd00008_c + cpd00067_c + cpd00102_c	
rxn00874_c_num2	rxn00874_c_num2	cpd00022_c + cpd00120_c --> cpd00010_c + cpd03123_c	
rxn00879_c_num2	rxn00879_c_num2	cpd00003_c + cpd00121_c --> cpd00004_c + cpd00067_c + cpd00524_c	
rxn00879_c_num3	rxn00879_c_num3	cpd00003_c + cpd00121_c --> cpd00004_c + cpd00067_c + cpd00524_c	
rxn00879_c_num4	rxn00879_c_num4	cpd00003_c + cpd00121_c --> cpd00004_c + cpd00067_c + cpd00524_c	
rxn00915_c_num2	rxn00915_c_num2	cpd00103_c + cpd00207_c --> cpd00012_c + cpd00067_c + cpd00126_c	
rxn00927_c_num2	rxn00927_c_num2	cpd00001_c + cpd00182_c --> cpd00105_c + cpd00128_c	
rxn00947_c_num2	rxn00947_c_num2	cpd00002_c + cpd00010_c + cpd00214_c --> cpd00012_c + cpd00018_c + cpd00067_c + cpd00134_c	
rxn00947_c_num3	rxn00947_c_num3	cpd00002_c + cpd00010_c + cpd00214_c --> cpd00012_c + cpd00018_c + cpd00067_c + cpd00134_c	
rxn00988_c_num2	rxn00988_c_num2	cpd00002_c + cpd00010_c + cpd00142_c --> cpd00012_c + cpd00018_c + cpd00067_c + cpd00279_c	
rxn00988_c_num3	rxn00988_c_num3	cpd00002_c + cpd00010_c + cpd00142_c --> cpd00012_c + cpd00018_c + cpd00067_c + cpd00279_c	
rxn01073_c_num2	rxn01073_c_num2	cpd00001_c + cpd00908_c --> cpd00067_c + cpd00080_c + cpd00162_c	
rxn01102_c_num2	rxn01102_c_num2	cpd00002_c + cpd00223_c --> cpd00008_c + cpd00067_c + cpd00169_c	
rxn01102_c_num3	rxn01102_c_num3	cpd00002_c + cpd00223_c --> cpd00008_c + cpd00067_c + cpd00169_c	
rxn01153_c_num2	rxn01153_c_num2	cpd00001_c + cpd00610_c --> cpd00013_c + cpd00186_c	
rxn01153_c_num3	rxn01153_c_num3	cpd00001_c + cpd00610_c --> cpd00013_c + cpd00186_c	
rxn01213_c_num2	rxn01213_c_num2	cpd00113_c + cpd00202_c --> cpd00012_c + cpd00067_c + cpd00283_c	
rxn01216_c_num2	rxn01216_c_num2	cpd00203_c --> cpd00067_c + cpd00853_c	
rxn01226_c_num2	rxn01226_c_num2	cpd00001_c + cpd00311_c --> cpd00105_c + cpd00207_c	
rxn01274_c_num2	rxn01274_c_num2	cpd00001_c + cpd02182_c --> cpd00042_c + cpd00067_c + cpd00221_c	
rxn01274_c_num3	rxn01274_c_num3	cpd00001_c + cpd02182_c --> cpd00042_c + cpd00067_c + cpd00221_c	
rxn01299_c_num2	rxn01299_c_num2	cpd00001_c + cpd00246_c --> cpd00105_c + cpd00226_c	
rxn01329_c_num2	rxn01329_c_num2	cpd00235_c --> cpd00485_c	
rxn01332_c_num2	rxn01332_c_num2	cpd00001_c + cpd00061_c + cpd00236_c --> cpd00009_c + cpd02857_c	
rxn01362_c_num2	rxn01362_c_num2	cpd00103_c + cpd00247_c --> cpd00012_c + cpd00067_c + cpd00810_c	
rxn01416_c_num2	rxn01416_c_num2	cpd00150_c + cpd00268_c --> cpd00067_c + cpd00081_c + cpd01211_c	
rxn01416_c_num3	rxn01416_c_num3	cpd00150_c + cpd00268_c --> cpd00067_c + cpd00081_c + cpd01211_c	
rxn01416_c_num4	rxn01416_c_num4	cpd00150_c + cpd00268_c --> cpd00067_c + cpd00081_c + cpd01211_c	
rxn01466_c_num2	rxn01466_c_num2	cpd00113_c + cpd00283_c --> cpd00012_c + cpd00067_c + cpd00350_c	
rxn01466_c_num3	rxn01466_c_num3	cpd00113_c + cpd00283_c --> cpd00012_c + cpd00067_c + cpd00350_c	
rxn01486_c_num2	rxn01486_c_num2	cpd00113_c + cpd00350_c --> cpd00012_c + cpd00067_c + cpd00289_c	
rxn01486_c_num3	rxn01486_c_num3	cpd00113_c + cpd00350_c --> cpd00012_c + cpd00067_c + cpd00289_c	
rxn01486_c_num4	rxn01486_c_num4	cpd00113_c + cpd00350_c --> cpd00012_c + cpd00067_c + cpd00289_c	
rxn01492_c_num2	rxn01492_c_num2	cpd00002_c + cpd00802_c --> cpd00008_c + cpd00067_c + cpd00290_c	
rxn01492_c_num3	rxn01492_c_num3	cpd00002_c + cpd00802_c --> cpd00008_c + cpd00067_c + cpd00290_c	
rxn01517_c_num2	rxn01517_c_num2	cpd00002_c + cpd00067_c + cpd00299_c --> cpd00008_c + cpd00978_c	
rxn01519_c_num2	rxn01519_c_num2	cpd00001_c + cpd00358_c --> cpd00012_c + 2 cpd00067_c + cpd00299_c	
rxn01530_c_num2	rxn01530_c_num2	cpd00003_c + cpd00365_c --> cpd00004_c + cpd00067_c + cpd00304_c	
rxn01539_c_num2	rxn01539_c_num2	cpd00009_c + cpd00067_c + cpd00305_c --> cpd00001_c + cpd00793_c	
rxn01539_c_num3	rxn01539_c_num3	cpd00009_c + cpd00067_c + cpd00305_c --> cpd00001_c + cpd00793_c	
rxn01544_c_num2	rxn01544_c_num2	cpd00103_c + cpd00309_c --> cpd00012_c + cpd00067_c + cpd00497_c	
rxn01545_c_num2	rxn01545_c_num2	cpd00001_c + cpd01217_c --> cpd00105_c + cpd00309_c	
rxn01637_c_num2	rxn01637_c_num2	cpd00024_c + cpd00342_c --> cpd00023_c + cpd00918_c	
rxn01729_c_num2	rxn01729_c_num2	cpd00001_c + cpd00003_c + cpd02089_c --> cpd00004_c + 2 cpd00067_c + cpd00379_c	
rxn01806_c_num2	rxn01806_c_num2	cpd00004_c + cpd00067_c + 2 cpd00418_c --> cpd00001_c + cpd00003_c + cpd00659_c	
rxn01937_c_num2	rxn01937_c_num2	cpd00001_c + cpd00003_c + cpd00486_c --> cpd00004_c + 2 cpd00067_c + cpd00703_c	
rxn01987_c_num2	rxn01987_c_num2	cpd00008_c + cpd00067_c + cpd00510_c --> cpd00002_c + cpd01242_c	
rxn02005_c_num2	rxn02005_c_num2	cpd00061_c + cpd00794_e --> cpd00020_c + cpd00523_c	
rxn02106_c_num2	rxn02106_c_num2	cpd00001_c + cpd00003_c + cpd03562_c --> cpd00004_c + 2 cpd00067_c + cpd00598_c	
rxn02122_c_num2	rxn02122_c_num2	2 cpd00001_c + cpd00003_c + cpd01735_c --> cpd00004_c + 3 cpd00067_c + cpd00609_c	
rxn02155_c_num2	rxn02155_c_num2	cpd00002_c + cpd00873_c --> cpd00012_c + cpd00638_c	
rxn02160_c_num2	rxn02160_c_num2	cpd00001_c + cpd00807_c --> cpd00009_c + cpd00641_c	
rxn02228_c_num2	rxn02228_c_num2	cpd00003_c + cpd03455_c --> cpd00004_c + cpd00067_c + cpd00706_c	
rxn02258_c_num2	rxn02258_c_num2	cpd00078_c + cpd01701_c --> cpd00036_c + cpd00743_c	
rxn02262_c_num2	rxn02262_c_num2	cpd00002_c + cpd00751_c --> cpd00008_c + cpd00067_c + cpd01912_c	
rxn02264_c_num2	rxn02264_c_num2	cpd00755_c --> cpd00001_c + cpd00774_c	
rxn02264_c_num3	rxn02264_c_num3	cpd00755_c --> cpd00001_c + cpd00774_c	
rxn02264_c_num4	rxn02264_c_num4	cpd00755_c --> cpd00001_c + cpd00774_c	
rxn02314_c_num2	rxn02314_c_num2	cpd00002_c + cpd00805_c --> cpd00008_c + cpd00067_c + cpd02371_c	
rxn02314_c_num3	rxn02314_c_num3	cpd00002_c + cpd00805_c --> cpd00008_c + cpd00067_c + cpd02371_c	
rxn02314_c_num4	rxn02314_c_num4	cpd00002_c + cpd00805_c --> cpd00008_c + cpd00067_c + cpd02371_c	
rxn02350_c_num2	rxn02350_c_num2	cpd00001_c + cpd00003_c + cpd00845_c --> cpd00004_c + 2 cpd00067_c + cpd00870_c	
rxn02418_c_num2	rxn02418_c_num2	cpd00001_c + cpd00885_c --> cpd00009_c + cpd02788_c	
rxn02449_c_num2	rxn02449_c_num2	cpd00001_c + cpd02740_c --> cpd00009_c + cpd00067_c + cpd00905_c	
rxn02507_c_num2	rxn02507_c_num2	cpd00067_c + cpd00956_c --> cpd00001_c + cpd00011_c + cpd02210_c	
rxn02548_c_num2	rxn02548_c_num2	cpd00017_c + cpd01047_c --> cpd00019_c + cpd00067_c + cpd01043_c	
rxn02729_c_num2	rxn02729_c_num2	cpd00001_c + cpd00003_c + cpd00287_c --> cpd00004_c + 2 cpd00067_c + cpd01468_c	
rxn02733_c_num2	rxn02733_c_num2	cpd00001_c + cpd00002_c + cpd00254_c + cpd01476_c --> cpd00008_c + cpd00009_c + 3 cpd00067_c + cpd02216_c	
rxn03031_c_num2	rxn03031_c_num2	cpd00001_c + cpd00078_c + cpd02465_c --> cpd00010_c + cpd02724_c	
rxn03052_c_num2	rxn03052_c_num2	cpd00135_c + cpd02738_c --> cpd00060_c + cpd02555_c	
rxn03060_c_num2	rxn03060_c_num2	cpd01501_c --> cpd00001_c + cpd02597_c	
rxn03060_c_num3	rxn03060_c_num3	cpd01501_c --> cpd00001_c + cpd02597_c	
rxn03087_c_num2	rxn03087_c_num2	cpd00024_c + cpd02698_c --> cpd00023_c + cpd02724_c	
rxn03106_c_num2	rxn03106_c_num2	cpd00001_c + cpd00003_c + cpd03228_c --> cpd00004_c + 2 cpd00067_c + cpd02773_c	
rxn03108_c_num2	rxn03108_c_num2	cpd00002_c + cpd02775_c --> cpd00008_c + cpd02894_c	
rxn03282_c_num2	rxn03282_c_num2	cpd00003_c + cpd03227_c --> cpd00004_c + cpd00067_c + cpd03228_c	
rxn03333_c_num2	rxn03333_c_num2	cpd00003_c + cpd03306_c --> cpd00004_c + cpd00067_c + cpd03307_c	
rxn03354_c_num2	rxn03354_c_num2	cpd00001_c + cpd00003_c + cpd03345_c --> cpd00004_c + 2 cpd00067_c + cpd03346_c	
rxn03406_c_num2	rxn03406_c_num2	cpd00002_c + cpd00013_c + cpd03487_c --> cpd00008_c + cpd00009_c + cpd00067_c + cpd03488_c	
rxn03423_c_num2	rxn03423_c_num2	cpd00001_c + cpd00003_c + cpd03529_c --> cpd00004_c + 2 cpd00067_c + cpd01889_c	
rxn03598_c_num2	rxn03598_c_num2	cpd00001_c + cpd00003_c + cpd04134_c --> cpd00004_c + 2 cpd00067_c + cpd04135_c	
rxn03841_c_num2	rxn03841_c_num2	cpd08210_c --> cpd00020_c + cpd00067_c + cpd00443_c	
rxn03848_c_num2	rxn03848_c_num2	cpd00001_c + cpd00067_c + cpd03963_c --> cpd00011_c + cpd00013_c + cpd00073_c	
rxn03849_c_num2	rxn03849_c_num2	cpd00001_c + cpd03963_c --> cpd00013_c + cpd00742_c	
rxn03898_c_num2	rxn03898_c_num2	cpd00005_c + cpd00007_c + cpd00067_c + cpd00153_c --> cpd00006_c + cpd03762_c	
rxn03974_c_num2	rxn03974_c_num2	cpd00004_c + cpd00050_c + cpd00067_c --> cpd00003_c + cpd01270_c	
rxn03974_c_num3	rxn03974_c_num3	cpd00004_c + cpd00050_c + cpd00067_c --> cpd00003_c + cpd01270_c	
rxn03975_c_num2	rxn03975_c_num2	cpd00005_c + cpd00050_c + cpd00067_c --> cpd00006_c + cpd01270_c	
rxn03975_c_num3	rxn03975_c_num3	cpd00005_c + cpd00050_c + cpd00067_c --> cpd00006_c + cpd01270_c	
rxn04234_c_num2	rxn04234_c_num2	cpd00001_c + cpd00003_c + cpd01686_c --> cpd00004_c + 2 cpd00067_c + cpd08721_c	
rxn04726_c_num2	rxn04726_c_num2	cpd00003_c + cpd09792_c --> cpd00004_c + cpd00067_c + cpd09793_c	
rxn04736_c_num2	rxn04736_c_num2	cpd00003_c + cpd01859_c --> cpd00004_c + cpd00067_c + cpd09802_c	
rxn04908_c_num2	rxn04908_c_num2	cpd00004_c + cpd00067_c + cpd04248_c --> cpd00001_c + cpd00003_c + cpd04661_c	
rxn05005_c_num2	rxn05005_c_num2	cpd00017_c + cpd00774_c --> cpd00019_c + cpd00067_c + cpd11206_c	
rxn05006_c_num2	rxn05006_c_num2	cpd00017_c + cpd11206_c --> cpd00019_c + cpd01620_c	
rxn05164_c_num2	rxn05164_c_num2	cpd00001_c + cpd00002_c + cpd00119_e --> cpd00008_c + cpd00009_c + cpd00067_c + cpd00119_c	
rxn05197_c_num2	rxn05197_c_num2	cpd00067_e + cpd00092_e --> cpd00067_c + cpd00092_c	
rxn05247_c_num2	rxn05247_c_num2	cpd00002_c + cpd00010_c + cpd11430_c --> cpd00012_c + cpd00018_c + cpd11435_c	
rxn05247_c_num3	rxn05247_c_num3	cpd00002_c + cpd00010_c + cpd11430_c --> cpd00012_c + cpd00018_c + cpd11435_c	
rxn05248_c_num2	rxn05248_c_num2	cpd00002_c + cpd00010_c + cpd11438_c --> cpd00012_c + cpd00018_c + cpd11439_c	
rxn05248_c_num3	rxn05248_c_num3	cpd00002_c + cpd00010_c + cpd11438_c --> cpd00012_c + cpd00018_c + cpd11439_c	
rxn05249_c_num2	rxn05249_c_num2	cpd00002_c + cpd00010_c + cpd11436_c --> cpd00012_c + cpd00018_c + cpd11437_c	
rxn05249_c_num3	rxn05249_c_num3	cpd00002_c + cpd00010_c + cpd11436_c --> cpd00012_c + cpd00018_c + cpd11437_c	
rxn05250_c_num2	rxn05250_c_num2	cpd00002_c + cpd00010_c + cpd11440_c --> cpd00012_c + cpd00018_c + cpd11441_c	
rxn05250_c_num3	rxn05250_c_num3	cpd00002_c + cpd00010_c + cpd11440_c --> cpd00012_c + cpd00018_c + cpd11441_c	
rxn05251_c_num2	rxn05251_c_num2	cpd00002_c + cpd00010_c + cpd11433_c --> cpd00012_c + cpd00018_c + cpd11434_c	
rxn05251_c_num3	rxn05251_c_num3	cpd00002_c + cpd00010_c + cpd11433_c --> cpd00012_c + cpd00018_c + cpd11434_c	
rxn05252_c_num2	rxn05252_c_num2	cpd00002_c + cpd00010_c + cpd11431_c --> cpd00012_c + cpd00018_c + cpd11432_c	
rxn05252_c_num3	rxn05252_c_num3	cpd00002_c + cpd00010_c + cpd11431_c --> cpd00012_c + cpd00018_c + cpd11432_c	
rxn05289_c_num2	rxn05289_c_num2	cpd00005_c + cpd00067_c + cpd11420_c --> cpd00006_c + cpd11421_c	
rxn05300_c_num2	rxn05300_c_num2	cpd00067_c + cpd00161_c --> cpd00067_e + cpd00161_e	
rxn05300_c_num3	rxn05300_c_num3	cpd00067_c + cpd00161_c --> cpd00067_e + cpd00161_e	
rxn05300_c_num4	rxn05300_c_num4	cpd00067_c + cpd00161_c --> cpd00067_e + cpd00161_e	
rxn05300_c_num5	rxn05300_c_num5	cpd00067_c + cpd00161_c --> cpd00067_e + cpd00161_e	
rxn05303_c_num2	rxn05303_c_num2	cpd00051_c + cpd00067_c --> cpd00051_e + cpd00067_e	
rxn05307_c_num2	rxn05307_c_num2	cpd00054_e + cpd00067_e --> cpd00054_c + cpd00067_c	
rxn05307_c_num3	rxn05307_c_num3	cpd00054_e + cpd00067_e --> cpd00054_c + cpd00067_c	
rxn05343_c_num2	rxn05343_c_num2	cpd11470_c + cpd11492_c --> cpd00011_c + cpd11487_c + cpd11493_c	
rxn05343_c_num3	rxn05343_c_num3	cpd11470_c + cpd11492_c --> cpd00011_c + cpd11487_c + cpd11493_c	
rxn05345_c_num2	rxn05345_c_num2	cpd11468_c + cpd11492_c --> cpd00011_c + cpd11491_c + cpd11493_c	
rxn05345_c_num3	rxn05345_c_num3	cpd11468_c + cpd11492_c --> cpd00011_c + cpd11491_c + cpd11493_c	
rxn05346_c_num2	rxn05346_c_num2	cpd11464_c + cpd11492_c --> cpd00011_c + cpd11486_c + cpd11493_c	
rxn05346_c_num3	rxn05346_c_num3	cpd11464_c + cpd11492_c --> cpd00011_c + cpd11486_c + cpd11493_c	
rxn05348_c_num2	rxn05348_c_num2	cpd11474_c + cpd11492_c --> cpd00011_c + cpd11489_c + cpd11493_c	
rxn05348_c_num3	rxn05348_c_num3	cpd11474_c + cpd11492_c --> cpd00011_c + cpd11489_c + cpd11493_c	
rxn05349_c_num2	rxn05349_c_num2	cpd00022_c + cpd11493_c --> cpd00010_c + cpd11494_c	
rxn05350_c_num2	rxn05350_c_num2	cpd00067_c + cpd11472_c + cpd11492_c --> cpd00011_c + cpd11490_c + cpd11493_c	
rxn05350_c_num3	rxn05350_c_num3	cpd00067_c + cpd11472_c + cpd11492_c --> cpd00011_c + cpd11490_c + cpd11493_c	
rxn05465_c_num2	rxn05465_c_num2	cpd00067_c + cpd00070_c + cpd11493_c --> cpd00010_c + cpd11492_c	
rxn05465_c_num3	rxn05465_c_num3	cpd00067_c + cpd00070_c + cpd11493_c --> cpd00010_c + cpd11492_c	
rxn05465_c_num4	rxn05465_c_num4	cpd00067_c + cpd00070_c + cpd11493_c --> cpd00010_c + cpd11492_c	
rxn05465_c_num5	rxn05465_c_num5	cpd00067_c + cpd00070_c + cpd11493_c --> cpd00010_c + cpd11492_c	
rxn05466_c_num2	rxn05466_c_num2	cpd00013_e --> cpd00013_c	
rxn05505_c_num2	rxn05505_c_num2	cpd00067_e + cpd11597_e --> cpd00067_c + cpd11597_c	
rxn05516_c_num2	rxn05516_c_num2	cpd00001_c + cpd00002_c + cpd01012_c --> cpd00008_c + cpd00009_c + cpd00067_c + cpd01012_e	
rxn05516_c_num3	rxn05516_c_num3	cpd00001_c + cpd00002_c + cpd01012_c --> cpd00008_c + cpd00009_c + cpd00067_c + cpd01012_e	
rxn05516_c_num4	rxn05516_c_num4	cpd00001_c + cpd00002_c + cpd01012_c --> cpd00008_c + cpd00009_c + cpd00067_c + cpd01012_e	
rxn05579_c_num2	rxn05579_c_num2	cpd00067_e + cpd00540_e --> cpd00067_c + cpd00540_c	
rxn05593_c_num2	rxn05593_c_num2	cpd00067_e + cpd00121_e --> cpd00067_c + cpd00121_c	
rxn05651_c_num2	rxn05651_c_num2	cpd00048_e + cpd00067_e --> cpd00048_c + cpd00067_c	
rxn05654_c_num2	rxn05654_c_num2	cpd00036_c + cpd00067_c --> cpd00036_e + cpd00067_e	
rxn05736_c_num2	rxn05736_c_num2	cpd00002_c + cpd00010_c + cpd03847_c --> cpd00012_c + cpd00018_c + cpd00067_c + cpd01695_c	
rxn05736_c_num3	rxn05736_c_num3	cpd00002_c + cpd00010_c + cpd03847_c --> cpd00012_c + cpd00018_c + cpd00067_c + cpd01695_c	
rxn05740_c_num2	rxn05740_c_num2	cpd00009_c + cpd00155_c --> cpd00089_c + cpd15302_c	
rxn05853_c_num2	rxn05853_c_num2	cpd00001_c + cpd00003_c + cpd11616_c --> cpd00004_c + cpd00049_c + 2 cpd00067_c	
rxn05871_c_num2	rxn05871_c_num2	cpd00003_c + cpd00195_c --> cpd00004_c + cpd00067_c + cpd11616_c	
rxn05872_c_num2	rxn05872_c_num2	cpd00003_c + cpd11679_c --> cpd00004_c + cpd00067_c + cpd11733_c	
rxn05874_c_num2	rxn05874_c_num2	cpd00001_c + cpd11818_c --> cpd00009_c + cpd00057_c + cpd00067_c	
rxn05910_c_num2	rxn05910_c_num2	cpd00005_c + cpd00067_c + cpd12732_c --> cpd00006_c + cpd00042_c + cpd00084_c	
rxn06023_c_num2	rxn06023_c_num2	cpd00010_c + cpd12370_c --> cpd00045_c + cpd11493_c	
rxn06023_c_num3	rxn06023_c_num3	cpd00010_c + cpd12370_c --> cpd00045_c + cpd11493_c	
rxn06060_c_num2	rxn06060_c_num2	2 cpd00042_c + cpd00268_c --> cpd00067_c + cpd00081_c + cpd00111_c + cpd00239_c	
rxn06060_c_num3	rxn06060_c_num3	2 cpd00042_c + cpd00268_c --> cpd00067_c + cpd00081_c + cpd00111_c + cpd00239_c	
rxn06297_c_num2	rxn06297_c_num2	cpd00017_c + cpd11767_c --> cpd00067_c + cpd00147_c + cpd12564_c	
rxn06373_c_num2	rxn06373_c_num2	cpd00017_c + cpd11827_c --> cpd00019_c + cpd00067_c + cpd12523_c	
rxn06429_c_num2	rxn06429_c_num2	cpd00004_c + cpd00067_c + cpd11904_c --> cpd00003_c + cpd02111_c	
rxn06488_c_num2	rxn06488_c_num2	cpd00001_c + cpd11999_c --> cpd00067_c + cpd12503_c	
rxn06556_c_num2	rxn06556_c_num2	cpd00001_c + cpd11468_c --> cpd00067_c + cpd01741_c + cpd11493_c	
rxn06584_c_num2	rxn06584_c_num2	cpd00001_c + cpd12422_c --> cpd00042_c + cpd00067_c + cpd12221_c	
rxn06584_c_num3	rxn06584_c_num3	cpd00001_c + cpd12422_c --> cpd00042_c + cpd00067_c + cpd12221_c	
rxn06624_c_num2	rxn06624_c_num2	cpd00001_c + cpd12414_c --> cpd00067_c + cpd11615_c + cpd12338_c	
rxn06631_c_num2	rxn06631_c_num2	cpd00001_c + cpd12506_c --> cpd00047_c + cpd12353_c	
rxn06723_c_num2	rxn06723_c_num2	cpd03584_c + cpd11484_c --> cpd02835_c + cpd11493_c	
rxn06723_c_num3	rxn06723_c_num3	cpd03584_c + cpd11484_c --> cpd02835_c + cpd11493_c	
rxn06723_c_num4	rxn06723_c_num4	cpd03584_c + cpd11484_c --> cpd02835_c + cpd11493_c	
rxn06723_c_num5	rxn06723_c_num5	cpd03584_c + cpd11484_c --> cpd02835_c + cpd11493_c	
rxn06729_c_num2	rxn06729_c_num2	cpd00037_c + cpd00067_c + cpd11484_c --> cpd02886_c + cpd11493_c	
rxn06729_c_num3	rxn06729_c_num3	cpd00037_c + cpd00067_c + cpd11484_c --> cpd02886_c + cpd11493_c	
rxn06729_c_num4	rxn06729_c_num4	cpd00037_c + cpd00067_c + cpd11484_c --> cpd02886_c + cpd11493_c	
rxn06729_c_num5	rxn06729_c_num5	cpd00037_c + cpd00067_c + cpd11484_c --> cpd02886_c + cpd11493_c	
rxn06947_c_num2	rxn06947_c_num2	cpd00001_c + cpd13364_c --> cpd00047_c + cpd13365_c	
rxn07204_c_num2	rxn07204_c_num2	cpd00007_c + cpd01270_c + cpd14478_c --> cpd00001_c + cpd00050_c + cpd00081_c + cpd11616_c	
rxn07251_c_num2	rxn07251_c_num2	cpd00004_c + cpd00067_c + cpd00364_c --> cpd00003_c + cpd00415_c	
rxn07251_c_num3	rxn07251_c_num3	cpd00004_c + cpd00067_c + cpd00364_c --> cpd00003_c + cpd00415_c	
rxn07997_c_num2	rxn07997_c_num2	cpd00011_c + cpd11493_c + cpd15373_c --> cpd11492_c + cpd15416_c	
rxn07997_c_num3	rxn07997_c_num3	cpd00011_c + cpd11493_c + cpd15373_c --> cpd11492_c + cpd15416_c	
rxn07998_c_num2	rxn07998_c_num2	cpd00011_c + cpd11493_c + cpd15374_c --> cpd11492_c + cpd15415_c	
rxn07998_c_num3	rxn07998_c_num3	cpd00011_c + cpd11493_c + cpd15374_c --> cpd11492_c + cpd15415_c	
rxn08000_c_num2	rxn08000_c_num2	cpd00011_c + cpd11493_c + cpd15375_c --> cpd11492_c + cpd15294_c	
rxn08000_c_num3	rxn08000_c_num3	cpd00011_c + cpd11493_c + cpd15375_c --> cpd11492_c + cpd15294_c	
rxn08001_c_num2	rxn08001_c_num2	cpd11492_c + cpd15277_c --> cpd00011_c + cpd11493_c + cpd15377_c	
rxn08001_c_num3	rxn08001_c_num3	cpd11492_c + cpd15277_c --> cpd00011_c + cpd11493_c + cpd15377_c	
rxn08002_c_num2	rxn08002_c_num2	cpd00011_c + cpd11493_c + cpd15376_c --> cpd11492_c + cpd15239_c	
rxn08002_c_num3	rxn08002_c_num3	cpd00011_c + cpd11493_c + cpd15376_c --> cpd11492_c + cpd15239_c	
rxn08017_c_num2	rxn08017_c_num2	cpd00002_c + cpd11493_c + cpd15237_c --> cpd00012_c + cpd00018_c + 2 cpd00067_c + cpd15239_c	
rxn08017_c_num3	rxn08017_c_num3	cpd00002_c + cpd11493_c + cpd15237_c --> cpd00012_c + cpd00018_c + 2 cpd00067_c + cpd15239_c	
rxn08018_c_num2	rxn08018_c_num2	cpd00002_c + cpd11493_c + cpd15269_c --> cpd00012_c + cpd00018_c + 2 cpd00067_c + cpd11825_c	
rxn08018_c_num3	rxn08018_c_num3	cpd00002_c + cpd11493_c + cpd15269_c --> cpd00012_c + cpd00018_c + 2 cpd00067_c + cpd11825_c	
rxn08019_c_num2	rxn08019_c_num2	cpd00002_c + cpd01080_c + cpd11493_c --> cpd00012_c + cpd00018_c + 2 cpd00067_c + cpd15268_c	
rxn08019_c_num3	rxn08019_c_num3	cpd00002_c + cpd01080_c + cpd11493_c --> cpd00012_c + cpd00018_c + 2 cpd00067_c + cpd15268_c	
rxn08098_c_num2	rxn08098_c_num2	cpd00001_c + cpd00002_c + cpd00731_e --> cpd00008_c + cpd00009_c + cpd00067_c + cpd00731_c	
rxn08133_c_num2	rxn08133_c_num2	cpd00001_c + cpd15551_c --> cpd00033_c + 2 cpd00067_c + cpd00129_c	
rxn08448_c_num2	rxn08448_c_num2	cpd00002_c + cpd00010_c + cpd01107_e --> cpd00012_c + cpd00018_c + cpd00067_e + cpd03128_c	
rxn08448_c_num3	rxn08448_c_num3	cpd00002_c + cpd00010_c + cpd01107_e --> cpd00012_c + cpd00018_c + cpd00067_e + cpd03128_c	
rxn08449_c_num2	rxn08449_c_num2	cpd00002_c + cpd00010_c + cpd01741_e --> cpd00012_c + cpd00018_c + cpd00067_e + cpd01260_c	
rxn08449_c_num3	rxn08449_c_num3	cpd00002_c + cpd00010_c + cpd01741_e --> cpd00012_c + cpd00018_c + cpd00067_e + cpd01260_c	
rxn08450_c_num2	rxn08450_c_num2	cpd00002_c + cpd00010_c + cpd03847_e --> cpd00012_c + cpd00018_c + cpd00067_e + cpd01695_c	
rxn08450_c_num3	rxn08450_c_num3	cpd00002_c + cpd00010_c + cpd03847_e --> cpd00012_c + cpd00018_c + cpd00067_e + cpd01695_c	
rxn08451_c_num2	rxn08451_c_num2	cpd00012_c + cpd00018_c + cpd15295_c --> cpd00002_c + cpd00010_c + cpd15298_e	
rxn08451_c_num3	rxn08451_c_num3	cpd00012_c + cpd00018_c + cpd15295_c --> cpd00002_c + cpd00010_c + cpd15298_e	
rxn08452_c_num2	rxn08452_c_num2	cpd00002_c + cpd00010_c + cpd00214_e --> cpd00012_c + cpd00018_c + cpd00067_e + cpd00134_c	
rxn08452_c_num3	rxn08452_c_num3	cpd00002_c + cpd00010_c + cpd00214_e --> cpd00012_c + cpd00018_c + cpd00067_e + cpd00134_c	
rxn08453_c_num2	rxn08453_c_num2	cpd00002_c + cpd00010_c + cpd15237_e --> cpd00012_c + cpd00018_c + cpd15238_c	
rxn08453_c_num3	rxn08453_c_num3	cpd00002_c + cpd00010_c + cpd15237_e --> cpd00012_c + cpd00018_c + cpd15238_c	
rxn08454_c_num2	rxn08454_c_num2	cpd00002_c + cpd00010_c + cpd01080_e --> cpd00012_c + cpd00018_c + cpd00067_e + cpd00327_c	
rxn08454_c_num3	rxn08454_c_num3	cpd00002_c + cpd00010_c + cpd01080_e --> cpd00012_c + cpd00018_c + cpd00067_e + cpd00327_c	
rxn08455_c_num2	rxn08455_c_num2	cpd00002_c + cpd00010_c + cpd15269_e --> cpd00012_c + cpd00018_c + cpd15274_c	
rxn08455_c_num3	rxn08455_c_num3	cpd00002_c + cpd00010_c + cpd15269_e --> cpd00012_c + cpd00018_c + cpd15274_c	
rxn08456_c_num2	rxn08456_c_num2	cpd00002_c + cpd00010_c + cpd01113_e --> cpd00012_c + cpd00018_c + cpd00067_e + cpd03124_c	
rxn08456_c_num3	rxn08456_c_num3	cpd00002_c + cpd00010_c + cpd01113_e --> cpd00012_c + cpd00018_c + cpd00067_e + cpd03124_c	
rxn08457_c_num2	rxn08457_c_num2	cpd00002_c + cpd00010_c + cpd03846_e --> cpd00012_c + cpd00018_c + cpd00067_e + cpd01335_c	
rxn08457_c_num3	rxn08457_c_num3	cpd00002_c + cpd00010_c + cpd03846_e --> cpd00012_c + cpd00018_c + cpd00067_e + cpd01335_c	
rxn08547_c_num2	rxn08547_c_num2	cpd00080_c + cpd11466_c --> cpd11493_c + cpd15331_c	
rxn08547_c_num3	rxn08547_c_num3	cpd00080_c + cpd11466_c --> cpd11493_c + cpd15331_c	
rxn08547_c_num4	rxn08547_c_num4	cpd00080_c + cpd11466_c --> cpd11493_c + cpd15331_c	
rxn08547_c_num5	rxn08547_c_num5	cpd00080_c + cpd11466_c --> cpd11493_c + cpd15331_c	
rxn08617_c_num2	rxn08617_c_num2	cpd00027_e --> cpd00027_c	
rxn08669_c_num2	rxn08669_c_num2	cpd00001_c + cpd02090_c --> cpd00067_c + cpd00080_c + cpd00100_c	
rxn08766_c_num2	rxn08766_c_num2	cpd00010_c + cpd00011_c + cpd11488_c --> cpd00022_c + cpd11492_c	
rxn08766_c_num3	rxn08766_c_num3	cpd00010_c + cpd00011_c + cpd11488_c --> cpd00022_c + cpd11492_c	
rxn08793_c_num2	rxn08793_c_num2	cpd00159_c + cpd15500_c --> cpd00020_c + cpd15499_c	
rxn08796_c_num2	rxn08796_c_num2	cpd00001_c + cpd15325_c --> cpd00067_c + cpd00080_c + cpd01741_c	
rxn08797_c_num2	rxn08797_c_num2	cpd00001_c + cpd15331_c --> cpd00067_c + cpd00080_c + cpd03847_c	
rxn08798_c_num2	rxn08798_c_num2	cpd00001_c + cpd15330_c --> 2 cpd00067_c + cpd00080_c + cpd15298_c	
rxn08799_c_num2	rxn08799_c_num2	cpd00001_c + cpd15327_c --> 2 cpd00067_c + cpd00080_c + cpd00214_c	
rxn08800_c_num2	rxn08800_c_num2	cpd00001_c + cpd15326_c --> 2 cpd00067_c + cpd00080_c + cpd15237_c	
rxn08801_c_num2	rxn08801_c_num2	cpd00001_c + cpd15329_c --> cpd00067_c + cpd00080_c + cpd01080_c	
rxn08802_c_num2	rxn08802_c_num2	cpd00001_c + cpd15328_c --> 2 cpd00067_c + cpd00080_c + cpd15269_c	
rxn08803_c_num2	rxn08803_c_num2	cpd00001_c + cpd15313_c --> cpd00067_c + cpd00908_c + cpd01741_c	
rxn08804_c_num2	rxn08804_c_num2	cpd00001_c + cpd15314_c --> cpd00067_c + cpd00908_c + cpd03847_c	
rxn08805_c_num2	rxn08805_c_num2	cpd00001_c + cpd15315_c --> cpd00067_c + cpd00908_c + cpd15298_c	
rxn08806_c_num2	rxn08806_c_num2	cpd00001_c + cpd15316_c --> cpd00067_c + cpd00214_c + cpd00908_c	
rxn08807_c_num2	rxn08807_c_num2	cpd00001_c + cpd15317_c --> cpd00067_c + cpd00908_c + cpd15237_c	
rxn08808_c_num2	rxn08808_c_num2	cpd00001_c + cpd00067_c + cpd12547_c --> cpd00908_c + cpd01080_c	
rxn08809_c_num2	rxn08809_c_num2	cpd00001_c + cpd12547_c --> cpd00067_c + cpd00908_c + cpd15269_c	
rxn08810_c_num2	rxn08810_c_num2	cpd00001_c + cpd15318_c --> cpd00067_c + cpd01741_c + cpd02090_c	
rxn08811_c_num2	rxn08811_c_num2	cpd00001_c + cpd15319_c --> cpd00067_c + cpd02090_c + cpd03847_c	
rxn08812_c_num2	rxn08812_c_num2	cpd00001_c + cpd15320_c --> cpd00067_c + cpd02090_c + cpd15298_c	
rxn08813_c_num2	rxn08813_c_num2	cpd00001_c + cpd15321_c --> cpd00067_c + cpd00214_c + cpd02090_c	
rxn08814_c_num2	rxn08814_c_num2	cpd00001_c + cpd15322_c --> cpd00067_c + cpd02090_c + cpd15237_c	
rxn08815_c_num2	rxn08815_c_num2	cpd00001_c + cpd15323_c --> cpd00067_c + cpd01080_c + cpd02090_c	
rxn08816_c_num2	rxn08816_c_num2	cpd00001_c + cpd15324_c --> cpd00067_c + cpd02090_c + cpd15269_c	
rxn08817_c_num2	rxn08817_c_num2	cpd00001_c + cpd15350_c --> 2 cpd00067_c + cpd00080_c + cpd01741_c	
rxn08818_c_num2	rxn08818_c_num2	cpd00001_c + cpd15363_c --> 2 cpd00067_c + cpd00080_c + cpd03847_c	
rxn08819_c_num2	rxn08819_c_num2	cpd00001_c + cpd15362_c --> 2 cpd00067_c + cpd00080_c + cpd15298_c	
rxn08820_c_num2	rxn08820_c_num2	cpd00001_c + cpd15355_c --> 2 cpd00067_c + cpd00080_c + cpd00214_c	
rxn08821_c_num2	rxn08821_c_num2	cpd00001_c + cpd15354_c --> 2 cpd00067_c + cpd00080_c + cpd15237_c	
rxn08822_c_num2	rxn08822_c_num2	cpd00001_c + cpd15358_c --> 2 cpd00067_c + cpd00080_c + cpd01080_c	
rxn08823_c_num2	rxn08823_c_num2	cpd00001_c + cpd15357_c --> 2 cpd00067_c + cpd00080_c + cpd15269_c	
rxn08838_c_num2	rxn08838_c_num2	cpd00001_c + cpd15336_c --> cpd00067_c + cpd00908_c + cpd01741_c	
rxn08839_c_num2	rxn08839_c_num2	cpd00001_c + cpd15337_c --> cpd00067_c + cpd00908_c + cpd03847_c	
rxn08840_c_num2	rxn08840_c_num2	cpd00001_c + cpd15338_c --> cpd00067_c + cpd00908_c + cpd15298_c	
rxn08841_c_num2	rxn08841_c_num2	cpd00001_c + cpd15339_c --> cpd00067_c + cpd00214_c + cpd00908_c	
rxn08842_c_num2	rxn08842_c_num2	cpd00001_c + cpd15340_c --> cpd00067_c + cpd00908_c + cpd15237_c	
rxn08843_c_num2	rxn08843_c_num2	cpd00001_c + cpd15341_c --> cpd00067_c + cpd00908_c + cpd01080_c	
rxn08844_c_num2	rxn08844_c_num2	cpd00001_c + cpd15342_c --> cpd00067_c + cpd00908_c + cpd15269_c	
rxn08845_c_num2	rxn08845_c_num2	cpd00001_c + cpd15343_c --> cpd00067_c + cpd01741_c + cpd02090_c	
rxn08846_c_num2	rxn08846_c_num2	cpd00001_c + cpd15344_c --> cpd00067_c + cpd02090_c + cpd03847_c	
rxn08847_c_num2	rxn08847_c_num2	cpd00001_c + cpd15345_c --> cpd00067_c + cpd02090_c + cpd15298_c	
rxn08848_c_num2	rxn08848_c_num2	cpd00001_c + cpd15346_c --> cpd00067_c + cpd00214_c + cpd02090_c	
rxn08849_c_num2	rxn08849_c_num2	cpd00001_c + cpd15347_c --> cpd00067_c + cpd02090_c + cpd15237_c	
rxn08850_c_num2	rxn08850_c_num2	cpd00001_c + cpd15348_c --> cpd00067_c + cpd01080_c + cpd02090_c	
rxn08851_c_num2	rxn08851_c_num2	cpd00001_c + cpd15349_c --> cpd00067_c + cpd02090_c + cpd15269_c	
rxn09296_c_num2	rxn09296_c_num2	cpd00025_c + cpd11421_c --> 2 cpd00001_c + cpd11420_c	
rxn09448_c_num2	rxn09448_c_num2	cpd00002_c + cpd00010_c + cpd15269_c --> cpd00012_c + cpd00018_c + cpd15274_c	
rxn09448_c_num3	rxn09448_c_num3	cpd00002_c + cpd00010_c + cpd15269_c --> cpd00012_c + cpd00018_c + cpd15274_c	
rxn09449_c_num2	rxn09449_c_num2	cpd00002_c + cpd00010_c + cpd01080_c --> cpd00012_c + cpd00018_c + cpd00067_c + cpd00327_c	
rxn09449_c_num3	rxn09449_c_num3	cpd00002_c + cpd00010_c + cpd01080_c --> cpd00012_c + cpd00018_c + cpd00067_c + cpd00327_c	
rxn09450_c_num2	rxn09450_c_num2	cpd00002_c + cpd00010_c + cpd15237_c --> cpd00012_c + cpd00018_c + cpd15238_c	
rxn09450_c_num3	rxn09450_c_num3	cpd00002_c + cpd00010_c + cpd15237_c --> cpd00012_c + cpd00018_c + cpd15238_c	
rxn10343_c_num2	rxn10343_c_num2	cpd00001_c + cpd00002_c + cpd00531_c --> cpd00008_c + cpd00009_c + cpd00067_c + cpd00531_e	
rxn10343_c_num3	rxn10343_c_num3	cpd00001_c + cpd00002_c + cpd00531_c --> cpd00008_c + cpd00009_c + cpd00067_c + cpd00531_e	
rxn10343_c_num4	rxn10343_c_num4	cpd00001_c + cpd00002_c + cpd00531_c --> cpd00008_c + cpd00009_c + cpd00067_c + cpd00531_e	
rxn10344_c_num2	rxn10344_c_num2	cpd00001_c + cpd00002_c + cpd04097_c --> cpd00008_c + cpd00009_c + cpd00067_c + cpd04097_e	
rxn10344_c_num3	rxn10344_c_num3	cpd00001_c + cpd00002_c + cpd04097_c --> cpd00008_c + cpd00009_c + cpd00067_c + cpd04097_e	
rxn10344_c_num4	rxn10344_c_num4	cpd00001_c + cpd00002_c + cpd04097_c --> cpd00008_c + cpd00009_c + cpd00067_c + cpd04097_e	
rxn10770_c_num2	rxn10770_c_num2	cpd00003_c + cpd00098_c --> cpd00004_c + cpd00067_c + cpd00447_c	
rxn11156_c_num2	rxn11156_c_num2	cpd00004_c + cpd00067_c + cpd11451_c --> cpd00003_c + cpd12783_c	
rxn11571_c_num2	rxn11571_c_num2	3 cpd00001_c + 3 cpd00006_c + cpd01078_c --> 3 cpd00005_c + 4 cpd00067_c + cpd03387_c	
rxn11809_c_num2	rxn11809_c_num2	cpd00004_c + cpd00067_c + cpd04806_c --> cpd00003_c + cpd16365_c	
rxn11834_c_num2	rxn11834_c_num2	cpd00003_c + cpd16395_c --> cpd00004_c + cpd00067_c + cpd16396_c	
rxn11838_c_num2	rxn11838_c_num2	cpd00003_c + cpd16401_c --> cpd00004_c + cpd00067_c + cpd16402_c	
rxn11944_c_num2	rxn11944_c_num2	cpd00017_c + cpd02555_c --> cpd00019_c + cpd00067_c + cpd02738_c	
rxn12633_c_num2	rxn12633_c_num2	cpd00001_c + cpd11593_c --> cpd00035_c + cpd00041_c	
rxn12633_c_num3	rxn12633_c_num3	cpd00001_c + cpd11593_c --> cpd00035_c + cpd00041_c	
rxn12633_c_num4	rxn12633_c_num4	cpd00001_c + cpd11593_c --> cpd00035_c + cpd00041_c	
rxn12633_c_num5	rxn12633_c_num5	cpd00001_c + cpd11593_c --> cpd00035_c + cpd00041_c	
rxn12633_c_num6	rxn12633_c_num6	cpd00001_c + cpd11593_c --> cpd00035_c + cpd00041_c	
rxn12634_c_num2	rxn12634_c_num2	cpd00001_c + cpd11592_c --> cpd00023_c + cpd00033_c	
rxn12634_c_num3	rxn12634_c_num3	cpd00001_c + cpd11592_c --> cpd00023_c + cpd00033_c	
rxn12634_c_num4	rxn12634_c_num4	cpd00001_c + cpd11592_c --> cpd00023_c + cpd00033_c	
rxn12634_c_num5	rxn12634_c_num5	cpd00001_c + cpd11592_c --> cpd00023_c + cpd00033_c	
rxn12634_c_num6	rxn12634_c_num6	cpd00001_c + cpd11592_c --> cpd00023_c + cpd00033_c	
rxn12635_c_num2	rxn12635_c_num2	cpd00001_c + cpd11591_c --> cpd00033_c + cpd00060_c	
rxn12635_c_num3	rxn12635_c_num3	cpd00001_c + cpd11591_c --> cpd00033_c + cpd00060_c	
rxn12635_c_num4	rxn12635_c_num4	cpd00001_c + cpd11591_c --> cpd00033_c + cpd00060_c	
rxn12635_c_num5	rxn12635_c_num5	cpd00001_c + cpd11591_c --> cpd00033_c + cpd00060_c	
rxn12635_c_num6	rxn12635_c_num6	cpd00001_c + cpd11591_c --> cpd00033_c + cpd00060_c	
rxn12636_c_num2	rxn12636_c_num2	cpd00001_c + cpd00067_c + cpd11590_c --> cpd00035_c + cpd00060_c	
rxn12636_c_num3	rxn12636_c_num3	cpd00001_c + cpd00067_c + cpd11590_c --> cpd00035_c + cpd00060_c	
rxn12636_c_num4	rxn12636_c_num4	cpd00001_c + cpd00067_c + cpd11590_c --> cpd00035_c + cpd00060_c	
rxn12636_c_num5	rxn12636_c_num5	cpd00001_c + cpd00067_c + cpd11590_c --> cpd00035_c + cpd00060_c	
rxn12636_c_num6	rxn12636_c_num6	cpd00001_c + cpd00067_c + cpd11590_c --> cpd00035_c + cpd00060_c	
rxn12637_c_num2	rxn12637_c_num2	cpd00001_c + cpd11589_c --> cpd00033_c + cpd00041_c	
rxn12637_c_num3	rxn12637_c_num3	cpd00001_c + cpd11589_c --> cpd00033_c + cpd00041_c	
rxn12637_c_num4	rxn12637_c_num4	cpd00001_c + cpd11589_c --> cpd00033_c + cpd00041_c	
rxn12637_c_num5	rxn12637_c_num5	cpd00001_c + cpd11589_c --> cpd00033_c + cpd00041_c	
rxn12637_c_num6	rxn12637_c_num6	cpd00001_c + cpd11589_c --> cpd00033_c + cpd00041_c	
rxn12638_c_num2	rxn12638_c_num2	cpd00001_c + cpd11588_c --> cpd00033_c + cpd00129_c	
rxn12638_c_num3	rxn12638_c_num3	cpd00001_c + cpd11588_c --> cpd00033_c + cpd00129_c	
rxn12638_c_num4	rxn12638_c_num4	cpd00001_c + cpd11588_c --> cpd00033_c + cpd00129_c	
rxn12638_c_num5	rxn12638_c_num5	cpd00001_c + cpd11588_c --> cpd00033_c + cpd00129_c	
rxn12638_c_num6	rxn12638_c_num6	cpd00001_c + cpd11588_c --> cpd00033_c + cpd00129_c	
rxn12639_c_num2	rxn12639_c_num2	cpd00001_c + cpd11587_c --> cpd00035_c + cpd00053_c	
rxn12639_c_num3	rxn12639_c_num3	cpd00001_c + cpd11587_c --> cpd00035_c + cpd00053_c	
rxn12639_c_num4	rxn12639_c_num4	cpd00001_c + cpd11587_c --> cpd00035_c + cpd00053_c	
rxn12639_c_num5	rxn12639_c_num5	cpd00001_c + cpd11587_c --> cpd00035_c + cpd00053_c	
rxn12639_c_num6	rxn12639_c_num6	cpd00001_c + cpd11587_c --> cpd00035_c + cpd00053_c	
rxn12640_c_num2	rxn12640_c_num2	cpd00001_c + cpd11586_c --> cpd00023_c + cpd00035_c	
rxn12640_c_num3	rxn12640_c_num3	cpd00001_c + cpd11586_c --> cpd00023_c + cpd00035_c	
rxn12640_c_num4	rxn12640_c_num4	cpd00001_c + cpd11586_c --> cpd00023_c + cpd00035_c	
rxn12640_c_num5	rxn12640_c_num5	cpd00001_c + cpd11586_c --> cpd00023_c + cpd00035_c	
rxn12640_c_num6	rxn12640_c_num6	cpd00001_c + cpd11586_c --> cpd00023_c + cpd00035_c	
rxn12641_c_num2	rxn12641_c_num2	cpd00001_c + cpd11585_c --> cpd00033_c + cpd00035_c	
rxn12641_c_num3	rxn12641_c_num3	cpd00001_c + cpd11585_c --> cpd00033_c + cpd00035_c	
rxn12641_c_num4	rxn12641_c_num4	cpd00001_c + cpd11585_c --> cpd00033_c + cpd00035_c	
rxn12641_c_num5	rxn12641_c_num5	cpd00001_c + cpd11585_c --> cpd00033_c + cpd00035_c	
rxn12641_c_num6	rxn12641_c_num6	cpd00001_c + cpd11585_c --> cpd00033_c + cpd00035_c	
rxn12642_c_num2	rxn12642_c_num2	cpd00001_c + cpd11584_c --> cpd00035_c + cpd00119_c	
rxn12642_c_num3	rxn12642_c_num3	cpd00001_c + cpd11584_c --> cpd00035_c + cpd00119_c	
rxn12642_c_num4	rxn12642_c_num4	cpd00001_c + cpd11584_c --> cpd00035_c + cpd00119_c	
rxn12642_c_num5	rxn12642_c_num5	cpd00001_c + cpd11584_c --> cpd00035_c + cpd00119_c	
rxn12642_c_num6	rxn12642_c_num6	cpd00001_c + cpd11584_c --> cpd00035_c + cpd00119_c	
rxn12643_c_num2	rxn12643_c_num2	cpd00001_c + cpd11583_c --> cpd00035_c + cpd00107_c	
rxn12643_c_num3	rxn12643_c_num3	cpd00001_c + cpd11583_c --> cpd00035_c + cpd00107_c	
rxn12643_c_num4	rxn12643_c_num4	cpd00001_c + cpd11583_c --> cpd00035_c + cpd00107_c	
rxn12643_c_num5	rxn12643_c_num5	cpd00001_c + cpd11583_c --> cpd00035_c + cpd00107_c	
rxn12643_c_num6	rxn12643_c_num6	cpd00001_c + cpd11583_c --> cpd00035_c + cpd00107_c	
rxn12645_c_num2	rxn12645_c_num2	cpd00001_c + cpd11581_c --> cpd00033_c + cpd00132_c	
rxn12645_c_num3	rxn12645_c_num3	cpd00001_c + cpd11581_c --> cpd00033_c + cpd00132_c	
rxn12645_c_num4	rxn12645_c_num4	cpd00001_c + cpd11581_c --> cpd00033_c + cpd00132_c	
rxn12645_c_num5	rxn12645_c_num5	cpd00001_c + cpd11581_c --> cpd00033_c + cpd00132_c	
rxn12645_c_num6	rxn12645_c_num6	cpd00001_c + cpd11581_c --> cpd00033_c + cpd00132_c	
rxn12646_c_num2	rxn12646_c_num2	cpd00001_c + cpd11580_c --> cpd00033_c + cpd00053_c	
rxn12646_c_num3	rxn12646_c_num3	cpd00001_c + cpd11580_c --> cpd00033_c + cpd00053_c	
rxn12646_c_num4	rxn12646_c_num4	cpd00001_c + cpd11580_c --> cpd00033_c + cpd00053_c	
rxn12646_c_num5	rxn12646_c_num5	cpd00001_c + cpd11580_c --> cpd00033_c + cpd00053_c	
rxn12646_c_num6	rxn12646_c_num6	cpd00001_c + cpd11580_c --> cpd00033_c + cpd00053_c	
rxn12844_c_num2	rxn12844_c_num2	cpd00001_c + cpd15603_c --> cpd00033_c + cpd00084_c	
rxn12844_c_num3	rxn12844_c_num3	cpd00001_c + cpd15603_c --> cpd00033_c + cpd00084_c	
rxn12844_c_num4	rxn12844_c_num4	cpd00001_c + cpd15603_c --> cpd00033_c + cpd00084_c	
rxn12844_c_num5	rxn12844_c_num5	cpd00001_c + cpd15603_c --> cpd00033_c + cpd00084_c	
rxn12844_c_num6	rxn12844_c_num6	cpd00001_c + cpd15603_c --> cpd00033_c + cpd00084_c	
rxn12845_c_num2	rxn12845_c_num2	cpd00001_c + cpd15604_c --> cpd00033_c + cpd00107_c	
rxn12845_c_num3	rxn12845_c_num3	cpd00001_c + cpd15604_c --> cpd00033_c + cpd00107_c	
rxn12845_c_num4	rxn12845_c_num4	cpd00001_c + cpd15604_c --> cpd00033_c + cpd00107_c	
rxn12845_c_num5	rxn12845_c_num5	cpd00001_c + cpd15604_c --> cpd00033_c + cpd00107_c	
rxn12845_c_num6	rxn12845_c_num6	cpd00001_c + cpd15604_c --> cpd00033_c + cpd00107_c	
rxn12846_c_num2	rxn12846_c_num2	cpd00001_c + cpd15605_c --> cpd00033_c + cpd00066_c	
rxn12846_c_num3	rxn12846_c_num3	cpd00001_c + cpd15605_c --> cpd00033_c + cpd00066_c	
rxn12846_c_num4	rxn12846_c_num4	cpd00001_c + cpd15605_c --> cpd00033_c + cpd00066_c	
rxn12846_c_num5	rxn12846_c_num5	cpd00001_c + cpd15605_c --> cpd00033_c + cpd00066_c	
rxn12846_c_num6	rxn12846_c_num6	cpd00001_c + cpd15605_c --> cpd00033_c + cpd00066_c	
rxn12847_c_num2	rxn12847_c_num2	cpd00001_c + cpd15606_c --> cpd00033_c + cpd00069_c	
rxn12847_c_num3	rxn12847_c_num3	cpd00001_c + cpd15606_c --> cpd00033_c + cpd00069_c	
rxn12847_c_num4	rxn12847_c_num4	cpd00001_c + cpd15606_c --> cpd00033_c + cpd00069_c	
rxn12847_c_num5	rxn12847_c_num5	cpd00001_c + cpd15606_c --> cpd00033_c + cpd00069_c	
rxn12847_c_num6	rxn12847_c_num6	cpd00001_c + cpd15606_c --> cpd00033_c + cpd00069_c	
rxn14054_c_num2	rxn14054_c_num2	cpd00003_c + cpd04015_c --> cpd00004_c + cpd00067_c + cpd04017_c	
rxn14089_c_num2	rxn14089_c_num2	cpd00003_c + cpd04016_c --> cpd00004_c + cpd00067_c + cpd15064_c	
rxn15053_c_num2	rxn15053_c_num2	cpd00001_c + cpd00003_c + cpd11616_c --> cpd00004_c + 2 cpd00067_c + cpd19000_c	
rxn16206_c_num2	rxn16206_c_num2	cpd02738_c + cpd03397_c --> cpd02555_c + cpd03163_c	
rxn16206_c_num3	rxn16206_c_num3	cpd02738_c + cpd03397_c --> cpd02555_c + cpd03163_c	
rxn16213_c_num2	rxn16213_c_num2	2 cpd00005_c + 3 cpd00067_c + cpd20163_c --> 2 cpd00001_c + 2 cpd00006_c + cpd03401_c	
rxn16583_c_num2	rxn16583_c_num2	cpd00067_c + cpd11574_c + cpd21090_c --> cpd00001_c + cpd00018_c + cpd19503_c	
rxn16583_c_num3	rxn16583_c_num3	cpd00067_c + cpd11574_c + cpd21090_c --> cpd00001_c + cpd00018_c + cpd19503_c	
rxn16596_c_num2	rxn16596_c_num2	cpd00006_c + cpd00792_c --> cpd00005_c + 2 cpd00067_c + cpd00649_c	
rxn16673_c_num2	rxn16673_c_num2	cpd00001_c + cpd21206_c --> cpd00012_c + 2 cpd00067_c + cpd21207_c	
rxn16798_c_num2	rxn16798_c_num2	cpd00003_c + cpd21131_c --> cpd00004_c + cpd00067_c + cpd21484_c	
rxn16798_c_num3	rxn16798_c_num3	cpd00003_c + cpd21131_c --> cpd00004_c + cpd00067_c + cpd21484_c	
rxn25647_c_num2	rxn25647_c_num2	cpd11492_c + cpd27551_c --> cpd00011_c + cpd11485_c + cpd11493_c	
rxn25647_c_num3	rxn25647_c_num3	cpd11492_c + cpd27551_c --> cpd00011_c + cpd11485_c + cpd11493_c	
rxn48573_c_num2	rxn48573_c_num2	cpd00001_c + cpd37291_c --> cpd00047_c + cpd37290_c	
rxnfad1_c_num2	rxnfad1_c_num2	cpd00004_c + cpd00015_c + cpd00067_c --> cpd00003_c + cpd00982_c	
rxnfad2_c_num2	rxnfad2_c_num2	cpd00005_c + cpd00015_c + cpd00067_c --> cpd00006_c + cpd00982_c	
rxnfad3_c_num2	rxnfad3_c_num2	cpd00007_c + cpd00982_c --> cpd00015_c + cpd00025_c	
rxnfmn_c_num2	rxnfmn_c_num2	cpd00007_c + cpd01270_c --> cpd00025_c + cpd00050_c	
rxnmqDlac_c_num2	rxnmqDlac_c_num2	cpd00221_c + cpd15500_c --> cpd00020_c + cpd15499_c	
rxnmqfadh2_c_num2	rxnmqfadh2_c_num2	cpd00982_c + cpd15500_c --> cpd00015_c + cpd15499_c	
rxn00105_c_reverse_num2	rxn00105_c_reverse_num2	cpd00003_c + cpd00012_c --> cpd00002_c + cpd00355_c	
rxn00119_c_reverse_num2	rxn00119_c_reverse_num2	cpd00008_c + cpd00014_c --> cpd00002_c + cpd00067_c + cpd00091_c	
rxn00178_c_reverse_num2	rxn00178_c_reverse_num2	cpd00010_c + cpd00279_c --> 2 cpd00022_c	
rxn00193_c_reverse_num2	rxn00193_c_reverse_num2	cpd00186_c --> cpd00023_c	
rxn00214_c_reverse_num2	rxn00214_c_reverse_num2	cpd00043_c --> cpd00026_c	
rxn00214_c_reverse_num3	rxn00214_c_reverse_num3	cpd00043_c --> cpd00026_c	
rxn00293_c_reverse_num2	rxn00293_c_reverse_num2	cpd00012_c + cpd00037_c --> cpd00062_c + cpd02611_c	
rxn00295_c_reverse_num2	rxn00295_c_reverse_num2	cpd00175_c --> cpd00037_c	
rxn00295_c_reverse_num3	rxn00295_c_reverse_num3	cpd00175_c --> cpd00037_c	
rxn00303_c_reverse_num2	rxn00303_c_reverse_num2	cpd00018_c + 2 cpd00067_c + cpd02740_c --> cpd00002_c + cpd00038_c	
rxn00360_c_reverse_num2	rxn00360_c_reverse_num2	cpd00009_c + cpd00193_c --> cpd00001_c + cpd00044_c	
rxn00499_c_reverse_num2	rxn00499_c_reverse_num2	cpd00004_c + cpd00020_c + cpd00067_c --> cpd00003_c + cpd00159_c	
rxn00500_c_reverse_num2	rxn00500_c_reverse_num2	cpd00004_c + cpd00020_c + cpd00067_c --> cpd00003_c + cpd00221_c	
rxn00500_c_reverse_num3	rxn00500_c_reverse_num3	cpd00004_c + cpd00020_c + cpd00067_c --> cpd00003_c + cpd00221_c	
rxn00543_c_reverse_num2	rxn00543_c_reverse_num2	cpd00004_c + cpd00067_c + cpd00071_c --> cpd00003_c + cpd00363_c	
rxn00559_c_reverse_num2	rxn00559_c_reverse_num2	cpd00072_c --> cpd00235_c	
rxn00612_c_reverse_num2	rxn00612_c_reverse_num2	cpd00005_c + cpd00067_c + cpd00095_c --> cpd00006_c + cpd00080_c	
rxn00650_c_reverse_num2	rxn00650_c_reverse_num2	cpd00033_c + cpd00084_c --> cpd00001_c + cpd01017_c	
rxn00650_c_reverse_num3	rxn00650_c_reverse_num3	cpd00033_c + cpd00084_c --> cpd00001_c + cpd01017_c	
rxn00650_c_reverse_num4	rxn00650_c_reverse_num4	cpd00033_c + cpd00084_c --> cpd00001_c + cpd01017_c	
rxn00650_c_reverse_num5	rxn00650_c_reverse_num5	cpd00033_c + cpd00084_c --> cpd00001_c + cpd01017_c	
rxn00650_c_reverse_num6	rxn00650_c_reverse_num6	cpd00033_c + cpd00084_c --> cpd00001_c + cpd01017_c	
rxn00693_c_reverse_num2	rxn00693_c_reverse_num2	cpd00060_c + cpd00087_c --> cpd00135_c + cpd00345_c	
rxn00741_c_reverse_num2	rxn00741_c_reverse_num2	cpd00004_c + cpd00067_c + cpd00094_c --> cpd00003_c + cpd03561_c	
rxn00874_c_reverse_num2	rxn00874_c_reverse_num2	cpd00010_c + cpd03123_c --> cpd00022_c + cpd00120_c	
rxn00879_c_reverse_num2	rxn00879_c_reverse_num2	cpd00004_c + cpd00067_c + cpd00524_c --> cpd00003_c + cpd00121_c	
rxn00879_c_reverse_num3	rxn00879_c_reverse_num3	cpd00004_c + cpd00067_c + cpd00524_c --> cpd00003_c + cpd00121_c	
rxn00879_c_reverse_num4	rxn00879_c_reverse_num4	cpd00004_c + cpd00067_c + cpd00524_c --> cpd00003_c + cpd00121_c	
rxn00927_c_reverse_num2	rxn00927_c_reverse_num2	cpd00105_c + cpd00128_c --> cpd00001_c + cpd00182_c	
rxn01226_c_reverse_num2	rxn01226_c_reverse_num2	cpd00105_c + cpd00207_c --> cpd00001_c + cpd00311_c	
rxn01299_c_reverse_num2	rxn01299_c_reverse_num2	cpd00105_c + cpd00226_c --> cpd00001_c + cpd00246_c	
rxn01329_c_reverse_num2	rxn01329_c_reverse_num2	cpd00485_c --> cpd00235_c	
rxn01416_c_reverse_num2	rxn01416_c_reverse_num2	cpd00067_c + cpd00081_c + cpd01211_c --> cpd00150_c + cpd00268_c	
rxn01416_c_reverse_num3	rxn01416_c_reverse_num3	cpd00067_c + cpd00081_c + cpd01211_c --> cpd00150_c + cpd00268_c	
rxn01416_c_reverse_num4	rxn01416_c_reverse_num4	cpd00067_c + cpd00081_c + cpd01211_c --> cpd00150_c + cpd00268_c	
rxn01517_c_reverse_num2	rxn01517_c_reverse_num2	cpd00008_c + cpd00978_c --> cpd00002_c + cpd00067_c + cpd00299_c	
rxn01530_c_reverse_num2	rxn01530_c_reverse_num2	cpd00004_c + cpd00067_c + cpd00304_c --> cpd00003_c + cpd00365_c	
rxn01539_c_reverse_num2	rxn01539_c_reverse_num2	cpd00001_c + cpd00793_c --> cpd00009_c + cpd00067_c + cpd00305_c	
rxn01539_c_reverse_num3	rxn01539_c_reverse_num3	cpd00001_c + cpd00793_c --> cpd00009_c + cpd00067_c + cpd00305_c	
rxn01637_c_reverse_num2	rxn01637_c_reverse_num2	cpd00023_c + cpd00918_c --> cpd00024_c + cpd00342_c	
rxn01937_c_reverse_num2	rxn01937_c_reverse_num2	cpd00004_c + 2 cpd00067_c + cpd00703_c --> cpd00001_c + cpd00003_c + cpd00486_c	
rxn01987_c_reverse_num2	rxn01987_c_reverse_num2	cpd00002_c + cpd01242_c --> cpd00008_c + cpd00067_c + cpd00510_c	
rxn02228_c_reverse_num2	rxn02228_c_reverse_num2	cpd00004_c + cpd00067_c + cpd00706_c --> cpd00003_c + cpd03455_c	
rxn02258_c_reverse_num2	rxn02258_c_reverse_num2	cpd00036_c + cpd00743_c --> cpd00078_c + cpd01701_c	
rxn02262_c_reverse_num2	rxn02262_c_reverse_num2	cpd00008_c + cpd00067_c + cpd01912_c --> cpd00002_c + cpd00751_c	
rxn02418_c_reverse_num2	rxn02418_c_reverse_num2	cpd00009_c + cpd02788_c --> cpd00001_c + cpd00885_c	
rxn02548_c_reverse_num2	rxn02548_c_reverse_num2	cpd00019_c + cpd00067_c + cpd01043_c --> cpd00017_c + cpd01047_c	
rxn02733_c_reverse_num2	rxn02733_c_reverse_num2	cpd00008_c + cpd00009_c + 3 cpd00067_c + cpd02216_c --> cpd00001_c + cpd00002_c + cpd00254_c + cpd01476_c	
rxn03060_c_reverse_num2	rxn03060_c_reverse_num2	cpd00001_c + cpd02597_c --> cpd01501_c	
rxn03060_c_reverse_num3	rxn03060_c_reverse_num3	cpd00001_c + cpd02597_c --> cpd01501_c	
rxn03087_c_reverse_num2	rxn03087_c_reverse_num2	cpd00023_c + cpd02724_c --> cpd00024_c + cpd02698_c	
rxn03108_c_reverse_num2	rxn03108_c_reverse_num2	cpd00008_c + cpd02894_c --> cpd00002_c + cpd02775_c	
rxn03282_c_reverse_num2	rxn03282_c_reverse_num2	cpd00004_c + cpd00067_c + cpd03228_c --> cpd00003_c + cpd03227_c	
rxn03333_c_reverse_num2	rxn03333_c_reverse_num2	cpd00004_c + cpd00067_c + cpd03307_c --> cpd00003_c + cpd03306_c	
rxn04726_c_reverse_num2	rxn04726_c_reverse_num2	cpd00004_c + cpd00067_c + cpd09793_c --> cpd00003_c + cpd09792_c	
rxn04736_c_reverse_num2	rxn04736_c_reverse_num2	cpd00004_c + cpd00067_c + cpd09802_c --> cpd00003_c + cpd01859_c	
rxn04908_c_reverse_num2	rxn04908_c_reverse_num2	cpd00001_c + cpd00003_c + cpd04661_c --> cpd00004_c + cpd00067_c + cpd04248_c	
rxn05197_c_reverse_num2	rxn05197_c_reverse_num2	cpd00067_c + cpd00092_c --> cpd00067_e + cpd00092_e	
rxn05289_c_reverse_num2	rxn05289_c_reverse_num2	cpd00006_c + cpd11421_c --> cpd00005_c + cpd00067_c + cpd11420_c	
rxn05307_c_reverse_num2	rxn05307_c_reverse_num2	cpd00054_c + cpd00067_c --> cpd00054_e + cpd00067_e	
rxn05307_c_reverse_num3	rxn05307_c_reverse_num3	cpd00054_c + cpd00067_c --> cpd00054_e + cpd00067_e	
rxn05349_c_reverse_num2	rxn05349_c_reverse_num2	cpd00010_c + cpd11494_c --> cpd00022_c + cpd11493_c	
rxn05465_c_reverse_num2	rxn05465_c_reverse_num2	cpd00010_c + cpd11492_c --> cpd00067_c + cpd00070_c + cpd11493_c	
rxn05465_c_reverse_num3	rxn05465_c_reverse_num3	cpd00010_c + cpd11492_c --> cpd00067_c + cpd00070_c + cpd11493_c	
rxn05465_c_reverse_num4	rxn05465_c_reverse_num4	cpd00010_c + cpd11492_c --> cpd00067_c + cpd00070_c + cpd11493_c	
rxn05465_c_reverse_num5	rxn05465_c_reverse_num5	cpd00010_c + cpd11492_c --> cpd00067_c + cpd00070_c + cpd11493_c	
rxn05466_c_reverse_num2	rxn05466_c_reverse_num2	cpd00013_c --> cpd00013_e	
rxn05740_c_reverse_num2	rxn05740_c_reverse_num2	cpd00089_c + cpd15302_c --> cpd00009_c + cpd00155_c	
rxn05853_c_reverse_num2	rxn05853_c_reverse_num2	cpd00004_c + cpd00049_c + 2 cpd00067_c --> cpd00001_c + cpd00003_c + cpd11616_c	
rxn05871_c_reverse_num2	rxn05871_c_reverse_num2	cpd00004_c + cpd00067_c + cpd11616_c --> cpd00003_c + cpd00195_c	
rxn05872_c_reverse_num2	rxn05872_c_reverse_num2	cpd00004_c + cpd00067_c + cpd11733_c --> cpd00003_c + cpd11679_c	
rxn06297_c_reverse_num2	rxn06297_c_reverse_num2	cpd00067_c + cpd00147_c + cpd12564_c --> cpd00017_c + cpd11767_c	
rxn06488_c_reverse_num2	rxn06488_c_reverse_num2	cpd00067_c + cpd12503_c --> cpd00001_c + cpd11999_c	
rxn06624_c_reverse_num2	rxn06624_c_reverse_num2	cpd00067_c + cpd11615_c + cpd12338_c --> cpd00001_c + cpd12414_c	
rxn06631_c_reverse_num2	rxn06631_c_reverse_num2	cpd00047_c + cpd12353_c --> cpd00001_c + cpd12506_c	
rxn06947_c_reverse_num2	rxn06947_c_reverse_num2	cpd00047_c + cpd13365_c --> cpd00001_c + cpd13364_c	
rxn08017_c_reverse_num2	rxn08017_c_reverse_num2	cpd00012_c + cpd00018_c + 2 cpd00067_c + cpd15239_c --> cpd00002_c + cpd11493_c + cpd15237_c	
rxn08017_c_reverse_num3	rxn08017_c_reverse_num3	cpd00012_c + cpd00018_c + 2 cpd00067_c + cpd15239_c --> cpd00002_c + cpd11493_c + cpd15237_c	
rxn08018_c_reverse_num2	rxn08018_c_reverse_num2	cpd00012_c + cpd00018_c + 2 cpd00067_c + cpd11825_c --> cpd00002_c + cpd11493_c + cpd15269_c	
rxn08018_c_reverse_num3	rxn08018_c_reverse_num3	cpd00012_c + cpd00018_c + 2 cpd00067_c + cpd11825_c --> cpd00002_c + cpd11493_c + cpd15269_c	
rxn08451_c_reverse_num2	rxn08451_c_reverse_num2	cpd00002_c + cpd00010_c + cpd15298_e --> cpd00012_c + cpd00018_c + cpd15295_c	
rxn08451_c_reverse_num3	rxn08451_c_reverse_num3	cpd00002_c + cpd00010_c + cpd15298_e --> cpd00012_c + cpd00018_c + cpd15295_c	
rxn08453_c_reverse_num2	rxn08453_c_reverse_num2	cpd00012_c + cpd00018_c + cpd15238_c --> cpd00002_c + cpd00010_c + cpd15237_e	
rxn08453_c_reverse_num3	rxn08453_c_reverse_num3	cpd00012_c + cpd00018_c + cpd15238_c --> cpd00002_c + cpd00010_c + cpd15237_e	
rxn08455_c_reverse_num2	rxn08455_c_reverse_num2	cpd00012_c + cpd00018_c + cpd15274_c --> cpd00002_c + cpd00010_c + cpd15269_e	
rxn08455_c_reverse_num3	rxn08455_c_reverse_num3	cpd00012_c + cpd00018_c + cpd15274_c --> cpd00002_c + cpd00010_c + cpd15269_e	
rxn08547_c_reverse_num2	rxn08547_c_reverse_num2	cpd11493_c + cpd15331_c --> cpd00080_c + cpd11466_c	
rxn08547_c_reverse_num3	rxn08547_c_reverse_num3	cpd11493_c + cpd15331_c --> cpd00080_c + cpd11466_c	
rxn08547_c_reverse_num4	rxn08547_c_reverse_num4	cpd11493_c + cpd15331_c --> cpd00080_c + cpd11466_c	
rxn08547_c_reverse_num5	rxn08547_c_reverse_num5	cpd11493_c + cpd15331_c --> cpd00080_c + cpd11466_c	
rxn08766_c_reverse_num2	rxn08766_c_reverse_num2	cpd00022_c + cpd11492_c --> cpd00010_c + cpd00011_c + cpd11488_c	
rxn08766_c_reverse_num3	rxn08766_c_reverse_num3	cpd00022_c + cpd11492_c --> cpd00010_c + cpd00011_c + cpd11488_c	
rxn08799_c_reverse_num2	rxn08799_c_reverse_num2	2 cpd00067_c + cpd00080_c + cpd00214_c --> cpd00001_c + cpd15327_c	
rxn08800_c_reverse_num2	rxn08800_c_reverse_num2	2 cpd00067_c + cpd00080_c + cpd15237_c --> cpd00001_c + cpd15326_c	
rxn08802_c_reverse_num2	rxn08802_c_reverse_num2	2 cpd00067_c + cpd00080_c + cpd15269_c --> cpd00001_c + cpd15328_c	
rxn08803_c_reverse_num2	rxn08803_c_reverse_num2	cpd00067_c + cpd00908_c + cpd01741_c --> cpd00001_c + cpd15313_c	
rxn08804_c_reverse_num2	rxn08804_c_reverse_num2	cpd00067_c + cpd00908_c + cpd03847_c --> cpd00001_c + cpd15314_c	
rxn08805_c_reverse_num2	rxn08805_c_reverse_num2	cpd00067_c + cpd00908_c + cpd15298_c --> cpd00001_c + cpd15315_c	
rxn08806_c_reverse_num2	rxn08806_c_reverse_num2	cpd00067_c + cpd00214_c + cpd00908_c --> cpd00001_c + cpd15316_c	
rxn08807_c_reverse_num2	rxn08807_c_reverse_num2	cpd00067_c + cpd00908_c + cpd15237_c --> cpd00001_c + cpd15317_c	
rxn08809_c_reverse_num2	rxn08809_c_reverse_num2	cpd00067_c + cpd00908_c + cpd15269_c --> cpd00001_c + cpd12547_c	
rxn08810_c_reverse_num2	rxn08810_c_reverse_num2	cpd00067_c + cpd01741_c + cpd02090_c --> cpd00001_c + cpd15318_c	
rxn08811_c_reverse_num2	rxn08811_c_reverse_num2	cpd00067_c + cpd02090_c + cpd03847_c --> cpd00001_c + cpd15319_c	
rxn08812_c_reverse_num2	rxn08812_c_reverse_num2	cpd00067_c + cpd02090_c + cpd15298_c --> cpd00001_c + cpd15320_c	
rxn08813_c_reverse_num2	rxn08813_c_reverse_num2	cpd00067_c + cpd00214_c + cpd02090_c --> cpd00001_c + cpd15321_c	
rxn08814_c_reverse_num2	rxn08814_c_reverse_num2	cpd00067_c + cpd02090_c + cpd15237_c --> cpd00001_c + cpd15322_c	
rxn08815_c_reverse_num2	rxn08815_c_reverse_num2	cpd00067_c + cpd01080_c + cpd02090_c --> cpd00001_c + cpd15323_c	
rxn08816_c_reverse_num2	rxn08816_c_reverse_num2	cpd00067_c + cpd02090_c + cpd15269_c --> cpd00001_c + cpd15324_c	
rxn08817_c_reverse_num2	rxn08817_c_reverse_num2	2 cpd00067_c + cpd00080_c + cpd01741_c --> cpd00001_c + cpd15350_c	
rxn08818_c_reverse_num2	rxn08818_c_reverse_num2	2 cpd00067_c + cpd00080_c + cpd03847_c --> cpd00001_c + cpd15363_c	
rxn08820_c_reverse_num2	rxn08820_c_reverse_num2	2 cpd00067_c + cpd00080_c + cpd00214_c --> cpd00001_c + cpd15355_c	
rxn08821_c_reverse_num2	rxn08821_c_reverse_num2	2 cpd00067_c + cpd00080_c + cpd15237_c --> cpd00001_c + cpd15354_c	
rxn08822_c_reverse_num2	rxn08822_c_reverse_num2	2 cpd00067_c + cpd00080_c + cpd01080_c --> cpd00001_c + cpd15358_c	
rxn08823_c_reverse_num2	rxn08823_c_reverse_num2	2 cpd00067_c + cpd00080_c + cpd15269_c --> cpd00001_c + cpd15357_c	
rxn08838_c_reverse_num2	rxn08838_c_reverse_num2	cpd00067_c + cpd00908_c + cpd01741_c --> cpd00001_c + cpd15336_c	
rxn08839_c_reverse_num2	rxn08839_c_reverse_num2	cpd00067_c + cpd00908_c + cpd03847_c --> cpd00001_c + cpd15337_c	
rxn08841_c_reverse_num2	rxn08841_c_reverse_num2	cpd00067_c + cpd00214_c + cpd00908_c --> cpd00001_c + cpd15339_c	
rxn08842_c_reverse_num2	rxn08842_c_reverse_num2	cpd00067_c + cpd00908_c + cpd15237_c --> cpd00001_c + cpd15340_c	
rxn08843_c_reverse_num2	rxn08843_c_reverse_num2	cpd00067_c + cpd00908_c + cpd01080_c --> cpd00001_c + cpd15341_c	
rxn08844_c_reverse_num2	rxn08844_c_reverse_num2	cpd00067_c + cpd00908_c + cpd15269_c --> cpd00001_c + cpd15342_c	
rxn08845_c_reverse_num2	rxn08845_c_reverse_num2	cpd00067_c + cpd01741_c + cpd02090_c --> cpd00001_c + cpd15343_c	
rxn08846_c_reverse_num2	rxn08846_c_reverse_num2	cpd00067_c + cpd02090_c + cpd03847_c --> cpd00001_c + cpd15344_c	
rxn08848_c_reverse_num2	rxn08848_c_reverse_num2	cpd00067_c + cpd00214_c + cpd02090_c --> cpd00001_c + cpd15346_c	
rxn08849_c_reverse_num2	rxn08849_c_reverse_num2	cpd00067_c + cpd02090_c + cpd15237_c --> cpd00001_c + cpd15347_c	
rxn08850_c_reverse_num2	rxn08850_c_reverse_num2	cpd00067_c + cpd01080_c + cpd02090_c --> cpd00001_c + cpd15348_c	
rxn08851_c_reverse_num2	rxn08851_c_reverse_num2	cpd00067_c + cpd02090_c + cpd15269_c --> cpd00001_c + cpd15349_c	
rxn10770_c_reverse_num2	rxn10770_c_reverse_num2	cpd00004_c + cpd00067_c + cpd00447_c --> cpd00003_c + cpd00098_c	
rxn11809_c_reverse_num2	rxn11809_c_reverse_num2	cpd00003_c + cpd16365_c --> cpd00004_c + cpd00067_c + cpd04806_c	
rxn11834_c_reverse_num2	rxn11834_c_reverse_num2	cpd00004_c + cpd00067_c + cpd16396_c --> cpd00003_c + cpd16395_c	
rxn12633_c_reverse_num2	rxn12633_c_reverse_num2	cpd00035_c + cpd00041_c --> cpd00001_c + cpd11593_c	
rxn12633_c_reverse_num3	rxn12633_c_reverse_num3	cpd00035_c + cpd00041_c --> cpd00001_c + cpd11593_c	
rxn12633_c_reverse_num4	rxn12633_c_reverse_num4	cpd00035_c + cpd00041_c --> cpd00001_c + cpd11593_c	
rxn12633_c_reverse_num5	rxn12633_c_reverse_num5	cpd00035_c + cpd00041_c --> cpd00001_c + cpd11593_c	
rxn12633_c_reverse_num6	rxn12633_c_reverse_num6	cpd00035_c + cpd00041_c --> cpd00001_c + cpd11593_c	
rxn12634_c_reverse_num2	rxn12634_c_reverse_num2	cpd00023_c + cpd00033_c --> cpd00001_c + cpd11592_c	
rxn12634_c_reverse_num3	rxn12634_c_reverse_num3	cpd00023_c + cpd00033_c --> cpd00001_c + cpd11592_c	
rxn12634_c_reverse_num4	rxn12634_c_reverse_num4	cpd00023_c + cpd00033_c --> cpd00001_c + cpd11592_c	
rxn12634_c_reverse_num5	rxn12634_c_reverse_num5	cpd00023_c + cpd00033_c --> cpd00001_c + cpd11592_c	
rxn12634_c_reverse_num6	rxn12634_c_reverse_num6	cpd00023_c + cpd00033_c --> cpd00001_c + cpd11592_c	
rxn12635_c_reverse_num2	rxn12635_c_reverse_num2	cpd00033_c + cpd00060_c --> cpd00001_c + cpd11591_c	
rxn12635_c_reverse_num3	rxn12635_c_reverse_num3	cpd00033_c + cpd00060_c --> cpd00001_c + cpd11591_c	
rxn12635_c_reverse_num4	rxn12635_c_reverse_num4	cpd00033_c + cpd00060_c --> cpd00001_c + cpd11591_c	
rxn12635_c_reverse_num5	rxn12635_c_reverse_num5	cpd00033_c + cpd00060_c --> cpd00001_c + cpd11591_c	
rxn12635_c_reverse_num6	rxn12635_c_reverse_num6	cpd00033_c + cpd00060_c --> cpd00001_c + cpd11591_c	
rxn12636_c_reverse_num2	rxn12636_c_reverse_num2	cpd00035_c + cpd00060_c --> cpd00001_c + cpd00067_c + cpd11590_c	
rxn12636_c_reverse_num3	rxn12636_c_reverse_num3	cpd00035_c + cpd00060_c --> cpd00001_c + cpd00067_c + cpd11590_c	
rxn12636_c_reverse_num4	rxn12636_c_reverse_num4	cpd00035_c + cpd00060_c --> cpd00001_c + cpd00067_c + cpd11590_c	
rxn12636_c_reverse_num5	rxn12636_c_reverse_num5	cpd00035_c + cpd00060_c --> cpd00001_c + cpd00067_c + cpd11590_c	
rxn12636_c_reverse_num6	rxn12636_c_reverse_num6	cpd00035_c + cpd00060_c --> cpd00001_c + cpd00067_c + cpd11590_c	
rxn12637_c_reverse_num2	rxn12637_c_reverse_num2	cpd00033_c + cpd00041_c --> cpd00001_c + cpd11589_c	
rxn12637_c_reverse_num3	rxn12637_c_reverse_num3	cpd00033_c + cpd00041_c --> cpd00001_c + cpd11589_c	
rxn12637_c_reverse_num4	rxn12637_c_reverse_num4	cpd00033_c + cpd00041_c --> cpd00001_c + cpd11589_c	
rxn12637_c_reverse_num5	rxn12637_c_reverse_num5	cpd00033_c + cpd00041_c --> cpd00001_c + cpd11589_c	
rxn12637_c_reverse_num6	rxn12637_c_reverse_num6	cpd00033_c + cpd00041_c --> cpd00001_c + cpd11589_c	
rxn12639_c_reverse_num2	rxn12639_c_reverse_num2	cpd00035_c + cpd00053_c --> cpd00001_c + cpd11587_c	
rxn12639_c_reverse_num3	rxn12639_c_reverse_num3	cpd00035_c + cpd00053_c --> cpd00001_c + cpd11587_c	
rxn12639_c_reverse_num4	rxn12639_c_reverse_num4	cpd00035_c + cpd00053_c --> cpd00001_c + cpd11587_c	
rxn12639_c_reverse_num5	rxn12639_c_reverse_num5	cpd00035_c + cpd00053_c --> cpd00001_c + cpd11587_c	
rxn12639_c_reverse_num6	rxn12639_c_reverse_num6	cpd00035_c + cpd00053_c --> cpd00001_c + cpd11587_c	
rxn12640_c_reverse_num2	rxn12640_c_reverse_num2	cpd00023_c + cpd00035_c --> cpd00001_c + cpd11586_c	
rxn12640_c_reverse_num3	rxn12640_c_reverse_num3	cpd00023_c + cpd00035_c --> cpd00001_c + cpd11586_c	
rxn12640_c_reverse_num4	rxn12640_c_reverse_num4	cpd00023_c + cpd00035_c --> cpd00001_c + cpd11586_c	
rxn12640_c_reverse_num5	rxn12640_c_reverse_num5	cpd00023_c + cpd00035_c --> cpd00001_c + cpd11586_c	
rxn12640_c_reverse_num6	rxn12640_c_reverse_num6	cpd00023_c + cpd00035_c --> cpd00001_c + cpd11586_c	
rxn12641_c_reverse_num2	rxn12641_c_reverse_num2	cpd00033_c + cpd00035_c --> cpd00001_c + cpd11585_c	
rxn12641_c_reverse_num3	rxn12641_c_reverse_num3	cpd00033_c + cpd00035_c --> cpd00001_c + cpd11585_c	
rxn12641_c_reverse_num4	rxn12641_c_reverse_num4	cpd00033_c + cpd00035_c --> cpd00001_c + cpd11585_c	
rxn12641_c_reverse_num5	rxn12641_c_reverse_num5	cpd00033_c + cpd00035_c --> cpd00001_c + cpd11585_c	
rxn12641_c_reverse_num6	rxn12641_c_reverse_num6	cpd00033_c + cpd00035_c --> cpd00001_c + cpd11585_c	
rxn12642_c_reverse_num2	rxn12642_c_reverse_num2	cpd00035_c + cpd00119_c --> cpd00001_c + cpd11584_c	
rxn12642_c_reverse_num3	rxn12642_c_reverse_num3	cpd00035_c + cpd00119_c --> cpd00001_c + cpd11584_c	
rxn12642_c_reverse_num4	rxn12642_c_reverse_num4	cpd00035_c + cpd00119_c --> cpd00001_c + cpd11584_c	
rxn12642_c_reverse_num5	rxn12642_c_reverse_num5	cpd00035_c + cpd00119_c --> cpd00001_c + cpd11584_c	
rxn12642_c_reverse_num6	rxn12642_c_reverse_num6	cpd00035_c + cpd00119_c --> cpd00001_c + cpd11584_c	
rxn12645_c_reverse_num2	rxn12645_c_reverse_num2	cpd00033_c + cpd00132_c --> cpd00001_c + cpd11581_c	
rxn12645_c_reverse_num3	rxn12645_c_reverse_num3	cpd00033_c + cpd00132_c --> cpd00001_c + cpd11581_c	
rxn12645_c_reverse_num4	rxn12645_c_reverse_num4	cpd00033_c + cpd00132_c --> cpd00001_c + cpd11581_c	
rxn12645_c_reverse_num5	rxn12645_c_reverse_num5	cpd00033_c + cpd00132_c --> cpd00001_c + cpd11581_c	
rxn12645_c_reverse_num6	rxn12645_c_reverse_num6	cpd00033_c + cpd00132_c --> cpd00001_c + cpd11581_c	
rxn12646_c_reverse_num2	rxn12646_c_reverse_num2	cpd00033_c + cpd00053_c --> cpd00001_c + cpd11580_c	
rxn12646_c_reverse_num3	rxn12646_c_reverse_num3	cpd00033_c + cpd00053_c --> cpd00001_c + cpd11580_c	
rxn12646_c_reverse_num4	rxn12646_c_reverse_num4	cpd00033_c + cpd00053_c --> cpd00001_c + cpd11580_c	
rxn12646_c_reverse_num5	rxn12646_c_reverse_num5	cpd00033_c + cpd00053_c --> cpd00001_c + cpd11580_c	
rxn12646_c_reverse_num6	rxn12646_c_reverse_num6	cpd00033_c + cpd00053_c --> cpd00001_c + cpd11580_c	
rxn12844_c_reverse_num2	rxn12844_c_reverse_num2	cpd00033_c + cpd00084_c --> cpd00001_c + cpd15603_c	
rxn12844_c_reverse_num3	rxn12844_c_reverse_num3	cpd00033_c + cpd00084_c --> cpd00001_c + cpd15603_c	
rxn12844_c_reverse_num4	rxn12844_c_reverse_num4	cpd00033_c + cpd00084_c --> cpd00001_c + cpd15603_c	
rxn12844_c_reverse_num5	rxn12844_c_reverse_num5	cpd00033_c + cpd00084_c --> cpd00001_c + cpd15603_c	
rxn12844_c_reverse_num6	rxn12844_c_reverse_num6	cpd00033_c + cpd00084_c --> cpd00001_c + cpd15603_c	
rxn12845_c_reverse_num2	rxn12845_c_reverse_num2	cpd00033_c + cpd00107_c --> cpd00001_c + cpd15604_c	
rxn12845_c_reverse_num3	rxn12845_c_reverse_num3	cpd00033_c + cpd00107_c --> cpd00001_c + cpd15604_c	
rxn12845_c_reverse_num4	rxn12845_c_reverse_num4	cpd00033_c + cpd00107_c --> cpd00001_c + cpd15604_c	
rxn12845_c_reverse_num5	rxn12845_c_reverse_num5	cpd00033_c + cpd00107_c --> cpd00001_c + cpd15604_c	
rxn12845_c_reverse_num6	rxn12845_c_reverse_num6	cpd00033_c + cpd00107_c --> cpd00001_c + cpd15604_c	
rxn12846_c_reverse_num2	rxn12846_c_reverse_num2	cpd00033_c + cpd00066_c --> cpd00001_c + cpd15605_c	
rxn12846_c_reverse_num3	rxn12846_c_reverse_num3	cpd00033_c + cpd00066_c --> cpd00001_c + cpd15605_c	
rxn12846_c_reverse_num4	rxn12846_c_reverse_num4	cpd00033_c + cpd00066_c --> cpd00001_c + cpd15605_c	
rxn12846_c_reverse_num5	rxn12846_c_reverse_num5	cpd00033_c + cpd00066_c --> cpd00001_c + cpd15605_c	
rxn12846_c_reverse_num6	rxn12846_c_reverse_num6	cpd00033_c + cpd00066_c --> cpd00001_c + cpd15605_c	
rxn12847_c_reverse_num2	rxn12847_c_reverse_num2	cpd00033_c + cpd00069_c --> cpd00001_c + cpd15606_c	
rxn12847_c_reverse_num3	rxn12847_c_reverse_num3	cpd00033_c + cpd00069_c --> cpd00001_c + cpd15606_c	
rxn12847_c_reverse_num4	rxn12847_c_reverse_num4	cpd00033_c + cpd00069_c --> cpd00001_c + cpd15606_c	
rxn12847_c_reverse_num5	rxn12847_c_reverse_num5	cpd00033_c + cpd00069_c --> cpd00001_c + cpd15606_c	
rxn12847_c_reverse_num6	rxn12847_c_reverse_num6	cpd00033_c + cpd00069_c --> cpd00001_c + cpd15606_c	
rxn14054_c_reverse_num2	rxn14054_c_reverse_num2	cpd00004_c + cpd00067_c + cpd04017_c --> cpd00003_c + cpd04015_c	
rxn14089_c_reverse_num2	rxn14089_c_reverse_num2	cpd00004_c + cpd00067_c + cpd15064_c --> cpd00003_c + cpd04016_c	
rxn15053_c_reverse_num2	rxn15053_c_reverse_num2	cpd00004_c + 2 cpd00067_c + cpd19000_c --> cpd00001_c + cpd00003_c + cpd11616_c	
rxn16206_c_reverse_num2	rxn16206_c_reverse_num2	cpd02555_c + cpd03163_c --> cpd02738_c + cpd03397_c	
rxn16206_c_reverse_num3	rxn16206_c_reverse_num3	cpd02555_c + cpd03163_c --> cpd02738_c + cpd03397_c	
rxn16596_c_reverse_num2	rxn16596_c_reverse_num2	cpd00005_c + 2 cpd00067_c + cpd00649_c --> cpd00006_c + cpd00792_c	
rxn16798_c_reverse_num2	rxn16798_c_reverse_num2	cpd00004_c + cpd00067_c + cpd21484_c --> cpd00003_c + cpd21131_c	
rxn16798_c_reverse_num3	rxn16798_c_reverse_num3	cpd00004_c + cpd00067_c + cpd21484_c --> cpd00003_c + cpd21131_c	
rxn48573_c_reverse_num2	rxn48573_c_reverse_num2	cpd00047_c + cpd37290_c --> cpd00001_c + cpd37291_c	
rxnmqfadh2_c_reverse_num2	rxnmqfadh2_c_reverse_num2	cpd00015_c + cpd15499_c --> cpd00982_c + cpd15500_c	
