reactions,data_type,kcat,MW,kcat_MW
rxn05740_c_num1,DLKcat,4187.4453,15456.0315,975334.6504243346
rxn05740_c_reverse_num1,DLKcat,3426.0683,15456.0315,797995.6484948933
rxn00427_c,DLKcat,2724.2547,58694.0836,167092.0869441771
Bio_protein_c,DLKcat,2238.0669,3504117.984700001,2299.3063804299354
rxn00799_c,DLKcat,1936.7322,199051.1248,35027.36257836007
rxn00101_c,DLKcat,1816.2798,266100.2688,24571.96796337847
rxn00717_c,DLKcat,1748.1856,17253.5849,364762.92877545697
rxn00533_c,DLKcat,777.5326,7585.544599999999,369006.77638887
rxn03084_c,DLKcat,775.3379,113177.2834,24662.33820204948
rxn00410_c,DLKcat,683.4567,242292.2772,10154.859859478836
rxn02852_c,DLKcat,644.917,66693.47219999999,34811.52087925031
rxn02745_c,DLKcat,644.917,66693.47219999999,34811.52087925031
rxn12639_c_num2,DLKcat,618.9094,27962.3491,79681.21105
rxn00533_c_reverse,DLKcat,580.2852,7585.544599999999,275395.746799775
rxn00679_c_num2,DLKcat,532.3937,85277.6146,22475.03438024168
rxn03849_c_num1,DLKcat,519.6782,55627.9053,33631.349408369686
rxn03848_c_num1,DLKcat,519.6782,55627.9053,33631.349408369686
rxn05157_c,DLKcat,486.9621,165530.624,10590.569392162744
rxn05157_c_reverse,DLKcat,486.9621,165530.624,10590.569392162744
rxn08521_c,DLKcat,467.7113,79592.3832,21154.79663134399
rxn03974_c_num2,DLKcat,458.4641,79592.3832,20736.54153378837
rxn03975_c_num2,DLKcat,458.4641,79592.3832,20736.54153378837
rxn12646_c_num1,DLKcat,452.1446,27962.3491,58211.15222397391
rxn00196_c_num3,DLKcat,435.3443,51130.0291,30652.035752508506
rxnfad3_c_num1,DLKcat,430.6127,79592.3832,19476.80993675787
rxnfmn_c_num1,DLKcat,430.6127,79592.3832,19476.80993675787
rxnriboflavin_c,DLKcat,430.6127,79592.3832,19476.80993675787
rxn12633_c_num1,DLKcat,408.8607,27962.3491,52638.58607644664
rxn12635_c_num1,DLKcat,402.9796,27962.3491,51881.42651434103
rxn12639_c_reverse_num2,DLKcat,392.6029,27962.3491,50545.48296158709
rxn12646_c_reverse_num1,DLKcat,392.6029,27962.3491,50545.48296158709
rxn15641_c,DLKcat,356.5182,402985.509,3184.892487039776
rxn02782_c_reverse,DLKcat,356.5182,402985.509,3184.892487039776
rxn02258_c_reverse_num2,DLKcat,338.5878,27524.9358,44284.06623204549
rxn00184a_c,DLKcat,311.4747,334632.1207,3350.870554967618
rxn12643_c_num2,DLKcat,295.1735,27962.3491,38001.97888238224
rxn03031_c_num2,DLKcat,284.4926,104974.1613,9756.43289088131
rxnfad2_c_num1,DLKcat,272.4838,79592.3832,12324.567258340368
rxnfad1_c_num1,DLKcat,272.4838,79592.3832,12324.567258340368
rxn00412_c,DLKcat,270.9689,242292.2772,4026.079787903368
rxn02258_c_num2,DLKcat,269.1477,27524.9358,35201.961125010144
rxn12633_c_reverse_num1,DLKcat,266.5582,27962.3491,34317.91501379976
rxn12636_c_reverse_num2,DLKcat,266.5582,27962.3491,34317.91501379976
rxn12642_c_reverse_num2,DLKcat,266.5582,27962.3491,34317.91501379976
rxn12640_c_reverse_num2,DLKcat,266.5582,27962.3491,34317.91501379976
rxn12641_c_reverse_num1,DLKcat,266.5582,27962.3491,34317.91501379976
rxn16494_c_reverse,DLKcat,265.4355,185521.2468,5150.718941804783
rxn10432_c_reverse,DLKcat,261.1637,132208.68039999998,7111.403859076717
rxn15726_c_reverse,DLKcat,261.1637,132208.68039999998,7111.403859076717
rxn11732_c_reverse,DLKcat,261.1637,132208.68039999998,7111.403859076717
rxn00376_c,DLKcat,242.0169,80544.7368,10817.104563435609
rxn12635_c_reverse_num1,DLKcat,238.7866,27962.3491,30742.472920488646
rxn12641_c_num1,DLKcat,231.5487,27962.3491,29810.632755457587
rxn00410_c_reverse,DLKcat,220.5799,242292.2772,3277.395586754591
rxn12637_c_num1,DLKcat,215.7902,27962.3491,27781.811793487694
Bio_dna_c,DLKcat,195.8864,1703331.387,414.0069544787881
rxn01025_c,DLKcat,193.3233,17253.5849,40337.34925429903
rxn05734_c,DLKcat,190.5155,110179.1204,6224.916277331254
rxn00433_c,DLKcat,190.5043,41865.5698,16381.372169930431
rxn12845_c_num2,DLKcat,187.2294,27962.3491,24104.7645027792
rxn00679_c_num1,DLKcat,177.7324,85035.1978,7524.37410100315
rxn01274_c_num3,DLKcat,176.0994,46385.778600000005,13667.073381840357
rxn02228_c_reverse_num1,DLKcat,169.9334,137607.442,4445.691534619181
rxn02350_c_num2,DLKcat,164.2647,51130.0291,11565.667581440905
rxn02315_c,DLKcat,158.9109,74175.45599999999,7712.5139614915215
rxn12844_c_reverse_num1,DLKcat,155.5671,27962.3491,20028.4159959937
rxn00650_c_reverse_num2,DLKcat,155.5671,27962.3491,20028.4159959937
rxn02258_c_reverse_num1,DLKcat,155.2118,60488.01759999999,9237.573029670591
rxn02229_c,DLKcat,153.6161,73711.69959999999,7502.444835772041
rxn02230_c,DLKcat,153.6161,73711.69959999999,7502.444835772041
rxn12846_c_reverse_num1,DLKcat,152.2355,27962.3491,19599.490659388128
rxn12642_c_num2,DLKcat,150.7166,27962.3491,19403.940565208093
rxn00655_c_reverse,DLKcat,148.6794,33996.2068,15744.281211985097
rxn12847_c_reverse_num2,DLKcat,148.3118,27962.3491,19094.33567582489
rxn00650_c_num2,DLKcat,141.8203,27962.3491,18258.590441530538
rxn05824_c_reverse,DLKcat,140.7387,37034.7588,13680.64316919488
rxn01462_c,DLKcat,137.1248,17253.5849,28611.40353504157
rxn12845_c_reverse_num2,DLKcat,136.7545,27962.3491,17606.396309528944
rxn00730_c_num2,DLKcat,135.9503,104974.1613,4662.300455073985
rxn05195_c,DLKcat,132.9113,1230396.586,388.8832962025141
rxn12634_c_reverse_num2,DLKcat,130.9346,27962.3491,16857.115913769918
rxn02258_c_num1,DLKcat,127.2195,60488.01759999999,7571.58554986269
rxn01636_c_reverse,DLKcat,127.0855,79600.1502,5747.574581837912
rxn01602_c,DLKcat,123.8273,33996.2068,13112.588784464037
rxn00686_c_reverse,DLKcat,123.8273,33996.2068,13112.588784464037
rxn12637_c_reverse_num1,DLKcat,123.3596,27962.3491,15881.87596155861
rxn00196_c_num1,DLKcat,122.5887,109121.2824,4044.301077605371
rxn00138_c,DLKcat,121.6442,60801.351,7202.457063824124
rxn02122_c_num2,DLKcat,120.4187,51130.0291,8478.526760705481
rxn12844_c_num1,DLKcat,117.2152,27962.3491,15090.817959925978
rxn02317_c,DLKcat,116.3639,74175.45599999999,5647.55597862452
rxn02316_c,DLKcat,116.3639,74175.45599999999,5647.55597862452
rxn02314_c_num3,DLKcat,116.3639,74175.45599999999,5647.55597862452
rxn00545_c,DLKcat,116.3639,74175.45599999999,5647.55597862452
rxn03135_c,DLKcat,116.0554,50417.6066,8286.776548413149
rxn06135_c,DLKcat,112.0291,37171.5277,10849.830097244028
rxn01740r_c,DLKcat,111.0254,117939.3764,3388.95670131761
rxn00775_c,DLKcat,110.5095,24091.236,16513.64836573765
rxn01034_c,DLKcat,109.6681,21325.7274,18513.09231309034
rxn00423_c,DLKcat,109.4316,20180.0351,19521.95613376312
rxn06136_c,DLKcat,108.6711,37171.5277,10524.613439549325
rxn01539_c_num3,DLKcat,103.292,42205.3128,8810.530602204186
rxn01539_c_reverse_num3,DLKcat,102.0936,42205.3128,8708.31029594928
rxn00248_c,DLKcat,100.3103,139666.6524,2585.5640827258776
rxn12847_c_num2,DLKcat,99.7526,27962.3491,12842.60341345928
rxn02090_c_reverse,DLKcat,99.2333,45565.7784,7840.091677222394
rxn01140_c,DLKcat,97.8068,26294.3441,13390.88279444856
rxn05145_c,DLKcat,96.5632,137364.87050000002,2530.687203610765
rxn00288_c_reverse,DLKcat,95.2114,129552.7318,2645.726070285768
rxn01332_c_num1,DLKcat,94.9001,101803.4458,3355.8820854765213
rxn05555_c,DLKcat,91.9627,1142641.412,289.73719712249823
rxn12846_c_num1,DLKcat,91.6914,27962.3491,11804.76786193904
rxn06520_c_reverse,DLKcat,87.7597,117606.7513,2686.3672068799
rxn06619_c_reverse,DLKcat,87.7597,117606.7513,2686.3672068799
rxn03848_c_num2,DLKcat,87.1579,42276.9982,7421.729388535442
rxn03849_c_num2,DLKcat,87.1579,42276.9982,7421.729388535442
rxn02166_c,DLKcat,85.2419,42205.3128,7270.905477094343
rxn01602_c_reverse,DLKcat,84.7271,33996.2068,8972.105676213265
rxn12649_c,DLKcat,84.7271,33996.2068,8972.105676213265
rxn00048_c,DLKcat,84.6413,67407.02309999999,4520.429266664945
rxn02106_c_num2,DLKcat,84.5097,51130.0291,5950.219965746118
rxn05465_c_reverse_num5,DLKcat,82.4605,32636.3774,9095.917612473742
rxn16494_c,DLKcat,81.8742,185521.2468,1588.7512890518155
rxn01740_c,DLKcat,80.5177,117116.9498,2474.9937604676247
rxn12645_c_reverse_num1,DLKcat,79.7799,27962.3491,10271.22717668953
rxn00290_c_reverse,DLKcat,77.0457,48862.975600000005,5676.373912848646
rxn08547_c_reverse_num5,DLKcat,76.8757,32636.3774,8479.878652218304
rxn00058_c_num3,DLKcat,76.4101,15588.2059,17646.441275195113
rxn01241_c_reverse,DLKcat,76.2974,50555.9053,5433.008040704594
rxn14126_c,DLKcat,76.1911,58073.624800000005,4723.107278814116
rxn08547_c_num5,DLKcat,73.8105,32636.3774,8141.767597037286
rxn00837_c,DLKcat,73.7027,152412.1707,1740.8696351570302
rxn16583_c_num3,DLKcat,73.4778,42126.7445,6279.148392299814
rxn00241_c,DLKcat,73.0934,58350.913,4509.547948290029
rxn05910_c_num1,DLKcat,73.0932,64163.65899999999,4101.005524014769
rxn01636_c,DLKcat,72.432,79600.1502,3275.812914232416
rxn03969_c_reverse,DLKcat,72.4284,51130.0291,5099.591073770775
rxn15053_c_reverse_num2,DLKcat,72.4284,51130.0291,5099.591073770775
rxn01937_c_reverse_num2,DLKcat,72.4284,51130.0291,5099.591073770775
rxn05853_c_reverse_num2,DLKcat,72.4284,51130.0291,5099.591073770775
rxn03975_c_num3,DLKcat,71.8315,82644.1292,3128.999028765857
rxn03974_c_num3,DLKcat,71.8315,82644.1292,3128.999028765857
rxn00390_c_reverse,DLKcat,71.0244,80544.7368,3174.482283490434
rxn00927_c_reverse_num1,DLKcat,70.1239,67099.1866,3762.28167272597
rxn13892_c,DLKcat,69.7405,183998.1497,1364.5017648783453
rxn01683_c_reverse,DLKcat,69.5927,67099.1866,3733.7817743382298
rxn06619_c,DLKcat,68.7943,117606.7513,2105.8270657290063
rxn06520_c,DLKcat,68.7943,117606.7513,2105.8270657290063
rxn00256_c,DLKcat,260,293386.9482,3190.3259696540244
rxn00247_c,DLKcat,67.9822,36183.5554,6763.73333948272
rxn12639_c_num1,DLKcat,67.8367,32614.4488,7487.850599517107
rxn16798_c_reverse_num2,DLKcat,67.0361,70404.5354,3427.761558667996
rxn01973_c,DLKcat,66.4949,120059.54189999998,1993.8576827103489
rxn16716_c,DLKcat,66.4818,24091.236,9934.503983108214
rxn16583_c_num1,DLKcat,63.7557,169777.72199999998,1351.888323722473
rxn06723_c_num5,DLKcat,63.1464,32636.3774,6965.44954159036
rxn03061_c_reverse,DLKcat,62.4842,218278.8022,1030.5312184821948
rxn01363_c,DLKcat,61.3999,59418.60620000001,3720.040811054904
rxn09886_c_reverse,DLKcat,61.3123,32834.8479,6722.256813012373
rxn05465_c_num5,DLKcat,58.0025,32636.3774,6398.044655532142
rxn05024_c,DLKcat,58.0022,71078.415,2937.7121028936845
rxn00002_c,DLKcat,57.7911,86447.28769999999,2406.645315721109
rxn12677_c_reverse,DLKcat,57.3789,71078.415,2906.143025277084
rxn03002_c,DLKcat,57.0116,24793.5752,8278.0219611087
rxn01241_c,DLKcat,56.986,50555.9053,4057.876103348108
rxn00162_c,DLKcat,56.61,58001.75059999999,3513.6180872444224
rxn03586_c,DLKcat,56.4509,312469.9508,650.3769065783717
rxnfad3_c_num2,DLKcat,56.2172,82644.1292,2448.836014839394
rxnfmn_c_num2,DLKcat,56.2172,82644.1292,2448.836014839394
rxn00792_c,DLKcat,55.987,61983.754,3251.7101174607783
rxn06726_c,DLKcat,55.987,61983.754,3251.7101174607783
rxn03167_c,DLKcat,55.5175,42205.3128,4735.493868914058
rxn08336_c,DLKcat,55.4743,39531.8045,5051.817960902848
rxn06729_c_num5,DLKcat,54.0981,32636.3774,5967.364502899761
rxn01995_c,DLKcat,53.8081,37034.7588,5230.469058704926
rxn08766_c_num1,DLKcat,53.7384,58601.2884,3301.262570875489
rxn08002_c_num1,DLKcat,53.7384,58601.2884,3301.262570875489
rxn07998_c_num1,DLKcat,53.7384,58601.2884,3301.262570875489
rxn08000_c_num1,DLKcat,53.7384,58601.2884,3301.262570875489
rxn07997_c_num1,DLKcat,53.7384,58601.2884,3301.262570875489
rxn47493_c,DLKcat,53.1313,27244.5086,7020.595702724476
rxn00741_c_reverse_num2,DLKcat,52.4867,137607.442,1373.1242820428272
rxn00124_c,DLKcat,52.3728,28011.678,6730.838473867934
rxn01859_c_reverse,DLKcat,52.2293,51982.3612,3617.1015640590026
rxn01138_c_reverse,DLKcat,52.2293,51982.3612,3617.1015640590026
rxn00653_c,DLKcat,52.0179,110179.1204,1699.6363677631973
rxn01153_c_num3,DLKcat,51.7717,23539.4755,7917.683637428539
rxn00290_c,DLKcat,51.4691,48862.975600000005,3792.007296420154
rxn00347_c_reverse,DLKcat,50.5036,230039.6712,790.3548072885612
rxn12646_c_num2,DLKcat,50.3159,32614.4488,5553.895486959756
rxn02246_c,DLKcat,50.1722,32834.8479,5500.860565886768
rxn09886_c,DLKcat,50.1722,32834.8479,5500.860565886768
rxn00649_c,DLKcat,50.1722,32834.8479,5500.860565886768
rxn02175_c,DLKcat,49.883,105448.8504,1702.9943837111764
rxn00655_c,DLKcat,49.8299,33996.2068,5276.695751833114
rxn00927_c_num1,DLKcat,49.1108,67099.1866,2634.888572553873
rxn05674_c,DLKcat,47.9425,25425.0792,6788.297438223909
rxn01299_c_reverse_num2,DLKcat,47.7793,67099.1866,2563.451044874514
rxn01226_c_reverse_num1,DLKcat,47.7793,67099.1866,2563.451044874514
rxn01684_c_reverse,DLKcat,47.4961,51982.3612,3289.3072967989765
rxn10770_c_reverse_num1,DLKcat,47.4275,35159.6941,4856.100269655077
rxn00360_c_reverse_num2,DLKcat,46.9646,35092.118200000004,4817.96393812443
rxn00186_c,DLKcat,46.6686,26337.3999,6379.026048049641
rxn12677_c,DLKcat,46.489,71078.415,2354.5882389189464
rxn03423_c_num2,DLKcat,46.3378,51130.0291,3262.585273983348
rxn01937_c_num2,DLKcat,45.3241,51130.0291,3191.211952586196
rxn02545_c,DLKcat,45.0967,70111.6822,2315.564466658882
rxn11985_c,DLKcat,45.0967,70111.6822,2315.564466658882
rxn00586_c,DLKcat,45.0967,70111.6822,2315.564466658882
rxn02914_c,DLKcat,44.9864,39942.5499,4054.599428565776
rxn00957_c,DLKcat,44.9104,51130.0291,3162.0838643332595
rxn00173_c_reverse,DLKcat,44.8921,98184.5212,1645.9983511128023
rxn12635_c_num2,DLKcat,44.7196,32614.4488,4936.172951664295
rxn12633_c_num2,DLKcat,44.3654,32614.4488,4897.076169504358
rxnfad2_c_num2,DLKcat,43.8396,82644.1292,1909.6645040335184
rxnfad1_c_num2,DLKcat,43.8396,82644.1292,1909.6645040335184
rxn00147_c,DLKcat,43.7236,111124.3461,1416.4759166128404
rxn05746_c,DLKcat,43.5394,70138.7588,2234.739289398432
rxn12639_c_reverse_num1,DLKcat,43.3521,32614.4488,4785.227582935573
rxn12646_c_reverse_num2,DLKcat,43.3521,32614.4488,4785.227582935573
rxn00011_c,DLKcat,42.5099,205714.063,743.9240554011128
rxn03354_c_num2,DLKcat,42.1765,51130.0291,2969.5934595116432
rxn02861_c,DLKcat,41.9806,197804.9226,764.0363951185107
rxn05297_c,DLKcat,41.7223,113771.2796,1320.195048592914
rxn02229_c_reverse,DLKcat,41.6917,73711.69959999999,2036.177714182024
rxn02230_c_reverse,DLKcat,41.6917,73711.69959999999,2036.177714182024
rxn03975_c_num1,DLKcat,41.522,47555.061,3143.286894322351
rxn03974_c_num1,DLKcat,41.522,47555.061,3143.286894322351
rxn01634_c,DLKcat,41.2419,67102.7066,2212.5909299759896
rxn02342_c_reverse,DLKcat,40.5947,205714.063,710.4080191153485
rxn11732_c,DLKcat,40.5399,132208.68039999998,1103.8884856761645
rxn10432_c,DLKcat,40.5399,132208.68039999998,1103.8884856761645
rxn15726_c,DLKcat,40.5399,132208.68039999998,1103.8884856761645
rxn01265_c_reverse,DLKcat,40.4694,96103.147,1515.9736652536467
rxn03002_c_reverse,DLKcat,40.4451,24793.5752,5872.584281431103
rxn10121_c,DLKcat,40.0052,700008.281,205.73859468385348
rxn00149_c,DLKcat,39.7112,109121.2824,1310.104837990797
rxn01265_c,DLKcat,39.7033,96103.147,1487.275749669259
rxn01133_c,DLKcat,39.2726,24097.9438,5866.947038029029
rxn15223_c,DLKcat,39.2726,24097.9438,5866.947038029029
rxn00178_c_reverse_num2,DLKcat,39.2332,21070.3243,6703.243765450729
rxn10484_c,DLKcat,39.1918,70425.9966,2003.386346115264
rxn00874_c_reverse_num2,DLKcat,39.1833,21070.3243,6694.718030514604
rxn07251_c_num2,DLKcat,39.0637,58146.50720000001,2418.5342640838785
rxn00686_c,DLKcat,39.0625,33996.2068,4136.490898155143
rxn00500_c_reverse_num3,DLKcat,38.9319,63732.195,2199.12149581542
rxn01637_c_reverse_num1,DLKcat,38.6781,82411.607,1689.581905616766
rxn00584_c,DLKcat,38.266,290765.51900000003,473.7755717176354
rxn06864_c,DLKcat,38.0462,61983.754,2209.713209690397
rxn00360_c_num2,DLKcat,37.2183,35092.118200000004,3818.1189073961336
rxn01299_c_num2,DLKcat,36.1485,67099.1866,1939.4363269375308
rxn02342_c,DLKcat,35.9148,205714.063,628.5096804490221
rxn00191_c,DLKcat,35.4821,48696.9957,2623.0685931206226
rxn03087_c_num2,DLKcat,35.4188,237305.6586,537.3141152732715
rxn05144_c,DLKcat,35.167,53011.961200000005,2388.1629189753503
rxn10770_c_reverse_num2,DLKcat,35.1619,73670.9684,1718.2187603767134
rxn03899_c,DLKcat,34.8783,54066.9093,2322.3424757516145
rxn08043_c,DLKcat,34.5957,85584.6714,1455.2199355643024
rxn01286_c,DLKcat,34.4525,110179.1204,1125.7033052153502
rxn01684_c,DLKcat,33.6719,51982.3612,2331.9225445265074
rxn01647_c,DLKcat,33.6719,51982.3612,2331.9225445265074
rxn01646_c,DLKcat,33.6719,51982.3612,2331.9225445265074
rxn01649_c,DLKcat,33.6719,51982.3612,2331.9225445265074
rxn01548_c,DLKcat,33.6719,51982.3612,2331.9225445265074
rxn01859_c,DLKcat,33.6719,51982.3612,2331.9225445265074
rxn01138_c,DLKcat,33.6719,51982.3612,2331.9225445265074
rxn01985_c,DLKcat,33.6719,51982.3612,2331.9225445265074
rxn01358_c,DLKcat,33.6719,51982.3612,2331.9225445265074
rxn01446_c,DLKcat,33.6719,51982.3612,2331.9225445265074
rxn05164_c_num1,DLKcat,33.5719,100343.3684,1204.4526900693518
rxn01358_c_reverse,DLKcat,33.425,51982.3612,2314.8236675328244
rxn01548_c_reverse,DLKcat,33.425,51982.3612,2314.8236675328244
rxn00587_c,DLKcat,33.2901,197804.9226,605.8714738982943
rxn03607_c,DLKcat,33.2901,197804.9226,605.8714738982943
rxn07602_c,DLKcat,33.2901,197804.9226,605.8714738982943
rxn03704_c,DLKcat,33.2901,197804.9226,605.8714738982943
rxn03706_c,DLKcat,33.2901,197804.9226,605.8714738982943
rxn01917_c_reverse,DLKcat,33.0667,67216.48520000001,1770.995904439228
rxn04234_c_num2,DLKcat,32.6585,51130.0291,2299.4432444005784
rxn00952_c,DLKcat,32.2964,280510.977,414.48303108651606
rxn06078_c,DLKcat,32.2964,280510.977,414.48303108651606
rxn01137_c,DLKcat,32.249,51982.3612,2233.3806568217224
rxn12641_c_num2,DLKcat,32.1823,32614.4488,3552.2991883278432
rxn12643_c_num1,DLKcat,32.0292,32614.4488,3535.399929861762
rxn12636_c_reverse_num1,DLKcat,31.9779,32614.4488,3529.73740889958
rxn12635_c_reverse_num2,DLKcat,31.9779,32614.4488,3529.73740889958
rxn01545_c_num1,DLKcat,31.5224,67099.1866,1691.2371930302952
rxn11550_c,DLKcat,31.2789,28791.1894,3911.058985288048
rxn03638_c,DLKcat,31.1515,151318.9428,741.1193729275777
rxn12639_c_num4,DLKcat,31.0702,466900.9188,239.56414625928983
rxn02003_c_reverse,DLKcat,31.057,49271.3902,2269.1708016795515
rxn00179_c,DLKcat,31.0405,154500.89719999998,723.2695862946744
rxn14250_c,DLKcat,30.9189,35111.455200000004,3170.1346288831687
rxn03538_c,DLKcat,30.7106,32420.7837,3410.1014035635417
rxn12637_c_num2,DLKcat,30.5821,32614.4488,3375.668271296984
rxn03106_c_num2,DLKcat,30.1831,51130.0291,2125.153494191929
rxn05735_c,DLKcat,30.0304,110179.1204,981.215312007519
rxn08538_c_reverse,DLKcat,29.8467,94493.331,1137.0973894443407
rxn08538_c,DLKcat,29.8467,94493.331,1137.0973894443407
rxn00806_c,DLKcat,29.8053,40388.1114,2656.6996148277435
rxn00903_c,DLKcat,29.8053,40388.1114,2656.6996148277435
rxn01575_c,DLKcat,29.8053,40388.1114,2656.6996148277435
rxn02175_c_reverse,DLKcat,29.6097,105448.8504,1010.8684883301488
rxn06023_c_num1,DLKcat,29.5975,58601.2884,1818.2364741318556
rxn08017_c_reverse_num1,DLKcat,29.5269,58601.2884,1813.8993681237905
rxn08018_c_reverse_num1,DLKcat,29.5269,58601.2884,1813.8993681237905
rxn12638_c_num2,DLKcat,29.458,27962.3491,3792.556899305716
rxn12640_c_num2,DLKcat,29.458,27962.3491,3792.556899305716
rxn12634_c_num2,DLKcat,29.458,27962.3491,3792.556899305716
rxn12636_c_num2,DLKcat,29.458,27962.3491,3792.556899305716
rxn12645_c_num1,DLKcat,29.458,27962.3491,3792.556899305716
rxn01153_c_num2,DLKcat,29.1006,178989.7372,585.297021152339
rxn00189_c,DLKcat,29.1006,178989.7372,585.297021152339
rxn05239_c,DLKcat,29.0918,191045.9361,548.1952777324741
rxn07251_c_num1,DLKcat,28.9715,99144.1384,1051.9774712167955
rxn00499_c_reverse_num1,DLKcat,28.9384,137607.442,757.0683568116904
rxn05146_c,DLKcat,28.8062,112542.446,921.4507386839628
rxn00350_c,DLKcat,28.7947,68180.3256,1520.393443236945
rxn05952_c,DLKcat,28.7947,68180.3256,1520.393443236945
rxn00379_c,DLKcat,28.6479,191045.9361,539.8305878959757
rxn09240_c,DLKcat,28.6479,191045.9361,539.8305878959757
rxn03373_c,DLKcat,28.6479,191045.9361,539.8305878959757
rxn01851_c,DLKcat,28.3548,110179.1204,926.4666447636662
rxn05256_c,DLKcat,28.3236,191045.9361,533.7195968755285
rxn00786_c_reverse,DLKcat,28.2458,74279.1558,1368.955784497486
rxn00293_c_num1,DLKcat,28.1666,151318.9428,670.1061884500557
rxn01985_c_reverse,DLKcat,28.134,51982.3612,1948.399373593672
rxn12633_c_reverse_num2,DLKcat,27.7141,32614.4488,3059.096923937589
rxn12640_c_reverse_num1,DLKcat,27.7141,32614.4488,3059.096923937589
rxn12642_c_reverse_num1,DLKcat,27.7141,32614.4488,3059.096923937589
rxn12641_c_reverse_num2,DLKcat,27.7141,32614.4488,3059.096923937589
rxn01018_c,DLKcat,417,406723.1544,3690.9627193823712
rxn12633_c_num4,DLKcat,27.555,466900.9188,212.46049430562823
rxn03406_c_num2,DLKcat,27.3739,639429.8544,154.11548166212742
rxn00187_c_num2,DLKcat,999,639429.8544,5624.385497881752
rxn05306_c_reverse,DLKcat,27.3088,100343.3684,979.7526390393728
rxn05306_c,DLKcat,27.3088,100343.3684,979.7526390393728
rxn09320_c_reverse,DLKcat,27.2803,45069.2814,2179.069134215217
rxn00305_c,DLKcat,27.1779,66906.6963,1462.341520515339
rxn03969_c,DLKcat,27.1283,51130.0291,1910.0689305103483
rxn02128_c_reverse,DLKcat,27.11,72642.183,1343.5168929325814
rxn16798_c_num2,DLKcat,26.722,70404.5354,1366.377882524881
rxn05114_c,DLKcat,26.7066,41920.2454,2293.492299069413
rxn01884_c,DLKcat,26.6067,148891.04369999998,643.3168686290834
rxn01274_c_num1,DLKcat,26.5838,49816.1457,1921.0976412412413
rxn01683_c,DLKcat,26.5266,67099.1866,1423.202945354333
rxn12641_c_num4,DLKcat,26.5043,466900.9188,204.35916092268783
rxn00915_c_num2,DLKcat,26.2119,17774.197500000002,5308.978928584539
rxn01274_c_num2,DLKcat,25.8022,100425.798,924.9408204851906
rxn02090_c,DLKcat,25.7085,45565.7784,2031.142740228048
rxn07890_c,DLKcat,25.5842,252717.0509,364.4515463914825
rxn07889_c,DLKcat,25.5842,252717.0509,364.4515463914825
rxn03898_c_num2,DLKcat,25.5842,56321.0119,1635.3243113517285
rxn07896_c,DLKcat,25.5842,252717.0509,364.4515463914825
rxn07898_c,DLKcat,25.5842,252717.0509,364.4515463914825
rxn04969_c,DLKcat,25.5842,816082.2338999999,112.86009690450636
rxn07897_c,DLKcat,25.5842,252717.0509,364.4515463914825
Bio_rna_c,DLKcat,25.5483,509026.9146,180.685691388783
rxn00598_c_reverse,DLKcat,25.2587,42589.7369,2135.0524003824025
rxn01790_c_reverse,DLKcat,25.2568,189778.3242,479.108878125503
rxn01544_c_num2,DLKcat,25.2565,17774.197500000002,5115.471457994095
rxn00178_c_reverse_num1,DLKcat,25.2528,42589.7369,2134.5536886845616
rxn00058_c_num1,DLKcat,24.9427,39579.2282,2268.708210939798
rxn02004_c,DLKcat,24.9406,56208.8956,1597.3656667966982
rxn01153_c_num1,DLKcat,24.8886,21351.2511,4196.426690893069
rxn00874_c_reverse_num1,DLKcat,24.7586,42589.7369,2092.780244434898
rxn00346_c,DLKcat,24.7001,56587.8848,1571.3674457752484
rxn02729_c_num2,DLKcat,24.6738,51130.0291,1737.2507225895556
rxn01917_c,DLKcat,24.529,67216.48520000001,1313.731292810889
rxn00205_c,DLKcat,24.4897,17643.4961,4996.907614018743
rxn03087_c_reverse_num2,DLKcat,24.2849,237305.6586,368.4094197996508
rxn00085_c_reverse,DLKcat,24.2054,876161.6932,99.45588888021474
rxn12847_c_reverse_num1,DLKcat,24.0776,32614.4488,2657.698142671049
rxn12846_c_reverse_num2,DLKcat,24.064,32614.4488,2656.1969675231794
rxn06445_c,DLKcat,24.0347,128729.656,672.1444202414399
rxn00650_c_reverse_num1,DLKcat,24.0127,32614.4488,2650.534446560998
rxn12844_c_reverse_num2,DLKcat,24.0127,32614.4488,2650.534446560998
rxn08796_c_num2,DLKcat,23.8915,38000.5269,2263.37387969218
rxn01102_c_num3,DLKcat,23.7704,28011.678,3054.920165796565
rxn08647_c,DLKcat,23.7704,28011.678,3054.920165796565
rxn05501_c,DLKcat,23.7237,208543.6208,409.5321624913496
rxn00191_c_reverse,DLKcat,23.6773,48696.9957,1750.3806708141549
rxn12646_c_num4,DLKcat,23.4804,466900.9188,181.043636018649
rxn00506_c,DLKcat,23.3773,110179.1204,763.831474552233
rxn03248_c_reverse,DLKcat,23.3727,42589.7369,1975.6337118861136
rxn07251_c_num3,DLKcat,23.1505,50957.0814,1635.5293064331584
rxn01547_c,DLKcat,22.9994,111826.981,740.4102235398809
rxn08019_c_num1,DLKcat,22.9081,58601.2884,1407.2926082628587
rxn08017_c_num1,DLKcat,22.9081,58601.2884,1407.2926082628587
rxn08018_c_num1,DLKcat,22.9081,58601.2884,1407.2926082628587
rxn01843_c_reverse,DLKcat,22.838,58173.2534,1413.3092992870156
rxn00077_c,DLKcat,22.7776,68446.7972,1198.0014164928668
rxn01226_c_num1,DLKcat,22.6781,67099.1866,1216.7235422195115
rxn02465_c,DLKcat,22.5003,71738.773,1129.1115893493188
rxn00903_c_reverse,DLKcat,22.4687,40388.1114,2002.75074015964
rxn12646_c_reverse_num4,DLKcat,22.4639,466900.9188,173.20599883985494
rxn12639_c_reverse_num4,DLKcat,22.4639,466900.9188,173.20599883985494
rxn05975_c_reverse,DLKcat,22.4299,109121.2824,739.9806731010339
rxn08797_c_num2,DLKcat,22.4169,38000.5269,2123.6768693330937
rxn00806_c_reverse,DLKcat,22.3898,40388.1114,1995.7179775432628
rxn01807_c,DLKcat,22.3775,28011.678,2875.9076839309664
rxn01396_c,DLKcat,22.3775,28011.678,2875.9076839309664
rxn02895_c,DLKcat,22.3727,43544.6499,1849.635263688272
rxn12635_c_num4,DLKcat,22.3105,466900.9188,172.02322112885935
rxn01446_c_reverse,DLKcat,22.2949,51982.3612,1544.0168193052375
rxn03023_c,DLKcat,22.2868,138986.5856,577.2677964109942
rxn03932_c,DLKcat,22.2868,269005.014,298.256448112153
rxn02791_c_reverse,DLKcat,22.2798,68180.3256,1176.3991927900092
rxn00650_c_num1,DLKcat,22.2709,32614.4488,2458.2736471082108
rxn15053_c_num2,DLKcat,22.1916,51130.0291,1562.482193071938
rxn03598_c_num2,DLKcat,22.1916,51130.0291,1562.482193071938
rxn05853_c_num2,DLKcat,22.1916,51130.0291,1562.482193071938
rxn00790_c,DLKcat,22.1732,52776.2133,1512.490476462433
rxn01637_c_num1,DLKcat,22.123,82411.607,966.4027058712736
rxn00077_c_reverse,DLKcat,22.108,68446.7972,1162.7834063213113
rxn08820_c_reverse_num1,DLKcat,22.1029,38000.5269,2093.9299133770696
rxn08817_c_reverse_num1,DLKcat,22.1029,38000.5269,2093.9299133770696
rxn08823_c_reverse_num1,DLKcat,22.1029,38000.5269,2093.9299133770696
rxn08802_c_reverse_num1,DLKcat,22.1029,38000.5269,2093.9299133770696
rxn08821_c_reverse_num2,DLKcat,22.1029,38000.5269,2093.9299133770696
rxn08799_c_reverse_num1,DLKcat,22.1029,38000.5269,2093.9299133770696
rxn08822_c_reverse_num2,DLKcat,22.1029,38000.5269,2093.9299133770696
rxn08818_c_reverse_num2,DLKcat,22.1029,38000.5269,2093.9299133770696
rxn08800_c_reverse_num2,DLKcat,22.1029,38000.5269,2093.9299133770696
rxn12643_c_num4,DLKcat,22.0976,466900.9188,170.38167370597174
rxn02680_c_reverse,DLKcat,22.0357,42589.7369,1862.6205695109609
rxn04841_c_reverse,DLKcat,21.7812,17643.4961,4444.262041693652
rxn04840_c_reverse,DLKcat,21.7812,17643.4961,4444.262041693652
rxn05289_c_num2,DLKcat,21.7199,64163.65899999999,1218.6281334111577
rxn16213_c_num1,DLKcat,21.7199,64163.65899999999,1218.6281334111577
rxn01396_c_reverse,DLKcat,21.7189,28011.678,2791.265842767435
rxn01807_c_reverse,DLKcat,21.7189,28011.678,2791.265842767435
rxn00543_c_num2,DLKcat,21.7156,35159.6941,2223.4596176421223
rxn01275_c,DLKcat,21.549,76445.2732,1014.7965564468676
rxn10344_c_num1,DLKcat,21.453,79289.1728,974.0396736740832
rxn05516_c_num1,DLKcat,21.453,79289.1728,974.0396736740832
rxn10343_c_num4,DLKcat,21.453,79289.1728,974.0396736740832
rxn10481_c,DLKcat,21.453,833407.3775999998,92.6687260945601
rxn05854_c,DLKcat,21.3825,21325.7274,3609.583793141799
rxn14089_c_reverse_num1,DLKcat,21.2447,35159.6941,2175.244181092008
rxn14054_c_reverse_num2,DLKcat,21.2447,35159.6941,2175.244181092008
rxn05872_c_reverse_num2,DLKcat,21.2447,35159.6941,2175.244181092008
rxn05871_c_reverse_num2,DLKcat,21.2447,35159.6941,2175.244181092008
rxn04726_c_reverse_num2,DLKcat,21.2447,35159.6941,2175.244181092008
rxn11834_c_reverse_num2,DLKcat,21.2447,35159.6941,2175.244181092008
rxn04736_c_reverse_num2,DLKcat,21.2447,35159.6941,2175.244181092008
rxn11809_c_num1,DLKcat,21.2447,35159.6941,2175.244181092008
rxn03333_c_reverse_num1,DLKcat,21.2447,35159.6941,2175.244181092008
rxn03282_c_reverse_num2,DLKcat,21.2447,35159.6941,2175.244181092008
rxn01530_c_reverse_num2,DLKcat,21.2447,35159.6941,2175.244181092008
rxn04908_c_num1,DLKcat,21.2447,35159.6941,2175.244181092008
rxn00543_c_reverse_num2,DLKcat,21.2447,35159.6941,2175.244181092008
rxn12846_c_reverse_num4,DLKcat,21.1875,466900.9188,163.36442471785514
rxn12845_c_num1,DLKcat,21.1778,32614.4488,2337.6166945982545
rxn03147_c,DLKcat,21.0502,40599.99,1866.520656778487
rxn10770_c_num1,DLKcat,20.9806,35159.6941,2148.202990196095
rxn00196_c_num2,DLKcat,20.9731,52117.1934,1448.7188406427117
rxn08801_c_num1,DLKcat,20.938,38000.5269,1983.572496201362
rxn03243_c_reverse,DLKcat,20.9044,42589.7369,1766.994714635112
rxn00917_c,DLKcat,20.8987,27721.8095,2713.939723162732
rxn00676_c_reverse,DLKcat,20.8403,42589.7369,1761.576507883992
rxn02804_c_reverse,DLKcat,20.8403,42589.7369,1761.576507883992
rxn06510_c_reverse,DLKcat,20.8403,42589.7369,1761.576507883992
rxn00784_c_reverse,DLKcat,20.7951,22521.5526,3324.0319319725763
rxn16487_c,DLKcat,20.7335,30630.4272,2436.8122426970262
rxn01513_c,DLKcat,20.7292,44717.632,1668.8075075173929
rxn08766_c_reverse_num1,DLKcat,20.6683,58601.2884,1269.6969986755444
rxn01275_c_reverse,DLKcat,20.6424,76445.2732,972.102484421496
rxn12634_c_reverse_num1,DLKcat,20.5924,32614.4488,2272.999934924548
rxn05114_c_reverse,DLKcat,20.5905,41920.2454,1768.257778376459
rxn05349_c_reverse_num1,DLKcat,20.587,84876.67619999999,873.1868791063712
rxn02507_c_num2,DLKcat,20.5199,28238.8553,2615.957311839053
rxn12637_c_reverse_num2,DLKcat,20.4455,32614.4488,2256.785035717053
rxn00429_c,DLKcat,20.3431,110179.1204,664.6918194130002
rxn00653_c_reverse,DLKcat,20.3431,110179.1204,664.6918194130002
rxn02853_c,DLKcat,20.3431,110179.1204,664.6918194130002
rxn01731_c,DLKcat,20.2419,143904.3908,506.3837148741122
rxn00285_c,DLKcat,20.2419,143904.3908,506.3837148741122
rxn01731_c_reverse,DLKcat,20.188,143904.3908,505.0353196033265
rxn00285_c_reverse,DLKcat,999,143904.3908,24991.593237751298
rxn06649_c,DLKcat,20.1873,38354.4134,1894.8087992397768
rxn01858_c,DLKcat,20.1282,51982.3612,1393.963612410896
rxn12642_c_num1,DLKcat,20.1212,32614.4488,2220.988631271917
rxn00958_c,DLKcat,19.9309,163241.5395,439.5403291329533
rxn02128_c,DLKcat,19.9005,72642.183,986.228621460894
rxn00493_c_reverse,DLKcat,19.6999,72783.077,974.3973863594692
rxn09320_c,DLKcat,19.6082,45069.2814,1566.2446306499132
rxn06438_c,DLKcat,19.5696,106086.5278,664.0858312642409
rxn16596_c_reverse_num2,DLKcat,19.5607,48130.1252,1463.0861587702664
rxn03532_c,DLKcat,19.5411,26893.092,2615.837554119846
rxn08814_c_reverse_num2,DLKcat,19.4865,38000.5269,1846.0638765511435
rxn08846_c_reverse_num2,DLKcat,19.4865,38000.5269,1846.0638765511435
rxn08813_c_reverse_num2,DLKcat,19.4865,38000.5269,1846.0638765511435
rxn08812_c_reverse_num2,DLKcat,19.4865,38000.5269,1846.0638765511435
rxn08848_c_reverse_num2,DLKcat,19.4865,38000.5269,1846.0638765511435
rxn08851_c_reverse_num1,DLKcat,19.4865,38000.5269,1846.0638765511435
rxn08849_c_reverse_num1,DLKcat,19.4865,38000.5269,1846.0638765511435
rxn08811_c_reverse_num2,DLKcat,19.4865,38000.5269,1846.0638765511435
rxn08850_c_reverse_num2,DLKcat,19.4865,38000.5269,1846.0638765511435
rxn08816_c_reverse_num1,DLKcat,19.4865,38000.5269,1846.0638765511435
rxn08845_c_reverse_num2,DLKcat,19.4865,38000.5269,1846.0638765511435
rxn08810_c_reverse_num1,DLKcat,19.4865,38000.5269,1846.0638765511435
rxn08815_c_reverse_num1,DLKcat,19.4865,38000.5269,1846.0638765511435
rxn00501_c_num1,DLKcat,19.4422,214496.41,326.3081186300507
rxn15094_c,DLKcat,19.4422,223360.3019,313.3588171426088
rxn00671_c_num1,DLKcat,19.4422,214496.41,326.3081186300507
rxn07987_c,DLKcat,19.4329,118566.2902,590.0365093821582
rxn05342_c_reverse,DLKcat,19.4329,118566.2902,590.0365093821582
rxn07994_c,DLKcat,19.4329,118566.2902,590.0365093821582
rxn07991_c,DLKcat,19.4329,118566.2902,590.0365093821582
rxn07989_c,DLKcat,19.4329,118566.2902,590.0365093821582
rxn07992_c,DLKcat,19.4329,118566.2902,590.0365093821582
rxn07993_c,DLKcat,19.4329,118566.2902,590.0365093821582
rxn05337_c_reverse,DLKcat,19.4329,118566.2902,590.0365093821582
rxn05340_c_reverse,DLKcat,19.4329,118566.2902,590.0365093821582
rxn14157_c,DLKcat,19.3259,296370.41909999994,234.75095865260732
rxn01355_c,DLKcat,19.3259,296370.41909999994,234.75095865260732
rxn00623_c,DLKcat,19.254,125986.9008,550.1714825895615
rxn01513_c_reverse,DLKcat,19.1905,44717.632,1544.9342219194434
rxn15021_c,DLKcat,19.0744,85584.6714,802.3380691510138
rxn12847_c_num1,DLKcat,19.0159,32614.4488,2098.9850363499013
rxn04135_c,DLKcat,18.9171,26893.092,2532.306809495911
rxn12636_c_reverse_num4,DLKcat,18.8318,466900.9188,145.20099933459375
rxn12635_c_reverse_num4,DLKcat,18.8318,466900.9188,145.20099933459375
rxn08844_c_reverse_num1,DLKcat,18.6877,38000.5269,1770.389136367475
rxn08805_c_reverse_num2,DLKcat,18.6877,38000.5269,1770.389136367475
rxn08839_c_reverse_num2,DLKcat,18.6877,38000.5269,1770.389136367475
rxn08838_c_reverse_num2,DLKcat,18.6877,38000.5269,1770.389136367475
rxn08804_c_reverse_num1,DLKcat,18.6877,38000.5269,1770.389136367475
rxn08807_c_reverse_num2,DLKcat,18.6877,38000.5269,1770.389136367475
rxn08803_c_reverse_num2,DLKcat,18.6877,38000.5269,1770.389136367475
rxn08843_c_reverse_num1,DLKcat,18.6877,38000.5269,1770.389136367475
rxn08842_c_reverse_num1,DLKcat,18.6877,38000.5269,1770.389136367475
rxn08809_c_reverse_num2,DLKcat,18.6877,38000.5269,1770.389136367475
rxn08841_c_reverse_num1,DLKcat,18.6877,38000.5269,1770.389136367475
rxn08806_c_reverse_num1,DLKcat,18.6877,38000.5269,1770.389136367475
rxn00303_c_reverse_num1,DLKcat,18.6252,168892.4742,397.0024142141438
rxn00758_c_num2,DLKcat,18.6188,25372.7846,2641.7155647945715
rxn05628_c_reverse,DLKcat,18.5261,25425.0792,2623.156430521561
rxn05628_c,DLKcat,18.5261,25425.0792,2623.156430521561
rxn02961_c,DLKcat,18.5238,98318.1092,678.2644676816059
rxn01479_c,DLKcat,18.5238,98318.1092,678.2644676816059
rxn12637_c_num4,DLKcat,18.4907,466900.9188,142.57097666692363
rxn00931_c,DLKcat,18.2447,56483.6972,1162.8296881387575
rxn14090_c,DLKcat,18.1968,33108.995500000005,1978.570446210003
rxn03062_c_reverse,DLKcat,18.0889,72316.4028,900.4878212775262
rxn01268_c,DLKcat,18.0144,36303.6259,1786.3736305193693
rxn05874_c_num2,DLKcat,17.9928,42205.3128,1534.7375887710514
rxn01843_c,DLKcat,17.9696,58173.2534,1112.0326992060582
rxn04841_c,DLKcat,17.9518,17643.4961,3662.906695686009
rxn04840_c,DLKcat,17.9324,17643.4961,3658.9482965340417
rxn01053_c,DLKcat,17.9239,54673.1102,1180.2152788446997
rxn08667_c,DLKcat,17.8914,86447.28769999999,745.0672162615463
rxn03910_c_reverse,DLKcat,17.8053,49834.818,1286.2308436643632
rxn00980_c,DLKcat,17.7966,24793.5752,2584.046854202777
rxn01539_c_num2,DLKcat,17.7484,56817.4491,1124.5531260571852
rxn00874_c_num2,DLKcat,17.7268,21070.3243,3028.737436186495
rxn05561_c,DLKcat,17.5678,24139.5596,2619.9351209373344
rxn08820_c_num1,DLKcat,17.4887,38000.5269,1656.801237669155
rxn12847_c_reverse_num4,DLKcat,17.3792,466900.9188,134.00085003216748
rxn08822_c_num2,DLKcat,17.3747,38000.5269,1646.0013874176047
rxnmqac_c,DLKcat,17.3596,123927.3802,504.2837176025448
rxn06443_c,DLKcat,17.2175,67619.2804,916.646844410962
rxn05647_c,DLKcat,17.1201,208543.6208,295.5370188911576
rxn03982_c_reverse,DLKcat,17.0583,100344.6088,611.9898291934942
rxn08180_c,DLKcat,17.0564,73711.69959999999,833.0162014063776
rxn16206_c_reverse_num3,DLKcat,17.0481,43894.4316,1398.1992194198956
rxn16574_c,DLKcat,16.9153,20099.6316,3029.6614988704564
rxn16206_c_num3,DLKcat,16.8823,43894.4316,1384.6011392479224
rxn12846_c_num2,DLKcat,16.7992,32614.4488,1854.3045252998415
rxn10060_c,DLKcat,16.7044,68446.7972,878.5778511196722
rxn06297_c_reverse_num1,DLKcat,16.6391,34193.4353,1751.8204729783322
rxn01119_c_reverse,DLKcat,16.5838,108124.2154,552.1582725861796
rxn05108_c,DLKcat,16.5644,42440.0845,1405.0829705581762
rxn12845_c_reverse_num1,DLKcat,16.5152,32614.4488,1822.9564560355227
rxn02362_c,DLKcat,16.4876,49834.818,1191.041973906677
rxn08841_c_num1,DLKcat,16.3307,38000.5269,1547.0974956402515
rxn10060_c_reverse,DLKcat,16.3069,68446.7972,857.6711022499092
rxn12642_c_reverse_num4,DLKcat,16.2899,466900.9188,125.60189461764666
rxn12633_c_reverse_num4,DLKcat,16.2899,466900.9188,125.60189461764666
rxn12641_c_reverse_num4,DLKcat,16.2899,466900.9188,125.60189461764666
rxn12640_c_reverse_num4,DLKcat,16.2899,466900.9188,125.60189461764666
rxn16478_c_reverse,DLKcat,16.0865,91249.556,634.6485674954955
rxn00303_c_num1,DLKcat,16.0826,168892.4742,342.8060384232325
rxn08843_c_num1,DLKcat,16.0639,38000.5269,1521.8220566304833
rxn12645_c_reverse_num2,DLKcat,16.0307,32614.4488,1769.477091392696
rxn06446_c,DLKcat,15.9165,92998.2492,616.1341798679796
rxn05465_c_reverse_num2,DLKcat,15.7968,34460.744,1650.2394724849817
rxn02003_c,DLKcat,15.6115,49271.3902,1140.649772045604
rxn16478_c,DLKcat,15.5082,91249.556,611.8333331945199
rxn00791_c,DLKcat,15.5028,73209.2772,762.3361701486652
rxn00879_c_reverse_num3,DLKcat,15.4857,144765.5484,385.09521509884325
rxn00420_c,DLKcat,15.4074,45101.6841,1229.8130570250703
rxn10484_c_reverse,DLKcat,15.3897,70425.9966,786.6827971874238
rxn00543_c_num1,DLKcat,15.3413,73670.9684,749.6668117640761
rxn05990_c,DLKcat,15.3261,185087.6623,298.09636857680493
rxn15315_c,DLKcat,15.3261,185087.6623,298.09636857680493
rxn06217_c,DLKcat,15.3261,185087.6623,298.09636857680493
rxn06218_c,DLKcat,15.3261,185087.6623,298.09636857680493
rxn10770_c_num2,DLKcat,15.3238,73670.9684,748.8116580804984
rxn02285_c,DLKcat,15.3053,38998.8035,1412.8402682918206
rxn11766_c,DLKcat,15.2469,22046.8813,2489.641925000976
rxn01608_c,DLKcat,15.1364,73670.9684,739.6541837775001
rxn05872_c_reverse_num1,DLKcat,15.1325,73670.9684,739.4636066708742
rxn04726_c_reverse_num1,DLKcat,15.1325,73670.9684,739.4636066708742
rxn00543_c_reverse_num1,DLKcat,15.1325,73670.9684,739.4636066708742
rxn04908_c_num2,DLKcat,15.1325,73670.9684,739.4636066708742
rxn14089_c_reverse_num2,DLKcat,15.1325,73670.9684,739.4636066708742
rxn05871_c_reverse_num1,DLKcat,15.1325,73670.9684,739.4636066708742
rxn14054_c_reverse_num1,DLKcat,15.1325,73670.9684,739.4636066708742
rxn03282_c_reverse_num1,DLKcat,15.1325,73670.9684,739.4636066708742
rxn11834_c_reverse_num1,DLKcat,15.1325,73670.9684,739.4636066708742
rxn03333_c_reverse_num2,DLKcat,15.1325,73670.9684,739.4636066708742
rxn11809_c_num2,DLKcat,15.1325,73670.9684,739.4636066708742
rxn01530_c_reverse_num1,DLKcat,15.1325,73670.9684,739.4636066708742
rxn02066_c_reverse,DLKcat,15.1325,73670.9684,739.4636066708742
rxn04736_c_reverse_num1,DLKcat,15.1325,73670.9684,739.4636066708742
rxn00105_c_num2,DLKcat,15.0735,98318.1092,551.92884038905
rxn02155_c_num1,DLKcat,15.0735,98318.1092,551.92884038905
rxn05183_c,DLKcat,15.0323,95024.5568,569.4978416358159
rxn01520_c,DLKcat,14.9735,60459.1626,891.5869436802288
rxn01539_c_reverse_num2,DLKcat,14.8768,56817.4491,942.606203698786
rxn02320_c,DLKcat,14.8401,79863.607,668.9449926798322
rxn06447_c,DLKcat,14.8302,153319.8772,348.217863039092
rxn12147_c,DLKcat,14.7169,68648.6274,771.7683806158666
rxn00650_c_num4,DLKcat,14.5639,466900.9188,112.29371776511483
rxn06060_c_num1,DLKcat,14.4648,39031.9083,1334.1207813813191
rxn00927_c_reverse_num2,DLKcat,14.4064,33259.3534,1559.352022760611
rxn15996_c,DLKcat,14.3927,324404.143,159.7196617800285
rxn00588_c,DLKcat,14.3927,324404.143,159.7196617800285
rxn07903_c,DLKcat,14.3927,324404.143,159.7196617800285
rxn04654_c,DLKcat,14.3927,324404.143,159.7196617800285
rxn04648_c,DLKcat,14.3927,324404.143,159.7196617800285
rxn07902_c,DLKcat,14.3927,324404.143,159.7196617800285
rxn03611_c,DLKcat,14.3927,324404.143,159.7196617800285
rxn02969_c,DLKcat,14.3927,324404.143,159.7196617800285
rxn16596_c_num2,DLKcat,14.3261,48130.1252,1071.5525834534917
rxn15833_c_reverse,DLKcat,14.314,33653.5719,1531.2015067262444
rxn08345_c,DLKcat,14.314,33653.5719,1531.2015067262444
rxn12239_c_reverse,DLKcat,14.2753,25685.6932,2000.7667147562129
rxn12844_c_reverse_num4,DLKcat,14.2501,466900.9188,109.87418943584224
rxn00650_c_reverse_num4,DLKcat,14.2501,466900.9188,109.87418943584224
rxn08547_c_reverse_num2,DLKcat,14.2441,34460.744,1488.0340366418088
rxn00838_c,DLKcat,14.2375,93308.7734,549.305259648821
rxn02262_c_reverse_num1,DLKcat,14.2259,67862.3764,754.6632275023013
rxn16596_c_reverse_num1,DLKcat,14.2042,19531.8538,2618.0372085316344
rxn02106_c_num1,DLKcat,14.1995,52117.1934,980.8317882290264
rxn00612_c_num2,DLKcat,14.1807,61521.9059,829.7941888045442
rxn02286_c,DLKcat,14.1659,96996.659,525.7628512751146
rxn00646_c_num2,DLKcat,14.148,84876.67619999999,600.0800488462106
rxn01479_c_reverse,DLKcat,14.1024,98318.1092,516.3711997016313
rxn06429_c_num2,DLKcat,14.069,58146.50720000001,871.048020576548
rxn11156_c_num2,DLKcat,14.069,58146.50720000001,871.048020576548
rxn16149_c_reverse,DLKcat,13.9737,22119.8464,2274.216515355188
rxn03990_c,DLKcat,13.8358,83805.7456,594.3372932654871
rxn03490_c,DLKcat,13.8358,83805.7456,594.3372932654871
rxnCRTNtpp_c,DLKcat,13.8046,99976.882,497.0805150734748
rxn02303_c,DLKcat,13.7938,41161.6186,1206.4073690241132
rxn12637_c_reverse_num4,DLKcat,13.699,466900.9188,105.62497954972967
rxn12845_c_num4,DLKcat,13.6911,466900.9188,105.56406726865497
rxn08547_c_num2,DLKcat,13.6841,34460.744,1429.532687976789
rxn04181_c,DLKcat,13.6681,66710.64050000001,737.5908795239343
rxn08194_c,DLKcat,13.6425,42003.2176,1169.267565825719
rxn03535_c,DLKcat,13.6425,42003.2176,1169.267565825719
rxn12642_c_num4,DLKcat,13.5458,466900.9188,104.44374392179928
rxn16574_c_reverse,DLKcat,13.5426,20099.6316,2425.584755493728
rxn12634_c_reverse_num4,DLKcat,13.4343,466900.9188,103.5840326129596
rxn02314_c_num1,DLKcat,13.4031,67862.3764,711.0148886563308
rxn02009_c,DLKcat,13.3963,108496.2842,444.50075277324567
rxn08675_c,DLKcat,13.3599,405900.3323,118.49125554411376
rxn00615_c,DLKcat,13.2383,56124.5441,849.1450712737283
rxn00058_c_num2,DLKcat,13.2176,65093.4594,731.0006326073368
rxn12844_c_num4,DLKcat,13.0798,466900.9188,100.8506903799222
rxn00879_c_reverse_num2,DLKcat,12.9986,173115.52879999997,270.310585794196
rxn00780_c_num2,DLKcat,12.995,12681.4952,3688.997177556792
rxn00612_c_reverse_num2,DLKcat,12.9458,61521.9059,757.533098466639
rxn08565_c,DLKcat,12.9104,276038.6665,168.3729333622179
rxn02703_c,DLKcat,12.9012,72642.183,639.3574378126824
rxn03047_c,DLKcat,12.8767,72642.183,638.1432672528576
rxn12510_c,DLKcat,12.8767,72642.183,638.1432672528576
rxn02914_c_reverse,DLKcat,12.8133,39942.5499,1154.8556643350405
rxn01302_c_reverse,DLKcat,12.8001,92875.676,496.1510051350797
rxn08098_c_num1,DLKcat,12.7474,67513.18479999999,679.7285617016249
rxn07056_c,DLKcat,12.7359,545649.6904000001,84.02687806235032
rxn00390_c,DLKcat,12.7359,80544.7368,569.2394291863899
rxn00938_c,DLKcat,12.7359,80544.7368,569.2394291863899
rxn00711_c,DLKcat,12.7218,296293.66980000003,154.57124018516575
rxn06060_c_num2,DLKcat,12.6361,42097.689600000005,1080.580916250568
rxn07595_c_reverse,DLKcat,12.6001,76508.1878,592.8824261081244
rxn06904_c_reverse,DLKcat,12.6001,76508.1878,592.8824261081244
rxn02141_c,DLKcat,12.6001,76508.1878,592.8824261081244
rxn00137_c,DLKcat,12.5945,54562.7254,830.9738867992836
rxn02369_c_reverse,DLKcat,12.5599,38097.8313,1186.8297605695998
rxn05824_c,DLKcat,12.4829,37034.7588,1213.41251991629
rxn01919_c,DLKcat,12.4734,41430.804,1083.837040671477
rxn06280_c,DLKcat,12.451,92769.1052,483.1737883357314
rxn05638_c,DLKcat,12.425,108765.9992,411.24984212897294
rxn05494_c,DLKcat,12.4157,97280.4534,459.460440796013
rxn00527_c,DLKcat,12.4149,72783.077,614.0663715000672
rxn00493_c,DLKcat,12.4149,72783.077,614.0663715000672
rxn05615_c,DLKcat,12.2731,77493.7398,570.1513453090568
rxn02703_c_reverse,DLKcat,12.2635,72642.183,607.754312669816
rxn02262_c_num1,DLKcat,12.2083,67862.3764,647.63249286979
rxn02262_c_reverse_num2,DLKcat,12.1166,68298.8088,638.6606262450656
rxn12676_c_reverse,DLKcat,12.0036,255671.0004,169.01783906814956
rxn05593_c_num1,DLKcat,11.9722,212560.606,202.7653233167768
rxn02277_c,DLKcat,11.9613,47779.9584,901.2289135856594
rxn15594_c,DLKcat,11.9377,90486.9156,474.9385003902156
rxn05349_c_num1,DLKcat,11.9085,84876.67619999999,505.0928231329587
rxn05465_c_num2,DLKcat,11.8439,34460.744,1237.2930775957711
rxn00879_c_reverse_num1,DLKcat,11.7947,72448.87139999999,586.0811794509199
rxn05516_c_num4,DLKcat,11.702,304425.2964,138.38271818465083
rxn10344_c_num4,DLKcat,11.702,304425.2964,138.38271818465083
rxn10343_c_num2,DLKcat,11.702,304425.2964,138.38271818465083
rxn12847_c_num4,DLKcat,11.683,466900.9188,90.08078225268208
rxn12638_c_num4,DLKcat,11.6635,466900.9188,89.93042915382674
rxn12645_c_num4,DLKcat,11.6635,466900.9188,89.93042915382674
rxn12636_c_num4,DLKcat,11.6635,466900.9188,89.93042915382674
rxn12634_c_num4,DLKcat,11.6635,466900.9188,89.93042915382674
rxn12640_c_num4,DLKcat,11.6635,466900.9188,89.93042915382674
rxn12846_c_num4,DLKcat,11.6635,466900.9188,89.93042915382674
rxn04996_c,DLKcat,11.6379,142408.024,294.199995359812
rxn04113_c,DLKcat,11.6379,142408.024,294.199995359812
rxn00555_c,DLKcat,11.6285,134522.8456,311.19323868956286
rxn00303_c_reverse_num2,DLKcat,11.6146,28376.3094,1473.5023998575375
rxn01575_c_reverse,DLKcat,11.5939,40388.1114,1033.4239099875315
rxnmqDlac_c_num2,DLKcat,11.5667,63732.195,653.3608327784725
rxn12845_c_reverse_num4,DLKcat,11.5615,466900.9188,89.14396679058324
rxn01790_c,DLKcat,11.5434,189778.3242,218.97253111058927
rxn06441_c,DLKcat,11.5411,106800.3497,389.02456889614473
rxn01273_c,DLKcat,11.5347,109121.2824,380.53914952891
rxn01021_c_reverse,DLKcat,11.5081,38845.3702,1066.5147425985915
rxn00143_c_reverse,DLKcat,11.5081,38845.3702,1066.5147425985915
rxn00874_c_num1,DLKcat,11.4844,42589.7369,970.746546217805
rxn06510_c,DLKcat,11.4844,42589.7369,970.746546217805
rxn03243_c,DLKcat,11.4844,42589.7369,970.746546217805
rxn00598_c,DLKcat,11.4844,42589.7369,970.746546217805
rxn03248_c,DLKcat,11.4844,42589.7369,970.746546217805
rxn02680_c,DLKcat,11.4844,42589.7369,970.746546217805
rxn02804_c,DLKcat,11.4844,42589.7369,970.746546217805
rxn00676_c,DLKcat,11.4844,42589.7369,970.746546217805
rxn05740_c_num2,DLKcat,11.4733,90486.9156,456.4624589767761
rxn05170_c,DLKcat,11.4549,289656.4821,142.3673991378631
rxn03035_c,DLKcat,11.4548,54562.7254,755.7774964078316
rxn05120_c,DLKcat,11.3944,34729.063899999994,1181.1386600604576
rxn06723_c_num2,DLKcat,11.364,34460.744,1187.1595111237298
rxn05579_c_num1,DLKcat,11.3508,192745.8675,212.0039227300165
rxn05289_c_reverse_num2,DLKcat,11.3476,64163.65899999999,636.6744140947449
rxn11571_c_num1,DLKcat,11.3476,64163.65899999999,636.6744140947449
rxn00555_c_reverse,DLKcat,11.2708,134522.8456,301.62073823986964
rxn01362_c_num2,DLKcat,11.266,52776.2133,768.4825694002567
rxn02314_c_num2,DLKcat,11.266,68298.8088,593.8258765063557
rxn11759_c,DLKcat,11.266,52776.2133,768.4825694002567
rxn01102_c_num1,DLKcat,11.2215,12681.4952,3185.5391941480216
rxn07899_c,DLKcat,11.2206,290765.51900000003,138.92348769181254
rxn03446_c,DLKcat,11.1093,52990.720700000005,754.7261005642445
rxn11838_c_num1,DLKcat,11.0958,35159.6941,1136.0986215178705
rxn08194_c_reverse,DLKcat,11.0451,42003.2176,946.6503347115008
rxn03535_c_reverse,DLKcat,11.0451,42003.2176,946.6503347115008
rxn03691_c_reverse,DLKcat,10.9514,402985.509,97.83240121420842
rxn05910_c_num2,DLKcat,10.8855,68510.26060000001,571.9989919291008
rxn12240_c_reverse,DLKcat,10.8764,152563.2762,256.6478708065395
rxn09310_c,DLKcat,10.7975,226840.349,171.35840326184652
rxn03060_c_reverse_num2,DLKcat,10.7961,98544.8834,394.3985589007252
rxn00808_c,DLKcat,10.7948,289656.4821,134.1633362328265
rxn10571_c,DLKcat,10.7614,213310.7731,181.61783128430284
rxn03982_c,DLKcat,10.7551,100344.6088,385.8539134590756
rxn07312_c,DLKcat,10.7429,60459.1626,639.6787242302955
rxn03063_c,DLKcat,10.7429,60459.1626,639.6787242302955
rxn08098_c_num2,DLKcat,10.7035,57642.5394,668.4750602781389
rxn05484_c,DLKcat,10.6694,21850.4849,1757.848403629706
rxn03031_c_num1,DLKcat,10.6629,93509.48189999998,410.5085304723521
rxn02262_c_num2,DLKcat,10.6375,68298.8088,560.6979195221337
rxn00350_c_reverse,DLKcat,10.6313,68180.3256,561.3449285140991
rxn05952_c_reverse,DLKcat,10.6313,68180.3256,561.3449285140991
rxn00303_c_num2,DLKcat,10.6286,28376.3094,1348.4121370624753
rxn12641_c_num5,DLKcat,10.6196,192701.518,198.3926250129488
rxn16583_c_num2,DLKcat,10.6154,44164.4406,865.2988576515557
rxn16085_c_reverse,DLKcat,10.5686,76508.1878,497.2926570873504
rxn16086_c,DLKcat,10.5686,76508.1878,497.2926570873504
rxn40890_c_reverse,DLKcat,10.5616,213310.7731,178.2458496935615
rxn05174_c,DLKcat,10.5562,213310.7731,178.1547150559739
rxn05150_c,DLKcat,10.5562,319211.4107,119.05063141904785
rxn40890_c,DLKcat,10.5562,213310.7731,178.1547150559739
rxn05465_c_reverse_num4,DLKcat,10.5538,119591.5068,317.69547032749654
rxn00808_c_reverse,DLKcat,10.4615,289656.4821,130.02091210580227
rxn02362_c_reverse,DLKcat,10.412,49834.818,752.1488289572966
rxn01416_c_reverse_num1,DLKcat,10.4101,66062.8058,567.2838073734979
rxn03333_c_num1,DLKcat,10.4056,35159.6941,1065.429064697124
rxn11809_c_reverse_num1,DLKcat,10.4056,35159.6941,1065.429064697124
rxn01530_c_num2,DLKcat,10.4056,35159.6941,1065.429064697124
rxn03282_c_num2,DLKcat,10.4056,35159.6941,1065.429064697124
rxn14089_c_num1,DLKcat,10.4056,35159.6941,1065.429064697124
rxn11834_c_num2,DLKcat,10.4056,35159.6941,1065.429064697124
rxn14054_c_num2,DLKcat,10.4056,35159.6941,1065.429064697124
rxn05872_c_num2,DLKcat,10.4056,35159.6941,1065.429064697124
rxn05871_c_num2,DLKcat,10.4056,35159.6941,1065.429064697124
rxn04736_c_num2,DLKcat,10.4056,35159.6941,1065.429064697124
rxn04726_c_num2,DLKcat,10.4056,35159.6941,1065.429064697124
rxn04908_c_reverse_num1,DLKcat,10.4056,35159.6941,1065.429064697124
rxn01644_c,DLKcat,10.376,124869.3956,299.1413534158245
rxn07585_c,DLKcat,10.3595,38726.0628,963.0258617460076
rxn07584_c_reverse,DLKcat,10.3595,38726.0628,963.0258617460076
rxn00834_c_reverse,DLKcat,10.3584,372683.63600000006,100.05869965269952
rxn15991_c,DLKcat,10.3178,38867.74189999999,955.6531505114272
rxn02021_c,DLKcat,10.3044,49082.2214,755.789753232318
rxn05219_c,DLKcat,10.2571,55921.642,660.3089372804898
rxn00500_c_num3,DLKcat,10.184,63732.195,575.2571365226005
rxn00879_c_num3,DLKcat,10.1754,144765.5484,253.0397626014174
rxn01069_c,DLKcat,10.0676,52990.720700000005,683.9567290504882
rxn01653_c,DLKcat,10.0437,20533.2438,1760.916119838795
rxn00360_c_reverse_num1,DLKcat,10.0054,54562.7254,660.1473759959945
rxn00360_c_num1,DLKcat,10.0041,54562.7254,660.0616031544492
rxn03060_c_reverse_num1,DLKcat,9.9625,54982.21429999999,652.301848090538
rxn01871_c_reverse,DLKcat,9.9367,1687743.6407999997,21.19523317122014
rxncat_c,DLKcat,9.9341,54417.437,657.1930243609231
rxn01492_c_num2,DLKcat,9.9142,68298.8088,522.5730964725111
rxn00770_c_reverse,DLKcat,9.9112,213301.1478,167.27673698903556
rxn06729_c_num2,DLKcat,9.9082,34460.744,1035.0768979334866
rxn01754_c_reverse,DLKcat,9.8946,56124.5441,634.669921532601
rxn00834_c,DLKcat,9.8611,372683.63600000006,95.2549470135576
rxn00670_c_reverse,DLKcat,9.8471,98184.5212,361.0503933485597
rxn11892_c_reverse,DLKcat,9.8471,98184.5212,361.0503933485597
rxn05975_c,DLKcat,9.8444,109121.2824,324.77477555743985
rxn09692_c,DLKcat,9.8377,134805.5756,262.71702666873966
rxn02159_c_reverse,DLKcat,9.8123,93509.4836,377.76147017456094
rxn45856_c_reverse,DLKcat,9.8007,132219.83099999998,266.84741413714266
rxn07584_c,DLKcat,9.7961,38726.0628,910.6518310970667
rxn15699_c,DLKcat,9.7961,38726.0628,910.6518310970667
rxn06444_c,DLKcat,9.6714,257600.2478,135.15918675292517
rxn01754_c,DLKcat,9.648,56124.5441,618.8522429351901
rxn02929_c_reverse,DLKcat,9.6313,104040.3916,333.2617214024404
rxn01416_c_reverse_num4,DLKcat,9.6236,29874.3016,1159.6910436225896
rxn45856_c,DLKcat,9.6234,132219.83099999998,262.0199991028577
rxn01184_c,DLKcat,9.6035,23132.0399,1494.5763602975628
rxn12639_c_num6,DLKcat,9.5745,192701.518,178.86833667807434
rxn00772_c_num1,DLKcat,9.5729,61310.359800000006,562.0981529454341
rxn00623_c_reverse,DLKcat,9.5692,125986.9008,273.43414101984166
rxn01101_c_reverse,DLKcat,9.543,55330.9524,620.8965960253378
rxn08547_c_num4,DLKcat,9.4947,119591.5068,285.8139420984367
rxn00293_c_reverse_num1,DLKcat,9.3665,151318.9428,222.83660839850916
rxn01213_c_num1,DLKcat,9.3484,34193.4353,984.2310286969032
rxn08547_c_reverse_num4,DLKcat,9.333,119591.5068,280.9463723555994
rxn05613_c,DLKcat,9.2363,55921.642,594.5941286917148
rxn03075_c,DLKcat,9.1803,26983.2133,1224.8014953800923
rxn12633_c_num5,DLKcat,9.1612,192701.518,171.14717280016444
rxn00105_c_reverse_num2,DLKcat,9.1604,98318.1092,335.41572624140736
rxn02934_c_reverse,DLKcat,9.1588,221536.9394,148.8315225862509
rxn02199_c_reverse,DLKcat,9.0872,77671.865,421.18108017620017
rxn12676_c,DLKcat,9.072,255671.0004,127.7391645861452
rxn05155_c,DLKcat,9.0296,138425.54570000002,234.8306436909354
rxn05108_c_reverse,DLKcat,8.9989,42440.0845,763.3358976936063
rxn03087_c_num1,DLKcat,8.9989,42440.0845,763.3358976936063
rxn00879_c_num1,DLKcat,8.9611,72448.87139999999,445.2789860850753
rxn04908_c_reverse_num2,DLKcat,8.958,73670.9684,437.74095414225616
rxn14089_c_num2,DLKcat,8.958,73670.9684,437.74095414225616
rxn11809_c_reverse_num2,DLKcat,8.958,73670.9684,437.74095414225616
rxn02066_c,DLKcat,8.958,73670.9684,437.74095414225616
rxn04736_c_num1,DLKcat,8.958,73670.9684,437.74095414225616
rxn01530_c_num1,DLKcat,8.958,73670.9684,437.74095414225616
rxn11838_c_num2,DLKcat,8.958,73670.9684,437.74095414225616
rxn14054_c_num1,DLKcat,8.958,73670.9684,437.74095414225616
rxn03282_c_num1,DLKcat,8.958,73670.9684,437.74095414225616
rxn03333_c_num2,DLKcat,8.958,73670.9684,437.74095414225616
rxn05871_c_num1,DLKcat,8.958,73670.9684,437.74095414225616
rxn11834_c_num1,DLKcat,8.958,73670.9684,437.74095414225616
rxn05872_c_num1,DLKcat,8.958,73670.9684,437.74095414225616
rxn04726_c_num1,DLKcat,8.958,73670.9684,437.74095414225616
rxn00430_c,DLKcat,8.958,73670.9684,437.74095414225616
rxn05158_c,DLKcat,8.9537,276038.6665,116.77103214813567
rxn05175_c,DLKcat,8.8899,229276.1117,139.58558422290272
rxn05221_c,DLKcat,8.8124,113231.44079999998,280.1751861131489
rxn12645_c_reverse_num4,DLKcat,8.8043,466900.9188,67.88480965396636
rxn03062_c,DLKcat,8.7689,72316.4028,436.5266907330186
rxn03063_c_reverse,DLKcat,8.7534,60459.1626,521.2152905339776
rxn16149_c,DLKcat,8.7335,22119.8464,1421.375150236125
rxn06600_c,DLKcat,8.7296,22068.8241,1424.0251251085006
rxn07204_c_num2,DLKcat,8.6482,41598.045,748.4370960221808
rxn00085_c,DLKcat,8.6398,876161.6932,35.49947485880338
rxn01987_c_reverse_num2,DLKcat,8.6332,61310.359800000006,506.9211810432076
rxn00670_c,DLKcat,8.6175,98184.5212,315.9663012136785
rxn02503_c_reverse,DLKcat,8.5397,36060.270800000006,852.542682513632
rxn00096_c,DLKcat,8.5302,23132.0399,1327.5405080033604
rxn01021_c,DLKcat,8.5145,38845.3702,789.082452868476
rxn07261_c,DLKcat,8.5031,78475.49560000001,390.0728471474603
rxn07100_c_reverse,DLKcat,8.5031,78475.49560000001,390.0728471474603
rxn01987_c_num2,DLKcat,8.4987,61310.359800000006,499.02365766250153
rxn01635_c,DLKcat,8.4117,103020.6909,293.9421172140479
rxn02835_c,DLKcat,8.2914,26052.9278,1145.7077004604448
rxn03004_c,DLKcat,8.2806,22068.8241,1350.781530765837
rxn03423_c_num1,DLKcat,8.264,52117.1934,570.8365715641164
rxn02483_c,DLKcat,8.2305,13611.1048,2176.8842746696064
rxn05151_c,DLKcat,8.211,161317.37939999998,183.23878127665648
rxn12846_c_reverse_num5,DLKcat,8.1713,192701.518,152.65411661157748
rxn07841_c,DLKcat,8.1466,29520.0908,993.484749037425
rxn00552_c,DLKcat,8.1338,27234.1843,1075.1810914344148
rxn06936_c,DLKcat,8.13,133305.95899999997,219.55507630382832
rxnmqfadh2_c_reverse_num1,DLKcat,8.1262,45714.5417,639.9346665658469
rxn02200_c,DLKcat,8.042,29520.0908,980.7286907125638
rxn02201_c,DLKcat,8.042,29520.0908,980.7286907125638
rxn08561_c,DLKcat,8.0175,276038.6665,104.56143831574408
rxn01139_c,DLKcat,7.9643,72016.3189,398.124764469182
rxn07842_c,DLKcat,7.9564,29520.0908,970.2896984314152
rxn01951_c,DLKcat,7.9381,31165.1406,916.9591232327058
rxn08559_c,DLKcat,7.9327,276038.6665,103.4555062958906
rxn08563_c,DLKcat,7.9327,276038.6665,103.4555062958906
rxn00881_c,DLKcat,7.9188,29794.2341,956.818688620024
rxn00882_c,DLKcat,7.9188,29794.2341,956.818688620024
rxn00883_c,DLKcat,7.9188,29794.2341,956.818688620024
rxn00770_c,DLKcat,311,213301.1478,5248.916902452786
rxn08669_c_num2,DLKcat,7.8874,25372.7846,1119.0982955808486
rxn03898_c_num1,DLKcat,7.8728,196396.039,144.3108534383425
rxn02228_c_reverse_num2,DLKcat,7.8613,45808.1317,617.8090865033031
rxn00741_c_num2,DLKcat,7.86,137607.442,205.62841361443228
rxn00500_c_num1,DLKcat,7.86,137607.442,205.62841361443228
rxn00499_c_num1,DLKcat,7.86,137607.442,205.62841361443228
rxn02228_c_num1,DLKcat,7.86,137607.442,205.62841361443228
rxn00132_c,DLKcat,7.8565,72016.3189,392.7359858433419
rxn06723_c_num4,DLKcat,7.8391,119591.5068,235.9762892459852
rxn03094_c,DLKcat,7.8353,24146.4801,1168.165292961271
rxn03095_c,DLKcat,7.8353,24146.4801,1168.165292961271
rxn02796_c,DLKcat,7.8353,24146.4801,1168.165292961271
rxn02795_c,DLKcat,7.8353,24146.4801,1168.165292961271
rxn04068_c,DLKcat,7.8353,24146.4801,1168.165292961271
rxn02015_c,DLKcat,7.8353,24146.4801,1168.165292961271
rxn12844_c_num2,DLKcat,7.7972,32614.4488,860.6590340413787
rxn00058_c_num4,DLKcat,7.7873,22442.0506,1249.1853128608489
rxn01637_c_reverse_num2,DLKcat,7.719,46477.39,597.8907163246473
rxn01555_c,DLKcat,7.6875,38010.081,728.0963173953774
rxn01139_c_reverse,DLKcat,7.6862,72016.3189,384.22291534259466
rxn01951_c_reverse,DLKcat,7.6695,31165.1406,885.9321494606061
rxn05342_c,DLKcat,7.6658,118566.2902,232.75485767032964
rxn07991_c_reverse,DLKcat,7.6658,118566.2902,232.75485767032964
rxn07987_c_reverse,DLKcat,7.6658,118566.2902,232.75485767032964
rxn07989_c_reverse,DLKcat,7.6658,118566.2902,232.75485767032964
rxn07993_c_reverse,DLKcat,7.6658,118566.2902,232.75485767032964
rxn07994_c_reverse,DLKcat,7.6658,118566.2902,232.75485767032964
rxn05337_c,DLKcat,7.6658,118566.2902,232.75485767032964
rxn05340_c,DLKcat,7.6658,118566.2902,232.75485767032964
rxn07992_c_reverse,DLKcat,7.6658,118566.2902,232.75485767032964
rxn05336_c,DLKcat,7.6658,118566.2902,232.75485767032964
rxn02400_c,DLKcat,7.6408,72016.3189,381.953429724662
rxn00503_c,DLKcat,7.6132,251988.3808,108.76501493040269
rxn05465_c_num4,DLKcat,7.6091,119591.5068,229.0527206569154
rxn06488_c_num1,DLKcat,7.601,38000.5269,720.0847522985267
rxn16798_c_reverse_num1,DLKcat,7.5789,145831.8088,187.09251585446972
rxn00879_c_reverse_num4,DLKcat,7.5789,145831.8088,187.09251585446972
rxn01073_c_num1,DLKcat,7.5429,25372.7846,1070.219151271241
rxn05243_c,DLKcat,7.5346,77493.7398,350.02259627686726
rxn01119_c,DLKcat,7.5151,108124.2154,250.21554977221132
rxn00141_c_reverse,DLKcat,7.5086,104905.3964,257.6698714042513
rxn00216_c_num1,DLKcat,7.4729,68516.9306,392.6393048319067
rxn12638_c_num1,DLKcat,7.4048,32614.4488,817.3457158043401
rxn12634_c_num1,DLKcat,7.4048,32614.4488,817.3457158043401
rxn12636_c_num1,DLKcat,7.4048,32614.4488,817.3457158043401
rxn12645_c_num2,DLKcat,7.4048,32614.4488,817.3457158043401
rxn12640_c_num1,DLKcat,7.4048,32614.4488,817.3457158043401
rxn01652_c_reverse,DLKcat,7.4025,22068.8241,1207.5405503821112
rxn12239_c,DLKcat,7.3678,25685.6932,1032.6402247925314
rxn12643_c_num6,DLKcat,7.3131,192701.518,136.6214458154917
rxn12641_c_num3,DLKcat,7.3029,54150.6223,485.5057778348007
rxn05231_c,DLKcat,7.2938,112504.77199999998,233.39170004273245
rxn00211_c_num1,DLKcat,7.2607,43241.5559,604.4768615737992
rxn11702_c,DLKcat,7.258,114708.0312,227.7852712373988
rxn09188_c,DLKcat,7.2001,251988.3808,102.86331424373356
rxn00604_c_reverse,DLKcat,7.1907,92277.6672,280.5285480818917
rxn01434_c,DLKcat,7.1493,176536.544,145.79123062474815
rxn02122_c_num1,DLKcat,7.1462,52117.1934,493.62443220129353
rxn01806_c_num1,DLKcat,7.1209,87413.57639999999,293.2638276083622
rxn03691_c,DLKcat,7.1204,402985.509,63.60883810340684
rxn00527_c_reverse,DLKcat,7.1133,72783.077,351.8383813314185
rxn08793_c_num1,DLKcat,7.1087,137607.442,185.9733719924828
rxn02418_c_num2,DLKcat,7.0957,77426.9924,329.917503033477
rxn05300_c_num1,DLKcat,7.091,103334.9682,247.03738187244156
rxn00629_c_reverse,DLKcat,7.0617,110973.1906,229.08343774338596
rxn06442_c,DLKcat,7.0611,117850.40039999998,215.6968488331076
rxn02281_c,DLKcat,7.0596,137663.6991,184.6133742312028
rxn02791_c,DLKcat,7.052,68180.3256,372.3537512704398
rxn02792_c,DLKcat,7.052,68180.3256,372.3537512704398
rxn14123_c,DLKcat,7.052,68180.3256,372.3537512704398
rxn00508_c_num1,DLKcat,7.0199,103404.0038,244.39711298683773
rxn00868_c,DLKcat,7.0149,15113.0403,1670.9834354110733
rxn00802_c_reverse,DLKcat,6.9878,204340.0048,123.10893319505296
rxn06297_c_num1,DLKcat,6.9593,34193.4353,732.6985364351502
rxn01729_c_num1,DLKcat,6.9462,103404.0038,241.83125489382644
rxn00242_c,DLKcat,6.9441,168892.4742,148.01583148339003
rxn05618_c,DLKcat,6.9204,255230.2499,97.61162718667228
rxn16434_c,DLKcat,6.9201,45674.2963,545.4350043264925
rxn05890_c,DLKcat,6.8775,218033.5516,113.5559175104498
rxn02418_c_reverse_num2,DLKcat,6.865,77426.9924,319.19101122155945
rxn11892_c,DLKcat,6.8642,98184.5212,251.6804043853707
rxn01701_c,DLKcat,6.8642,98184.5212,251.6804043853707
rxn02350_c_num1,DLKcat,6.8564,52117.1934,473.6064701442653
rxn03087_c_reverse_num1,DLKcat,6.8312,42440.0845,579.4597322255568
rxn00409_c_reverse,DLKcat,6.8012,59198.196,413.5990900803801
rxn05740_c_reverse_num2,DLKcat,6.7592,90486.9156,268.91313333703687
rxn15833_c,DLKcat,6.7281,33653.5719,719.7203337574992
rxn08345_c_reverse,DLKcat,6.7281,33653.5719,719.7203337574992
rxn06729_c_num4,DLKcat,6.6963,119591.5068,201.57518409994643
rxn00780_c_num1,DLKcat,6.6838,226992.0192,106.00231710701485
rxn02222_c,DLKcat,6.6284,58173.2534,410.19263330388185
rxn04954_c_reverse,DLKcat,6.6245,72453.17379999999,329.1532827234133
rxn00605_c,DLKcat,6.6049,106857.843,222.5165634309126
rxn11944_c_num2,DLKcat,6.6033,133405.0276,178.19328422371993
rxn16206_c_reverse_num2,DLKcat,6.6033,133405.0276,178.19328422371993
rxn16506_c,DLKcat,6.589,25322.5086,936.7318370660954
rxn06672_c_reverse,DLKcat,6.5881,126805.7442,187.03537564191828
rxn00889_c,DLKcat,6.5749,54221.804,436.53361293549005
rxn16506_c_reverse,DLKcat,6.5564,25322.5086,932.097225154067
rxn05167_c,DLKcat,6.5459,27711.4238,850.3799793931914
rxn01603_c,DLKcat,6.5407,54211.2622,434.3473854774036
rxn00192_c,DLKcat,6.5337,74215.6182,316.9322114465659
rxn06429_c_num1,DLKcat,6.5274,99144.1384,237.01491968384488
rxn11156_c_num1,DLKcat,6.5274,99144.1384,237.01491968384488
rxn02517_c,DLKcat,6.5249,59198.196,396.7965510300347
rxn00409_c,DLKcat,6.5249,59198.196,396.7965510300347
rxn00238_c,DLKcat,6.5249,59198.196,396.7965510300347
rxn01353_c,DLKcat,6.5249,59198.196,396.7965510300347
rxn00237_c,DLKcat,6.5249,59198.196,396.7965510300347
rxn00117_c,DLKcat,6.5249,59198.196,396.7965510300347
rxn00107_c,DLKcat,6.5249,59198.196,396.7965510300347
rxn00515_c,DLKcat,6.5249,59198.196,396.7965510300347
rxn00839_c,DLKcat,6.5249,59198.196,396.7965510300347
rxn01678_c,DLKcat,6.5249,59198.196,396.7965510300347
rxn01673_c,DLKcat,6.5249,59198.196,396.7965510300347
rxn01512_c,DLKcat,6.5249,59198.196,396.7965510300347
rxn00693_c_reverse_num2,DLKcat,6.4765,133405.0276,174.77152412807564
rxn05169_c,DLKcat,6.4547,62629.4127,371.022479666331
rxn08160_c,DLKcat,6.4547,62629.4127,371.022479666331
rxn05152_c,DLKcat,6.4547,62629.4127,371.022479666331
rxn16596_c_num1,DLKcat,6.4281,19531.8538,1184.7907647148168
rxn01199_c,DLKcat,6.2583,48238.3267,467.0535141095597
rxn05683_c,DLKcat,6.2529,21850.4849,1030.20322446025
rxn02199_c,DLKcat,6.2275,77671.865,288.6373334797613
rxn01345_c,DLKcat,6.2172,141587.68079999997,158.0781595795445
rxn00650_c_num5,DLKcat,6.1488,192701.518,114.8702938603732
rxn02831_c,DLKcat,6.1376,39723.035,556.2354437418993
rxn08386_c,DLKcat,6.1206,53291.1016,413.4679024912482
rxn08392_c,DLKcat,6.1206,53291.1016,413.4679024912482
rxn05327_c,DLKcat,6.1206,53291.1016,413.4679024912482
rxn05324_c,DLKcat,6.1206,53291.1016,413.4679024912482
rxn05322_c,DLKcat,6.1206,53291.1016,413.4679024912482
rxn08390_c,DLKcat,6.1206,53291.1016,413.4679024912482
rxn05325_c,DLKcat,6.1206,53291.1016,413.4679024912482
rxn05326_c,DLKcat,6.1206,53291.1016,413.4679024912482
rxn08396_c,DLKcat,6.1206,53291.1016,413.4679024912482
rxn08398_c,DLKcat,6.1206,53291.1016,413.4679024912482
rxn08394_c,DLKcat,6.1206,53291.1016,413.4679024912482
rxn05539_c,DLKcat,6.1183,57642.5394,382.1115486803136
rxn12637_c_num6,DLKcat,6.1168,192701.518,114.27247812339496
rxn12847_c_reverse_num5,DLKcat,6.1096,192701.518,114.13796958257484
rxn05579_c_num2,DLKcat,6.1063,273181.826,80.4690426221838
rxn06096_c,DLKcat,6.1037,90486.9156,242.83422475282163
rxn03536_c,DLKcat,6.0791,18783.3132,1165.117131731584
rxn06060_c_num3,DLKcat,6.0729,37847.261000000006,577.6491989737381
rxn00363_c,DLKcat,6.068,72016.3189,303.3312495509959
rxn01652_c,DLKcat,6.0461,22068.8241,986.276382528238
rxn00879_c_num4,DLKcat,6.0455,145831.8088,149.23904585074308
rxn16798_c_num1,DLKcat,6.0455,145831.8088,149.23904585074308
rxn06436_c,DLKcat,6.0131,55649.4254,388.99161751273
rxn03291_c_reverse,DLKcat,5.9782,76508.1878,281.29695159241504
rxn03291_c,DLKcat,5.9463,76508.1878,279.7959357756478
rxn01588_c_reverse,DLKcat,5.9281,76508.1878,278.93955684570534
rxn02503_c,DLKcat,5.9267,36060.270800000006,591.679416894451
rxn00879_c_num2,DLKcat,5.9139,173115.52879999997,122.9816882839918
rxn00238_c_reverse,DLKcat,5.8959,59198.196,358.54538540329844
rxn01678_c_reverse,DLKcat,5.8959,59198.196,358.54538540329844
rxn00237_c_reverse,DLKcat,5.8959,59198.196,358.54538540329844
rxn02517_c_reverse,DLKcat,5.8959,59198.196,358.54538540329844
rxn00117_c_reverse,DLKcat,5.8959,59198.196,358.54538540329844
rxn00107_c_reverse,DLKcat,5.8959,59198.196,358.54538540329844
rxn01673_c_reverse,DLKcat,5.8959,59198.196,358.54538540329844
rxn00839_c_reverse,DLKcat,5.8959,59198.196,358.54538540329844
rxn01353_c_reverse,DLKcat,5.8959,59198.196,358.54538540329844
rxn01512_c_reverse,DLKcat,5.8959,59198.196,358.54538540329844
rxn12633_c_num3,DLKcat,5.8941,54150.6223,391.8470203804103
rxn08018_c_reverse_num3,DLKcat,5.8894,67958.29259999999,311.9831177159387
rxn08017_c_reverse_num3,DLKcat,5.8894,67958.29259999999,311.9831177159387
rxn00831_c,DLKcat,5.8496,72016.3189,292.4137240233199
rxn03108_c_reverse_num1,DLKcat,5.8183,80540.5844,260.06615367941134
rxn02484_c_reverse,DLKcat,5.8183,80540.5844,260.06615367941134
rxn06672_c,DLKcat,5.7838,126805.7442,164.20139427721602
rxn08126_c_reverse,DLKcat,5.7836,157165.0476,132.47831065461403
rxn08127_c,DLKcat,5.7836,157165.0476,132.47831065461403
rxn02484_c,DLKcat,5.7755,80540.5844,258.15308089569805
rxn03108_c_num1,DLKcat,5.7755,80540.5844,258.15308089569805
rxn10343_c_num1,DLKcat,5.7499,73340.2263,282.24128891186695
rxn05516_c_num2,DLKcat,5.7499,73340.2263,282.24128891186695
rxn10344_c_num2,DLKcat,5.7499,73340.2263,282.24128891186695
rxn01961_c,DLKcat,5.7303,72016.3189,286.4500756924969
rxn03052_c_num2,DLKcat,5.7243,133405.0276,154.4730387657444
rxn00693_c_num2,DLKcat,5.7243,133405.0276,154.4730387657444
rxn01670_c,DLKcat,5.7236,72016.3189,286.11515160350694
rxn00508_c_num2,DLKcat,5.7206,47696.6125,431.774059426128
rxn00550_c,DLKcat,5.7161,72016.3189,285.740236578518
rxn02789_c_reverse,DLKcat,5.7052,73917.8967,277.85855546401115
rxn02811_c_reverse,DLKcat,5.7052,73917.8967,277.85855546401115
rxn16206_c_num2,DLKcat,5.7017,133405.0276,153.8631666982242
rxn12846_c_reverse_num3,DLKcat,5.6919,54150.6223,378.4045155839326
rxn03294_c_reverse,DLKcat,5.6856,76508.1878,267.52901341103257
rxn08127_c_reverse,DLKcat,5.6853,157165.0476,130.2266649776397
rxn08128_c,DLKcat,5.6853,157165.0476,130.2266649776397
rxn03909_c,DLKcat,5.6834,134996.216,151.5615815483302
rxn08129_c,DLKcat,5.6202,157165.0476,128.735493730732
rxn08128_c_reverse,DLKcat,5.6202,157165.0476,128.735493730732
rxn05874_c_num1,DLKcat,5.6147,56817.4491,355.7519797206102
rxn02005_c_num2,DLKcat,5.5959,142234.65279999998,141.63383959833453
rxn08129_c_reverse,DLKcat,5.5888,157165.0476,128.01624984205458
rxnmqfadh2_c_num1,DLKcat,5.5491,45714.5417,436.9891779971624
rxn01218_c,DLKcat,5.5338,72016.3189,276.6273020377886
rxn14123_c_reverse,DLKcat,5.5276,68180.3256,291.86366924595615
rxn05338_c,DLKcat,5.5086,53291.1016,372.1251654516371
rxn05341_c_reverse,DLKcat,5.5086,53291.1016,372.1251654516371
rxn08399_c,DLKcat,5.5086,53291.1016,372.1251654516371
rxn08395_c,DLKcat,5.5086,53291.1016,372.1251654516371
rxn08126_c,DLKcat,5.5068,157165.0476,126.1379696232154
rxn12646_c_num5,DLKcat,5.4935,192701.518,102.62814847156524
rxn03294_c,DLKcat,5.4896,76508.1878,258.30647108857545
rxn06182_c,DLKcat,5.4807,17986.9433,1096.9356866766796
rxn00863_c,DLKcat,5.4336,93509.4836,209.1869107488045
rxn02159_c,DLKcat,5.4336,93509.4836,209.1869107488045
rxn01900_c,DLKcat,5.4312,76508.1878,255.55852990678207
rxn12639_c_num3,DLKcat,5.4263,54150.6223,360.7471007770856
rxn12639_c_reverse_num6,DLKcat,5.3788,192701.518,100.48535268933377
rxn12646_c_reverse_num5,DLKcat,5.3788,192701.518,100.48535268933377
rxn16085_c,DLKcat,5.3695,76508.1878,252.65531122670245
rxn04663_c,DLKcat,5.3695,76508.1878,252.65531122670245
rxn07595_c,DLKcat,5.3695,76508.1878,252.65531122670245
rxn06904_c,DLKcat,5.3695,76508.1878,252.65531122670245
rxn03384_c,DLKcat,5.3523,77005.5974,250.21921328539685
rxn02288_c,DLKcat,5.3523,77005.5974,250.21921328539685
rxn00211_c_num2,DLKcat,5.3508,43199.0792,445.909504478512
rxn00797_c_reverse,DLKcat,5.3474,33950.3227,567.0237708815653
rxn01102_c_num2,DLKcat,5.3156,226992.0192,84.3032282255675
rxn02320_c_reverse,DLKcat,5.2694,79863.607,237.5279643955976
rxn07204_c_num1,DLKcat,5.2589,173086.85719999997,109.3788419655932
rxn12641_c_num6,DLKcat,5.2541,51579.5676,366.7103250396384
rxn01953_c,DLKcat,5.2438,43495.0823,434.0187212382858
rxn00292_c,DLKcat,5.2438,43495.0823,434.0187212382858
rxn06440_c,DLKcat,5.2398,117522.5167,160.50779484370932
rxn01937_c_reverse_num1,DLKcat,5.2057,52117.1934,359.5842135275074
rxn15053_c_reverse_num1,DLKcat,5.2057,52117.1934,359.5842135275074
rxn05853_c_reverse_num1,DLKcat,5.2057,52117.1934,359.5842135275074
rxn00927_c_num2,DLKcat,5.1956,33259.3534,562.3729293546639
rxn02632_c_reverse,DLKcat,5.1887,81063.9804,230.42687896435936
rxn05569_c,DLKcat,5.1663,119389.8638,155.78106388626267
rxn12633_c_reverse_num5,DLKcat,5.1619,192701.518,96.43328289712798
rxn12637_c_reverse_num6,DLKcat,5.1619,192701.518,96.43328289712798
rxn06449_c,DLKcat,5.1612,101612.1396,182.8553170235577
rxn00646_c_num1,DLKcat,5.1594,223397.73,83.14247418718176
rxn03903_c,DLKcat,5.1462,78475.49560000001,236.07776998862303
rxn15121_c,DLKcat,5.1145,46333.4405,397.38469238001
rxn15120_c,DLKcat,5.1145,46333.4405,397.38469238001
rxn05516_c_num3,DLKcat,5.1077,67166.784,273.7621024106201
rxn00371_c,DLKcat,5.0745,84050.7837,217.34717031555763
rxn00708_c,DLKcat,5.0652,72016.3189,253.2026112764839
rxn16798_c_reverse_num3,DLKcat,5.0606,76047.408,239.5631945798863
rxn00836_c,DLKcat,5.0075,22046.8813,817.6666692535782
rxn05142_c,DLKcat,5.0054,98403.3316,183.118190278834
rxn05303_c_num1,DLKcat,4.9879,25425.0792,706.2491274363464
rxn01900_c_reverse,DLKcat,4.9793,76508.1878,234.2949233990352
rxn01729_c_num2,DLKcat,4.9749,47696.6125,375.4908170889494
rxn00143_c,DLKcat,4.9485,38845.3702,458.6029147947213
rxn02314_c_num4,DLKcat,4.9367,46333.4405,383.57004807359385
rxn08848_c_num2,DLKcat,4.9092,38000.5269,465.075656622014
rxn08850_c_num2,DLKcat,4.9092,38000.5269,465.075656622014
rxn08846_c_num2,DLKcat,4.9092,38000.5269,465.075656622014
rxn08845_c_num2,DLKcat,4.9092,38000.5269,465.075656622014
rxn08840_c_num2,DLKcat,4.9092,38000.5269,465.075656622014
rxn08839_c_num2,DLKcat,4.9092,38000.5269,465.075656622014
rxn08838_c_num2,DLKcat,4.9092,38000.5269,465.075656622014
rxn08821_c_num2,DLKcat,4.9092,38000.5269,465.075656622014
rxn08818_c_num2,DLKcat,4.9092,38000.5269,465.075656622014
rxn08814_c_num2,DLKcat,4.9092,38000.5269,465.075656622014
rxn08813_c_num2,DLKcat,4.9092,38000.5269,465.075656622014
rxn08812_c_num2,DLKcat,4.9092,38000.5269,465.075656622014
rxn08811_c_num2,DLKcat,4.9092,38000.5269,465.075656622014
rxn08809_c_num2,DLKcat,4.9092,38000.5269,465.075656622014
rxn08807_c_num2,DLKcat,4.9092,38000.5269,465.075656622014
rxn08805_c_num2,DLKcat,4.9092,38000.5269,465.075656622014
rxn08847_c_num1,DLKcat,4.9092,38000.5269,465.075656622014
rxn08803_c_num2,DLKcat,4.9092,38000.5269,465.075656622014
rxn08800_c_num2,DLKcat,4.9092,38000.5269,465.075656622014
rxn08798_c_num2,DLKcat,4.9092,38000.5269,465.075656622014
rxn08799_c_num1,DLKcat,4.9092,38000.5269,465.075656622014
rxn08802_c_num1,DLKcat,4.9092,38000.5269,465.075656622014
rxn08804_c_num1,DLKcat,4.9092,38000.5269,465.075656622014
rxn08844_c_num1,DLKcat,4.9092,38000.5269,465.075656622014
rxn08842_c_num1,DLKcat,4.9092,38000.5269,465.075656622014
rxn08806_c_num1,DLKcat,4.9092,38000.5269,465.075656622014
rxn08808_c_num1,DLKcat,4.9092,38000.5269,465.075656622014
rxn08849_c_num1,DLKcat,4.9092,38000.5269,465.075656622014
rxn08819_c_num1,DLKcat,4.9092,38000.5269,465.075656622014
rxn08810_c_num1,DLKcat,4.9092,38000.5269,465.075656622014
rxn08851_c_num1,DLKcat,4.9092,38000.5269,465.075656622014
rxn08815_c_num1,DLKcat,4.9092,38000.5269,465.075656622014
rxn08823_c_num1,DLKcat,4.9092,38000.5269,465.075656622014
rxn08816_c_num1,DLKcat,4.9092,38000.5269,465.075656622014
rxn08817_c_num1,DLKcat,4.9092,38000.5269,465.075656622014
rxn14099_c,DLKcat,4.9021,76508.1878,230.6623710148837
rxn02039_c,DLKcat,4.9021,76508.1878,230.6623710148837
rxn02070_c,DLKcat,4.9021,76508.1878,230.6623710148837
rxn16000_c_reverse,DLKcat,4.9021,76508.1878,230.6623710148837
rxn14291_c,DLKcat,4.9021,76508.1878,230.6623710148837
rxn02636_c_reverse,DLKcat,4.9021,76508.1878,230.6623710148837
rxn14379_c,DLKcat,4.9021,76508.1878,230.6623710148837
rxn06297_c_reverse_num2,DLKcat,4.8675,39510.8835,443.4980554155413
rxn14291_c_reverse,DLKcat,4.8577,76508.1878,228.57318285612303
rxn14099_c_reverse,DLKcat,4.8577,76508.1878,228.57318285612303
rxn14379_c_reverse,DLKcat,4.8577,76508.1878,228.57318285612303
rxn02070_c_reverse,DLKcat,4.8577,76508.1878,228.57318285612303
rxn02039_c_reverse,DLKcat,4.8577,76508.1878,228.57318285612303
rxn01588_c,DLKcat,4.8577,76508.1878,228.57318285612303
rxn16000_c,DLKcat,4.8577,76508.1878,228.57318285612303
rxn02636_c,DLKcat,4.8577,76508.1878,228.57318285612303
rxn12636_c_reverse_num6,DLKcat,4.8516,192701.518,90.6363384226169
rxn12640_c_reverse_num6,DLKcat,4.8516,192701.518,90.6363384226169
rxn12642_c_reverse_num5,DLKcat,4.8516,192701.518,90.6363384226169
rxn12641_c_reverse_num5,DLKcat,4.8516,192701.518,90.6363384226169
rxn01303_c,DLKcat,4.8501,82431.53199999999,211.81651700953464
rxn00730_c_num1,DLKcat,4.8069,93509.48189999998,185.0597356373547
rxn01145_c,DLKcat,4.8067,72016.3189,240.28054008186749
rxn08547_c_num1,DLKcat,4.7596,103987.8878,164.77457483274313
rxn05005_c_num2,DLKcat,4.7587,64351.339900000006,266.21543586538434
rxn05006_c_num1,DLKcat,4.7415,64351.339900000006,265.2532181385084
rxn01637_c_num2,DLKcat,4.7333,46477.39,366.62729985483264
rxn12242_c,DLKcat,4.7253,68751.3212,247.42913595091747
rxn10343_c_num3,DLKcat,4.6962,67166.784,251.70655781286175
rxn10344_c_num3,DLKcat,4.6962,67166.784,251.70655781286175
rxn03839_c,DLKcat,4.6944,58173.2534,290.5087649782365
rxn12635_c_num5,DLKcat,4.6879,192701.518,87.57813729313746
rxn00184b_c,DLKcat,4.6734,39918.9487,421.4599970164044
rxn01302_c,DLKcat,4.6651,92875.676,180.82624776803775
rxn08455_c_reverse_num2,DLKcat,4.6495,56370.50290000001,296.93189059698807
rxn08453_c_reverse_num2,DLKcat,4.6495,56370.50290000001,296.93189059698807
rxn08451_c_num2,DLKcat,4.6495,56370.50290000001,296.93189059698807
rxn01549_c_reverse,DLKcat,4.6403,72016.3189,231.9624253941144
rxn01871_c,DLKcat,4.6348,1687743.6407999997,9.886145974213886
rxn00293_c_num2,DLKcat,4.6335,176917.55159999998,94.28459669006634
rxn05341_c,DLKcat,4.6317,53291.1016,312.8875084090962
rxn08308_c_reverse,DLKcat,4.603,32266.8289,513.5552691389515
rxn00789_c,DLKcat,4.5588,121036.5616,135.59274803457404
rxn08455_c_reverse_num3,DLKcat,4.5394,62672.8196,260.74844093977856
rxn08451_c_num3,DLKcat,4.5394,62672.8196,260.74844093977856
rxn08453_c_reverse_num3,DLKcat,4.5394,62672.8196,260.74844093977856
rxn01204_c,DLKcat,4.5119,46477.39,349.4783162307522
rxn06591_c_reverse,DLKcat,4.4596,98403.3316,163.15057365395137
rxn08722_c_reverse,DLKcat,4.4491,77493.7398,206.68456628028164
rxn08722_c,DLKcat,4.4491,77493.7398,206.68456628028164
rxn06723_c_num1,DLKcat,4.4436,103987.8878,153.83483921480325
rxn08310_c_reverse,DLKcat,4.4352,32266.8289,494.8338756648008
rxn00181_c_reverse,DLKcat,4.4301,42696.7065,373.5267028148881
rxn12642_c_num5,DLKcat,4.4121,192701.518,82.42571291005605
rxn25750_c,DLKcat,4.4049,53291.1016,297.5663764473579
rxn08392_c_reverse,DLKcat,4.4049,53291.1016,297.5663764473579
rxn04663_c_reverse,DLKcat,4.4046,76508.1878,207.2531118035448
rxn01492_c_num3,DLKcat,4.4006,46333.4405,341.9163314669024
rxn00342_c,DLKcat,4.3992,133192.896,118.90363882470128
rxn12846_c_reverse_num6,DLKcat,4.376,51579.5676,305.4232660919011
rxn00629_c,DLKcat,4.3617,110973.1906,141.49471521097274
rxn01368_c,DLKcat,4.3612,60298.61299999999,260.3761383367144
rxn00650_c_num3,DLKcat,4.3408,54150.6223,288.5817251263611
rxn05465_c_reverse_num1,DLKcat,4.3341,103987.8878,150.044013106688
rxn01484_c_reverse,DLKcat,4.3327,40758.5897,382.68546862896
rxn03504_c_reverse,DLKcat,4.3327,40758.5897,382.68546862896
rxn00231_c,DLKcat,4.3077,58173.2534,266.57817972408606
rxn08451_c_reverse_num2,DLKcat,4.3046,56370.50290000001,274.9054772048166
rxn01182_c,DLKcat,4.3046,56370.50290000001,274.9054772048166
rxn01427_c,DLKcat,4.3046,56370.50290000001,274.9054772048166
rxn00988_c_num2,DLKcat,4.3046,56370.50290000001,274.9054772048166
rxn00947_c_num2,DLKcat,4.3046,56370.50290000001,274.9054772048166
rxn05247_c_num1,DLKcat,4.3046,56370.50290000001,274.9054772048166
rxn08452_c_num2,DLKcat,4.3046,56370.50290000001,274.9054772048166
rxn09450_c_num2,DLKcat,4.3046,56370.50290000001,274.9054772048166
rxn09449_c_num2,DLKcat,4.3046,56370.50290000001,274.9054772048166
rxn08453_c_num2,DLKcat,4.3046,56370.50290000001,274.9054772048166
rxn08450_c_num2,DLKcat,4.3046,56370.50290000001,274.9054772048166
rxn05248_c_num2,DLKcat,4.3046,56370.50290000001,274.9054772048166
rxn05250_c_num3,DLKcat,4.3046,56370.50290000001,274.9054772048166
rxn09448_c_num2,DLKcat,4.3046,56370.50290000001,274.9054772048166
rxn05251_c_num3,DLKcat,4.3046,56370.50290000001,274.9054772048166
rxn05249_c_num1,DLKcat,4.3046,56370.50290000001,274.9054772048166
rxn08454_c_num2,DLKcat,4.3046,56370.50290000001,274.9054772048166
rxn08457_c_num2,DLKcat,4.3046,56370.50290000001,274.9054772048166
rxn05252_c_num2,DLKcat,4.3046,56370.50290000001,274.9054772048166
rxn08449_c_num2,DLKcat,4.3046,56370.50290000001,274.9054772048166
rxn08455_c_num2,DLKcat,4.3046,56370.50290000001,274.9054772048166
rxn08448_c_num2,DLKcat,4.3046,56370.50290000001,274.9054772048166
rxn05736_c_num2,DLKcat,4.3046,56370.50290000001,274.9054772048166
rxn08456_c_num2,DLKcat,4.3046,56370.50290000001,274.9054772048166
rxn08312_c_reverse,DLKcat,4.2984,32266.8289,479.571142486828
rxn01937_c_num1,DLKcat,4.2902,52117.1934,296.34596555232
rxn12634_c_reverse_num5,DLKcat,4.2638,192701.518,79.6552106039974
rxn05240_c,DLKcat,4.2632,89665.57999999999,171.16400741510847
rxn00781_c_reverse,DLKcat,4.2468,144180.3724,106.037179301945
rxn03060_c_reverse_num3,DLKcat,4.2344,55365.4221,275.3314148398771
rxn00416_c,DLKcat,4.2254,72447.743,209.96430489214825
rxn00340_c,DLKcat,4.2254,72447.743,209.96430489214825
rxn02405_c,DLKcat,4.2224,32266.8289,471.0918462768432
rxn00743_c,DLKcat,4.2165,29521.9284,514.173728569845
rxn01521_c,DLKcat,4.2039,72016.3189,210.14736980676196
rxn01507_c,DLKcat,4.1983,72016.3189,209.86743325477028
rxn07900_c,DLKcat,4.1946,290765.51900000003,51.933805810034855
rxn07901_c,DLKcat,4.1946,290765.51900000003,51.933805810034855
rxn01806_c_num2,DLKcat,4.194,68055.43860000001,221.8544220799423
rxn03095_c_reverse,DLKcat,4.1815,24146.4801,623.4200569879334
rxn02796_c_reverse,DLKcat,4.1815,24146.4801,623.4200569879334
rxn02015_c_reverse,DLKcat,4.1815,24146.4801,623.4200569879334
rxn09108_c_reverse,DLKcat,4.1498,22176.8252,673.643763941468
rxn09111_c_reverse,DLKcat,4.1498,22176.8252,673.643763941468
rxn09110_c_reverse,DLKcat,4.1498,22176.8252,673.643763941468
rxn09109_c_reverse,DLKcat,4.1498,22176.8252,673.643763941468
rxn09112_c_reverse,DLKcat,4.1498,22176.8252,673.643763941468
rxn09113_c_reverse,DLKcat,4.1498,22176.8252,673.643763941468
rxn10261_c_reverse,DLKcat,4.1498,22176.8252,673.643763941468
rxn10259_c_reverse,DLKcat,4.1498,22176.8252,673.643763941468
rxn10260_c_reverse,DLKcat,4.1498,22176.8252,673.643763941468
rxn06045_c_reverse,DLKcat,4.1498,22176.8252,673.643763941468
rxn10262_c_reverse,DLKcat,4.1498,22176.8252,673.643763941468
rxn10264_c_reverse,DLKcat,4.1498,22176.8252,673.643763941468
rxn10263_c_reverse,DLKcat,4.1498,22176.8252,673.643763941468
rxn09114_c_reverse,DLKcat,4.1498,22176.8252,673.643763941468
rxn06432_c,DLKcat,4.1496,59694.2594,250.25119919655123
rxn00313_c,DLKcat,4.1347,94879.1966,156.88286298157797
rxn00785_c,DLKcat,4.1226,74793.8308,198.43026946548645
rxn15228_c,DLKcat,4.1226,74793.8308,198.43026946548645
rxn02795_c_reverse,DLKcat,4.1032,24146.4801,611.7463058311344
rxn00692_c,DLKcat,4.0991,93080.4838,158.53763751064645
rxn08766_c_reverse_num3,DLKcat,4.0989,67958.29259999999,217.13376595338423
rxn02729_c_num1,DLKcat,4.0987,52117.1934,283.11808517302086
rxn12643_c_num3,DLKcat,4.0873,54150.6223,271.7287332079284
rxn00942_c,DLKcat,4.0821,33950.3227,432.8547958102325
rxn15165_c,DLKcat,4.0821,33950.3227,432.8547958102325
rxn05853_c_num1,DLKcat,4.0755,52117.1934,281.5155430069648
rxn03354_c_num1,DLKcat,4.0755,52117.1934,281.5155430069648
rxn15053_c_num1,DLKcat,4.0755,52117.1934,281.5155430069648
rxn04234_c_num1,DLKcat,4.0755,52117.1934,281.5155430069648
rxn03106_c_num1,DLKcat,4.0755,52117.1934,281.5155430069648
rxn03598_c_num1,DLKcat,4.0755,52117.1934,281.5155430069648
rxn00907_c_reverse,DLKcat,4.0745,60298.61299999999,243.25932671121308
rxn00721_c,DLKcat,4.0674,76086.1273,192.44822308100316
rxn06624_c_num2,DLKcat,4.0602,19103.7144,765.1245037457218
rxn00612_c_num1,DLKcat,4.0489,34682.0593,420.2760820491417
rxn12571_c,DLKcat,4.0472,49220.0212,296.0161260556304
rxn12635_c_reverse_num5,DLKcat,4.045,192701.518,75.56764550240854
rxn06488_c_reverse_num1,DLKcat,4.0394,38000.5269,382.6746939132573
rxn08018_c_num3,DLKcat,4.0382,67958.29259999999,213.9182643326151
rxn08017_c_num3,DLKcat,4.0382,67958.29259999999,213.9182643326151
rxn08019_c_num3,DLKcat,4.0382,67958.29259999999,213.9182643326151
rxn01549_c,DLKcat,4.0278,72016.3189,201.34436502002328
rxn01682_c_reverse,DLKcat,4.0121,89592.0468,161.21475639732793
rxn00913_c,DLKcat,4.0058,72016.3189,200.2446142800559
rxn06023_c_num3,DLKcat,4.0029,67958.29259999999,212.0482938678186
rxn08766_c_num3,DLKcat,4.0029,67958.29259999999,212.0482938678186
rxn16798_c_num3,DLKcat,4.0008,76047.408,189.3934373147866
rxn03970_c,DLKcat,3.985,98403.3316,145.78774688559426
rxn05250_c_num1,DLKcat,3.9612,62672.8196,227.5359572301738
rxn08454_c_num3,DLKcat,3.9612,62672.8196,227.5359572301738
rxn08457_c_num3,DLKcat,3.9612,62672.8196,227.5359572301738
rxn08455_c_num3,DLKcat,3.9612,62672.8196,227.5359572301738
rxn08456_c_num3,DLKcat,3.9612,62672.8196,227.5359572301738
rxn05736_c_num1,DLKcat,3.9612,62672.8196,227.5359572301738
rxn05248_c_num3,DLKcat,3.9612,62672.8196,227.5359572301738
rxn08451_c_reverse_num3,DLKcat,3.9612,62672.8196,227.5359572301738
rxn08452_c_num3,DLKcat,3.9612,62672.8196,227.5359572301738
rxn08453_c_num3,DLKcat,3.9612,62672.8196,227.5359572301738
rxn05249_c_num3,DLKcat,3.9612,62672.8196,227.5359572301738
rxn09450_c_num1,DLKcat,3.9612,62672.8196,227.5359572301738
rxn08449_c_num3,DLKcat,3.9612,62672.8196,227.5359572301738
rxn08450_c_num3,DLKcat,3.9612,62672.8196,227.5359572301738
rxn06959_c,DLKcat,3.9612,62672.8196,227.5359572301738
rxn09448_c_num1,DLKcat,3.9612,62672.8196,227.5359572301738
rxn00988_c_num1,DLKcat,3.9612,62672.8196,227.5359572301738
rxn05247_c_num3,DLKcat,3.9612,62672.8196,227.5359572301738
rxn08448_c_num3,DLKcat,3.9612,62672.8196,227.5359572301738
rxn05252_c_num3,DLKcat,3.9612,62672.8196,227.5359572301738
rxn00947_c_num1,DLKcat,3.9612,62672.8196,227.5359572301738
rxn09449_c_num3,DLKcat,3.9612,62672.8196,227.5359572301738
rxn05251_c_num1,DLKcat,3.9612,62672.8196,227.5359572301738
rxn00337_c_reverse,DLKcat,3.9321,44738.1902,316.4088653724755
rxn08547_c_reverse_num1,DLKcat,3.9005,103987.8878,135.03303410688184
rxn00904_c,DLKcat,3.8864,40414.0567,346.1924177485503
rxn06729_c_num1,DLKcat,3.8643,103987.8878,133.77981122913047
rxn03419_c,DLKcat,3.8526,220299.793,62.95675457125826
rxn12637_c_num3,DLKcat,3.8316,54150.6223,254.7294825825113
rxn05608_c,DLKcat,3.8259,36103.7631,381.4904269632769
rxn03958_c,DLKcat,3.7757,81974.44380000001,165.8141168138063
rxn00907_c,DLKcat,3.7527,60298.61299999999,224.04694449605336
rxn04954_c,DLKcat,3.7498,72453.17379999999,186.31730388048237
rxn02008_c,DLKcat,3.749,49326.3524,273.6143935913656
rxn03904_c_reverse,DLKcat,3.7227,78475.49560000001,170.77585681408556
rxn03903_c_reverse,DLKcat,3.7227,78475.49560000001,170.77585681408556
rxn12845_c_reverse_num5,DLKcat,3.7111,192701.518,69.32981192187599
rxn06591_c,DLKcat,3.7013,98403.3316,135.40882999941027
rxn00650_c_num6,DLKcat,3.6921,51579.5676,257.6904115031782
rxn06776_c,DLKcat,3.6886,76086.1273,174.52537632310276
rxn02474_c_reverse,DLKcat,3.6821,103020.6909,128.66890994612814
rxn00721_c_reverse,DLKcat,3.6676,76086.1273,173.5317654943913
rxn00904_c_reverse,DLKcat,3.6648,40414.0567,326.4527512775029
rxn12847_c_reverse_num6,DLKcat,3.6606,51579.5676,255.491866511886
rxn10174_c,DLKcat,3.6578,36103.7631,364.7287393152655
rxn00912_c_reverse,DLKcat,3.6569,283238.42500000005,46.47971051244194
rxn12633_c_num6,DLKcat,3.645,51579.5676,254.4030632781032
rxn00612_c_reverse_num1,DLKcat,3.6317,34682.0593,376.97069504751113
rxn02929_c,DLKcat,3.6262,104040.3916,125.47357616827732
rxn08306_c_reverse,DLKcat,3.6236,32266.8289,404.2839177171204
rxn01800_c,DLKcat,3.6201,60298.61299999999,216.1303444906768
rxn02155_c_num2,DLKcat,3.6201,38533.1684,338.2114822408426
rxn08307_c,DLKcat,3.613,32266.8289,403.1012790352014
rxn02377_c,DLKcat,3.6128,45217.0575,287.6365849325777
rxn01299_c_reverse_num1,DLKcat,3.6101,33259.3534,390.7580476293926
rxn16221_c,DLKcat,3.6028,55727.3272,232.74182796263733
rxn05177_c,DLKcat,3.59,450019.9014,28.718729904597065
rxn03958_c_reverse,DLKcat,3.579,81974.44380000001,157.17581483608677
rxn00392_c,DLKcat,3.5622,37168.5307,345.0209023193914
rxn08307_c_reverse,DLKcat,3.5597,32266.8289,397.1546147195146
rxn00797_c,DLKcat,3.5573,33950.3227,377.2064293220989
rxn15118_c,DLKcat,3.5573,33950.3227,377.2064293220989
rxn00658_c,DLKcat,3.5531,40758.5897,313.8273452086592
rxn01333_c_reverse,DLKcat,3.506,38328.48,329.3008227824322
rxn02897_c,DLKcat,3.4937,37472.237700000005,335.64368641907924
rxn06723_c_num3,DLKcat,3.49,40336.8634,311.4768710548773
rxn04068_c_reverse,DLKcat,3.4888,24146.4801,520.1453772137994
rxn00148_c_num2,DLKcat,3.4826,67569.4436,185.54777621404008
rxn03504_c,DLKcat,3.4788,40758.5897,307.2648021479507
rxn01484_c,DLKcat,3.4788,40758.5897,307.2648021479507
rxn06439_c,DLKcat,3.4755,94421.9634,132.50942417916298
rxn06624_c_num1,DLKcat,3.4744,21752.7177,575.0012560499509
rxn00414_c,DLKcat,3.469,162183.68159999998,77.00158164371082
rxn03094_c_reverse,DLKcat,3.4677,24146.4801,516.9995770936403
rxn05607_c,DLKcat,3.4632,119389.8638,104.42695554863344
rxn02632_c,DLKcat,3.442,81063.9804,152.8570388334891
rxn00161_c,DLKcat,3.4407,40909.3388,302.7797652891912
rxn00206_c,DLKcat,3.4386,88405.4648,140.02482796742223
rxn00181_c,DLKcat,3.4278,42696.7065,289.0171399988428
rxn00122_c,DLKcat,3.4152,37168.5307,330.78305137308
rxn03080_c,DLKcat,3.4028,65901.55,185.8845505151245
rxn05654_c_num2,DLKcat,3.397,44344.079,275.77977208637026
rxn00962_c,DLKcat,3.3954,43982.0772,277.9186609221813
rxn09110_c,DLKcat,3.3947,22176.8252,551.0671563574393
rxn12639_c_num5,DLKcat,3.3936,51579.5676,236.8565803952184
rxn12646_c_reverse_num3,DLKcat,3.3734,54150.6223,224.26778279148232
rxn12639_c_reverse_num3,DLKcat,3.3734,54150.6223,224.26778279148232
rxn06043_c,DLKcat,3.3668,32266.8289,375.6328221023294
rxn08312_c,DLKcat,3.3668,32266.8289,375.6328221023294
rxn08311_c,DLKcat,3.3668,32266.8289,375.6328221023294
rxn08309_c,DLKcat,3.3668,32266.8289,375.6328221023294
rxn08310_c,DLKcat,3.3668,32266.8289,375.6328221023294
rxn10222_c,DLKcat,3.3668,32266.8289,375.6328221023294
rxn10223_c,DLKcat,3.3668,32266.8289,375.6328221023294
rxn10224_c,DLKcat,3.3668,32266.8289,375.6328221023294
rxn10220_c,DLKcat,3.3668,32266.8289,375.6328221023294
rxn08308_c,DLKcat,3.3668,32266.8289,375.6328221023294
rxn10221_c,DLKcat,3.3668,32266.8289,375.6328221023294
rxn10225_c,DLKcat,3.3668,32266.8289,375.6328221023294
rxn08306_c,DLKcat,3.3668,32266.8289,375.6328221023294
rxn12637_c_reverse_num3,DLKcat,3.3629,54150.6223,223.5697298717839
rxn12633_c_reverse_num3,DLKcat,3.3629,54150.6223,223.5697298717839
rxn16223_c,DLKcat,3.3449,55727.3272,216.0814201044259
rxn00102_c_reverse,DLKcat,33000000,66858.22020000001,1776894443.8637626
rxn06435_c,DLKcat,3.328,51019.4127,234.82826175300133
rxn06584_c_num3,DLKcat,3.3227,46385.778600000005,257.87472714751414
rxn09112_c,DLKcat,3.3013,22176.8252,535.9053828859146
rxn06729_c_num3,DLKcat,3.2895,40336.8634,293.58256943696813
rxn01669_c,DLKcat,3.2785,17919.086099999997,658.6608231097233
rxn05307_c_num1,DLKcat,3.2599,97280.4534,120.63718444799107
rxn05307_c_reverse_num1,DLKcat,3.2599,97280.4534,120.63718444799107
rxn05649_c,DLKcat,3.2599,97280.4534,120.63718444799107
rxn12845_c_num5,DLKcat,3.2585,192701.518,60.87445559198968
rxn09114_c,DLKcat,3.22,22176.8252,522.7078220375746
rxn01537_c,DLKcat,3.2173,27234.1843,425.2846302431756
rxn08547_c_num3,DLKcat,3.2044,40336.8634,285.987531692908
rxn04957_c,DLKcat,3.1859,21281.6095,538.9272836718483
rxn07998_c_num2,DLKcat,3.1805,73561.481,155.64939482390247
rxn07997_c_num2,DLKcat,3.1805,73561.481,155.64939482390247
rxn08000_c_num2,DLKcat,3.1805,73561.481,155.64939482390247
rxn08766_c_num2,DLKcat,3.1805,73561.481,155.64939482390247
rxn08002_c_num2,DLKcat,3.1805,73561.481,155.64939482390247
rxn05242_c,DLKcat,3.1734,89665.57999999999,127.40942511050508
rxn05241_c,DLKcat,3.1734,89665.57999999999,127.40942511050508
rxn12646_c_num3,DLKcat,3.1473,54150.6223,209.23637658731025
rxn06045_c,DLKcat,3.1455,22176.8252,510.6141162171401
rxn10259_c,DLKcat,3.1455,22176.8252,510.6141162171401
rxn10264_c,DLKcat,3.1455,22176.8252,510.6141162171401
rxn10263_c,DLKcat,3.1455,22176.8252,510.6141162171401
rxn10262_c,DLKcat,3.1455,22176.8252,510.6141162171401
rxn10261_c,DLKcat,3.1455,22176.8252,510.6141162171401
rxn09111_c,DLKcat,3.1455,22176.8252,510.6141162171401
rxn09109_c,DLKcat,3.1455,22176.8252,510.6141162171401
rxn09108_c,DLKcat,3.1455,22176.8252,510.6141162171401
rxn09113_c,DLKcat,3.1455,22176.8252,510.6141162171401
rxn10260_c,DLKcat,3.1455,22176.8252,510.6141162171401
rxn00141_c,DLKcat,3.1441,104905.3964,107.8949261755995
rxn01465_c,DLKcat,3.1325,47829.2478,235.7762356446676
rxn00461_c_reverse,DLKcat,3.1291,88353.9196,127.49587172814007
rxn00459_c_reverse,DLKcat,3.0909,44948.8274,247.5535101500779
rxn06076_c,DLKcat,3.0823,112504.77199999998,98.62941635933451
rxn00727_c,DLKcat,3.0823,156727.29979999998,70.79991816460812
rxn21082_c,DLKcat,3.0779,34460.744,321.5380376001168
rxn06556_c_num1,DLKcat,3.0779,34460.744,321.5380376001168
rxn11749_c,DLKcat,3.0773,60298.61299999999,183.7236289332228
rxn08018_c_reverse_num2,DLKcat,3.0681,73561.481,150.1486899101447
rxn08017_c_reverse_num2,DLKcat,3.0681,73561.481,150.1486899101447
rxn01226_c_reverse_num2,DLKcat,3.0591,33259.3534,331.11768192102016
rxn11944_c_num1,DLKcat,3.0582,162476.1832,67.76082366760076
rxn16206_c_reverse_num1,DLKcat,3.0582,162476.1832,67.76082366760076
rxn01104_c,DLKcat,3.0519,27245.1982,403.2578482031377
rxn00710_c,DLKcat,999,115625.2388,31103.935761125536
rxn00461_c,DLKcat,3.0448,88353.9196,124.06104957906136
rxn01675_c,DLKcat,3.0444,31003.6217,353.5019265184751
rxn03136_c_reverse,DLKcat,3.0442,52476.3699,208.83914075771463
rxn00800_c_reverse,DLKcat,3.0442,52476.3699,208.83914075771463
rxn09256_c,DLKcat,3.0431,49220.0212,222.5752799960192
rxn09256_c_reverse,DLKcat,3.0431,49220.0212,222.5752799960192
rxn01445_c,DLKcat,3.041,72016.3189,152.01554546548755
rxn05050_c,DLKcat,3.041,72016.3189,152.01554546548755
rxn12846_c_num5,DLKcat,3.0366,192701.518,56.72897709088104
rxn02733_c_num2,DLKcat,3.0348,79174.14540000001,137.9905011263942
rxn05349_c_num2,DLKcat,3.0273,40336.8634,270.1816423336475
rxn00974_c_reverse,DLKcat,3.0192,101724.6405,106.8484483855217
rxn02154_c,DLKcat,3.0101,26177.1965,413.9618236047546
rxn00689_c,DLKcat,2.9736,54211.2622,197.4674553878954
rxn12633_c_reverse_num6,DLKcat,2.9716,51579.5676,207.40305701981103
rxn12637_c_reverse_num5,DLKcat,2.9716,51579.5676,207.40305701981103
rxn06075_c,DLKcat,2.9661,155769.3852,68.54979870588846
rxn01100_c_reverse,DLKcat,2.938,42696.7065,247.71934106908228
rxn12641_c_reverse_num3,DLKcat,2.9246,54150.6223,194.43100656665956
rxn12640_c_reverse_num3,DLKcat,2.9246,54150.6223,194.43100656665956
rxn12642_c_reverse_num3,DLKcat,2.9246,54150.6223,194.43100656665956
rxn12636_c_reverse_num3,DLKcat,2.9246,54150.6223,194.43100656665956
rxn06641_c,DLKcat,2.9169,155769.3852,67.41273316651699
rxn02733_c_reverse_num2,DLKcat,2.9079,79174.14540000001,132.22043568783502
rxn05164_c_num2,DLKcat,2.9045,147628.77180000002,70.82765691612967
rxn05567_c,DLKcat,2.8844,119389.8638,86.97421765548576
rxn10184_c,DLKcat,2.8844,119389.8638,86.97421765548576
rxn05617_c,DLKcat,2.8844,119389.8638,86.97421765548576
rxn03908_c,DLKcat,2.8586,32770.7247,314.029063873586
rxn08000_c_num3,DLKcat,2.8461,67958.29259999999,150.768355236753
rxn08002_c_num3,DLKcat,2.8461,67958.29259999999,150.768355236753
rxn07998_c_num3,DLKcat,2.8461,67958.29259999999,150.768355236753
rxn07997_c_num3,DLKcat,2.8461,67958.29259999999,150.768355236753
rxn12634_c_reverse_num3,DLKcat,2.8388,54150.6223,188.72691699426693
rxn08040_c,DLKcat,2.8217,39748.897,255.55727999194545
rxn12847_c_reverse_num3,DLKcat,2.8045,54150.6223,186.4466107899188
rxn00985_c,DLKcat,2.8028,86182.9374,117.07746689079548
rxn06197_c,DLKcat,2.8028,86182.9374,117.07746689079548
rxn12643_c_num5,DLKcat,2.7905,51579.5676,194.7631681968579
rxn03408_c,DLKcat,2.7828,74844.565,133.8518034008214
rxn03933_c,DLKcat,2.7828,74844.565,133.8518034008214
rxn12645_c_reverse_num6,DLKcat,2.7793,192701.518,51.92216493074019
rxn06197_c_reverse,DLKcat,2.7493,86182.9374,114.84268578666476
rxn00985_c_reverse,DLKcat,2.7493,86182.9374,114.84268578666476
rxn02988_c,DLKcat,2.7451,279042.6834,35.415227088516446
rxn12846_c_num6,DLKcat,2.7343,51579.5676,190.84068475207616
rxn06631_c_reverse_num1,DLKcat,2.7325,55627.9053,176.83570767134387
rxn06947_c_reverse_num1,DLKcat,2.7325,55627.9053,176.83570767134387
rxn48573_c_reverse_num1,DLKcat,2.7325,55627.9053,176.83570767134387
rxn00474_c,DLKcat,2.7288,58148.74219999999,168.9405415892212
rxn12637_c_num5,DLKcat,2.7228,51579.5676,190.03804134255677
rxn01204_c_reverse,DLKcat,2.7174,46477.39,210.4816987356648
rxn01210_c,DLKcat,2.7159,54211.2622,180.35440613666435
rxn05610_c,DLKcat,2.7128,119389.8638,81.79990904722014
rxn08766_c_reverse_num2,DLKcat,2.7097,73561.481,132.6090756655647
rxn12642_c_num3,DLKcat,2.6963,54150.6223,179.253341655503
rxn03150_c,DLKcat,2.6935,28627.732000000004,338.7135243546361
rxn00105_c_num1,DLKcat,2.6766,38533.1684,250.064046121886
rxn14377_c,DLKcat,2.6663,54211.2622,177.0606256055776
rxn12642_c_reverse_num6,DLKcat,2.6569,51579.5676,185.43854563061515
rxn06631_c_num1,DLKcat,2.6557,55627.9053,171.86554029745213
rxn06947_c_num1,DLKcat,2.6557,55627.9053,171.86554029745213
rxn48573_c_num1,DLKcat,2.6557,55627.9053,171.86554029745213
rxn12635_c_num3,DLKcat,2.6366,54150.6223,175.2844121977893
rxn06556_c_num2,DLKcat,2.6318,72459.9326,130.75474486433626
rxn01352_c,DLKcat,2.6222,92398.8582,102.16489882988618
rxnmetB2_c,DLKcat,2.6173,83099.01599999999,113.3861801684872
rxn03908_c_reverse,DLKcat,2.6087,32770.7247,286.5765126030307
rxn15466_c,DLKcat,2.5922,36158.3814,258.084561274084
rxn03435_c,DLKcat,2.5922,36158.3814,258.084561274084
rxn16639_c,DLKcat,2.5724,95548.6098,96.9207194053806
rxn04987_c,DLKcat,2.5724,95548.6098,96.9207194053806
rxn00076_c,DLKcat,2.561,26177.1965,352.1996711909161
rxn05307_c_reverse_num3,DLKcat,2.5561,103334.9682,89.0498169234449
rxn05307_c_num3,DLKcat,2.5561,103334.9682,89.0498169234449
rxn01416_c_reverse_num2,DLKcat,2.5405,121874.81,75.04257852791731
rxn00912_c,DLKcat,2.5185,283238.42500000005,32.010487277635434
rxn12645_c_reverse_num5,DLKcat,2.5155,51579.5676,175.5695214474811
rxn01923_c,DLKcat,2.5135,15113.0403,598.7279740132765
rxn03052_c_num1,DLKcat,2.5132,162476.1832,55.68520765202219
rxn16206_c_num1,DLKcat,2.5132,162476.1832,55.68520765202219
rxn01416_c_reverse_num3,DLKcat,2.5079,20696.9096,436.2216473129881
rxn12847_c_num6,DLKcat,2.5052,51579.5676,174.85063213286804
rxn00198_c_reverse,DLKcat,2.4907,80068.2727,111.98593022726716
rxn08018_c_num2,DLKcat,2.4765,73561.481,121.19658112919178
rxn01176_c_reverse,DLKcat,2.4685,124415.74120000002,71.42665320551897
rxn05899_c,DLKcat,2.4636,69174.5183,128.21137346467077
rxn01211_c_reverse,DLKcat,2.4569,60298.61299999999,146.68397098951516
rxn06372_c,DLKcat,2.4383,50544.9586,173.66479750168398
rxn16584_c,DLKcat,2.4383,50544.9586,173.66479750168398
rxn12640_c_num5,DLKcat,2.4366,51579.5676,170.06268970738714
rxn12634_c_num6,DLKcat,2.4366,51579.5676,170.06268970738714
rxn12645_c_num5,DLKcat,2.4366,51579.5676,170.06268970738714
rxn12642_c_num6,DLKcat,2.4366,51579.5676,170.06268970738714
rxn12635_c_num6,DLKcat,2.4366,51579.5676,170.06268970738714
rxn12845_c_num6,DLKcat,2.4366,51579.5676,170.06268970738714
rxn12638_c_num6,DLKcat,2.4366,51579.5676,170.06268970738714
rxn12844_c_num5,DLKcat,2.4366,51579.5676,170.06268970738714
rxn12636_c_num5,DLKcat,2.4366,51579.5676,170.06268970738714
rxn12646_c_num6,DLKcat,2.4366,51579.5676,170.06268970738714
rxn00134_c,DLKcat,2.4353,21588.2673,406.1039210868026
rxn05593_c_num2,DLKcat,2.4294,107353.1032,81.46797567375769
rxn02474_c,DLKcat,2.4278,103020.6909,84.83810313875502
rxn01671_c,DLKcat,2.4258,37168.5307,234.9535974528044
rxn10220_c_reverse,DLKcat,2.4253,32266.8289,270.5899618167932
rxn10221_c_reverse,DLKcat,2.4253,32266.8289,270.5899618167932
rxn10222_c_reverse,DLKcat,2.4253,32266.8289,270.5899618167932
rxn10224_c_reverse,DLKcat,2.4253,32266.8289,270.5899618167932
rxn10223_c_reverse,DLKcat,2.4253,32266.8289,270.5899618167932
rxn10225_c_reverse,DLKcat,2.4253,32266.8289,270.5899618167932
rxn06043_c_reverse,DLKcat,2.4253,32266.8289,270.5899618167932
rxn08309_c_reverse,DLKcat,2.4253,32266.8289,270.5899618167932
rxn01539_c_reverse_num1,DLKcat,2.4237,69980.5224,124.68212154986716
rxn05267_c,DLKcat,2.4135,62272.1262,139.52631024826
rxn12635_c_reverse_num3,DLKcat,2.4129,54150.6223,160.4125609466911
rxn03408_c_reverse,DLKcat,2.4106,74844.565,115.94910064611906
rxn08019_c_num2,DLKcat,2.41,73561.481,117.94216051740447
rxn08017_c_num2,DLKcat,2.41,73561.481,117.94216051740447
rxn06372_c_reverse,DLKcat,2.4096,50544.9586,171.62067672561122
rxn00693_c_reverse_num1,DLKcat,2.4091,162476.1832,53.378654207578656
rxn03137_c_reverse,DLKcat,2.3965,111401.7354,77.44403593913852
rxn00693_c_num1,DLKcat,2.3921,162476.1832,53.00198361626704
rxn02268_c,DLKcat,2.3696,15113.0403,564.4502913156396
rxn03933_c_reverse,DLKcat,2.3669,74844.565,113.8471444118888
rxn05202_c,DLKcat,2.3669,70207.9555,121.36573326081256
rxn00105_c_reverse_num1,DLKcat,2.3666,38533.1684,221.10198443998183
rxn03108_c_num2,DLKcat,2.3647,56265.1354,151.30008911344413
rxn01192_c,DLKcat,758,48301.0635,56495.65045291394
rxn08040_c_reverse,DLKcat,2.3524,39748.897,213.0534590683108
rxn00131_c,DLKcat,2.3498,52759.0811,160.3378948918047
rxn05333_c_reverse,DLKcat,2.348,103109.9974,81.97847166272939
rxn08547_c_reverse_num3,DLKcat,2.3468,40336.8634,209.4481148973026
rxn12640_c_reverse_num5,DLKcat,2.336,51579.5676,163.04130475106967
rxn12634_c_reverse_num6,DLKcat,2.336,51579.5676,163.04130475106967
rxn00622_c_num1,DLKcat,2.3262,25372.7846,330.05127864444177
rxn02144_c,DLKcat,2.3094,26560.4168,313.01617224621265
rxn00549_c,DLKcat,2.2952,141587.68079999997,58.357619485776624
rxn00224_c,DLKcat,2.2824,32989.8726,249.06552685505065
rxn02475_c,DLKcat,2.2799,103020.6909,79.6698209679741
rxn00260_c,DLKcat,2.2792,47252.9858,173.64236060613123
rxn11997_c,DLKcat,2.2778,68180.3256,120.2704728649756
rxn12636_c_num6,DLKcat,2.274,192701.518,42.48228080901781
rxn08133_c_num1,DLKcat,2.274,192701.518,42.48228080901781
rxn12640_c_num6,DLKcat,2.274,192701.518,42.48228080901781
rxn12847_c_num5,DLKcat,2.274,192701.518,42.48228080901781
rxn12638_c_num5,DLKcat,2.274,192701.518,42.48228080901781
rxn12634_c_num5,DLKcat,2.274,192701.518,42.48228080901781
rxn12844_c_num6,DLKcat,2.274,192701.518,42.48228080901781
rxn12645_c_num6,DLKcat,2.274,192701.518,42.48228080901781
rxn16464_c,DLKcat,2.2636,32103.786,253.83174433071537
rxn00566_c,DLKcat,2.2519,40739.8303,198.99051960459445
rxn01465_c_reverse,DLKcat,195,47829.2478,14677.21179591706
rxn00695_c,DLKcat,2.2356,176917.55159999998,45.49102068853185
rxn00293_c_reverse_num2,DLKcat,2.2299,176917.55159999998,45.37503445757612
rxn05663_c_reverse,DLKcat,2.2244,147628.77180000002,54.24308488353893
rxn05663_c,DLKcat,2.2244,147628.77180000002,54.24308488353893
rxn05651_c_num1,DLKcat,2.2166,49234.0156,162.07818726043544
rxn03435_c_reverse,DLKcat,2.2165,36158.3814,220.67912586374788
rxn15466_c_reverse,DLKcat,78.3,36158.3814,7795.702934866437
rxn04045_c,DLKcat,2.2111,49457.9086,160.94412855945146
rxn00641_c,DLKcat,2.2084,38533.1684,206.32199038166817
rxn07486_c,DLKcat,2.205,57913.2396,137.06710339167418
rxn02305_c,DLKcat,2.1991,138948.6636,56.976150722762334
rxn12845_c_reverse_num3,DLKcat,2.1754,54150.6223,144.62326871541788
rxn05249_c_num2,DLKcat,2.1577,67059.5699,115.8331318197136
rxn02548_c_reverse_num1,DLKcat,2.1459,47414.3894,162.93028546308773
rxn12639_c_reverse_num5,DLKcat,2.1349,51579.5676,149.0055143463436
rxn12646_c_reverse_num6,DLKcat,2.1349,51579.5676,149.0055143463436
rxn01517_c_num1,DLKcat,2.1337,157097.346,48.89528814827974
rxn00119_c_num1,DLKcat,410,157097.346,9395.448348312644
rxn12242_c_reverse,DLKcat,2.1247,68751.3212,111.254880146216
rxn00500_c_num2,DLKcat,2.1208,45808.1317,166.67084460028306
rxn00741_c_num1,DLKcat,2.1208,45808.1317,166.67084460028306
rxn02228_c_num2,DLKcat,2.1208,45808.1317,166.67084460028306
rxn00499_c_num2,DLKcat,2.1208,45808.1317,166.67084460028306
rxn00950_c,DLKcat,2.1175,40739.8303,187.1141814746342
rxn01300_c,DLKcat,40.8,65211.2014,2252.373776999606
rxn05247_c_num2,DLKcat,2.094,67059.5699,112.41348567014892
rxn06023_c_num2,DLKcat,2.0854,73561.481,102.05667283941716
rxn05305_c,DLKcat,2.0852,25425.0792,295.248637809553
rxn01299_c_num1,DLKcat,2.0638,33259.3534,223.38618284743924
rxn02449_c_num2,DLKcat,2.0614,104288.6058,71.1586845281232
rxn03869_c,DLKcat,2.0527,58173.2534,127.02951215721416
rxn02275_c,DLKcat,2.0527,58173.2534,127.02951215721416
rxn05335_c_reverse,DLKcat,2.0504,99492.5178,74.19090564014252
rxn05332_c_reverse,DLKcat,2.0504,99492.5178,74.19090564014252
rxn07437_c_reverse,DLKcat,2.0484,95833.2036,76.94869547280793
rxn00650_c_reverse_num5,DLKcat,2.0474,192701.518,38.24899812154048
rxn12844_c_reverse_num6,DLKcat,2.0474,192701.518,38.24899812154048
rxn14260_c,DLKcat,2.0408,67524.879,108.80256445924176
rxn00610_c,DLKcat,2.0408,67524.879,108.80256445924176
rxn02005_c_num1,DLKcat,2.0344,119389.8638,61.34390112270151
rxn03840_c_reverse,DLKcat,2.0333,134296.1432,54.50551166684585
rxn12636_c_reverse_num5,DLKcat,2.017,51579.5676,140.7766745217926
rxn12635_c_reverse_num6,DLKcat,2.017,51579.5676,140.7766745217926
rxn03537_c,DLKcat,1.9836,18783.3132,380.1757402416098
rxnmqDlac_c_num1,DLKcat,1.9645,14253.1494,496.1850747175919
rxn00501_c_num2,DLKcat,1.9346,8863.8919,785.7225785887573
rxn00671_c_num2,DLKcat,1.9346,8863.8919,785.7225785887573
rxn01099_c,DLKcat,1.9185,67524.879,102.28230101678524
rxn00060_c,DLKcat,1.9124,31978.9728,215.286464735978
rxn07437_c,DLKcat,1.9091,95833.2036,71.71585360629643
rxn06595_c,DLKcat,1.9091,95833.2036,71.71585360629643
rxn03140_c,DLKcat,1.898,106558.8298,64.12232578777811
rxn02532_c,DLKcat,1.8807,48301.0635,140.17331109075892
rxn05465_c_reverse_num3,DLKcat,1.871,40336.8634,166.98373230477804
rxn05349_c_reverse_num2,DLKcat,1.871,40336.8634,166.98373230477804
rxn02548_c_num1,DLKcat,1.8596,47414.3894,141.19258066413062
rxn06373_c_num2,DLKcat,1.8596,47414.3894,141.19258066413062
rxn03907_c,DLKcat,1.859,82684.19039999999,80.9392940491318
rxn01539_c_num1,DLKcat,1.8499,69980.5224,95.16419385860428
rxn03108_c_reverse_num2,DLKcat,1.8464,56265.1354,118.13781221256956
rxn12845_c_num3,DLKcat,1.8155,54150.6223,120.6966738773748
rxn01545_c_num2,DLKcat,1.8131,33259.3534,196.2503576512705
rxn04453_c,DLKcat,1.801,47829.2478,135.55722279203394
rxnmqfadh2_c_num2,DLKcat,1.7964,59074.4039,109.47279317362694
rxn00300_c,DLKcat,1.7853,183215.4876,35.079348826840125
rxn05233_c,DLKcat,1.7823,155769.3852,41.190892496377394
rxn00832_c,DLKcat,1.7822,111401.7354,57.592639620585295
rxn02160_c_num1,DLKcat,1.7738,27906.8705,228.82107114088623
rxn00650_c_reverse_num6,DLKcat,1.7669,51579.5676,123.32092524172305
rxn12844_c_reverse_num5,DLKcat,1.7669,51579.5676,123.32092524172305
rxn00428_c,DLKcat,1.7623,55436.75919999999,114.44175474095896
rxn02312_c,DLKcat,1.7509,91402.2174,68.96156547729443
rxn01416_c_num1,DLKcat,1.7504,66062.8058,95.38559441567044
rxn00187_c_num1,DLKcat,1.75,50408.0956,124.97992485159467
rxn04045_c_reverse,DLKcat,1.7491,49457.9086,127.31553311172564
rxn12241_c,DLKcat,1.7417,34356.403,182.50222527661
rxn12641_c_reverse_num6,DLKcat,1.734,51579.5676,121.0246671397067
rxn02418_c_num1,DLKcat,1.7276,30604.515,203.21707434344248
rxn08133_c_num2,DLKcat,1.7186,54150.6223,114.25464264701532
rxn02548_c_reverse_num2,DLKcat,1.7094,49344.1511,124.71265312739364
rxn00211_c_num3,DLKcat,1.705,93971.9382,65.31737152144851
rxn01374_c,DLKcat,1.6921,27647.25,220.33149770772857
rxn00126_c,DLKcat,1.6734,176664,34.09998641488928
rxn03264_c,DLKcat,1.6734,176664,34.09998641488928
rxn16231_c,DLKcat,1.6683,41319.8008,145.35113634913748
rxn02937_c,DLKcat,1.6415,37850.742600000005,156.12375330253096
rxn03137_c,DLKcat,7.18,111401.7354,232.02511080451265
rxn00851_c,DLKcat,1.6183,38578.1805,151.01489817540772
rxn44048_c_reverse,DLKcat,1.6127,80547.01629999999,72.07864756127535
rxn00992_c,DLKcat,1.6009,26940.379,213.9257209410454
rxn05595_c,DLKcat,1.5986,138267.7456,41.62185457661791
rxn12645_c_reverse_num3,DLKcat,1.5916,54150.6223,105.81152638018712
rxnmqfadh2_c_reverse_num2,DLKcat,1.5905,59074.4039,96.92522686631798
rxn02302_c,DLKcat,1.5895,83099.01599999999,68.86002115837329
rxn11571_c_num2,DLKcat,1.5853,68510.26060000001,83.30255862433545
rxn05289_c_reverse_num1,DLKcat,1.5853,68510.26060000001,83.30255862433545
rxn01416_c_num4,DLKcat,1.5747,29874.3016,189.7590804265028
rxn01519_c_num1,DLKcat,1.5674,31782.136,177.54124518251382
rxn02733_c_num1,DLKcat,1.5665,49704.7656,113.45793369962097
rxn12844_c_reverse_num3,DLKcat,1.559,54150.6223,103.64423826759972
rxn00650_c_reverse_num3,DLKcat,1.559,54150.6223,103.64423826759972
rxn05300_c_num5,DLKcat,1.5583,95324.1092,58.8505892903744
rxn02507_c_num1,DLKcat,1.5542,50484.4691,110.8285399400189
rxn12847_c_num3,DLKcat,1.5532,54150.6223,103.25864713100442
rxn12645_c_num3,DLKcat,1.5532,54150.6223,103.25864713100442
rxn12638_c_num3,DLKcat,1.5532,54150.6223,103.25864713100442
rxn12844_c_num3,DLKcat,1.5532,54150.6223,103.25864713100442
rxn12636_c_num3,DLKcat,1.5532,54150.6223,103.25864713100442
rxn12640_c_num3,DLKcat,1.5532,54150.6223,103.25864713100442
rxn12846_c_num3,DLKcat,1.5532,54150.6223,103.25864713100442
rxn12634_c_num3,DLKcat,1.5532,54150.6223,103.25864713100442
rxn03901_c,DLKcat,1.5343,31578.078,174.91501541037425
rxn01519_c_num2,DLKcat,1.5343,31578.078,174.91501541037425
rxn01365_c_reverse,DLKcat,1.5248,60749.45220000001,90.3593333142846
rxn00269_c,DLKcat,1.5151,40574.1797,134.42933511727904
rxn05223_c,DLKcat,1.5139,20296.3552,268.5230893081729
rxn09013_c,DLKcat,1.5128,54360.0628,100.1853147233671
rxn01351_c,DLKcat,1.5128,54360.0628,100.1853147233671
rxn01222_c,DLKcat,1.5128,54360.0628,100.1853147233671
rxn01365_c,DLKcat,1.5105,60749.45220000001,89.51191826549507
rxn12845_c_reverse_num6,DLKcat,1.5095,51579.5676,105.35567188430636
rxn02449_c_num1,DLKcat,1.5025,66074.3878,81.86227947162304
rxn06584_c_num2,DLKcat,1.4882,100425.798,53.34804509096357
rxn06584_c_num1,DLKcat,1.4882,49816.1457,107.54585535909897
rxn16673_c_num1,DLKcat,1.4882,27785.7616,192.8153014888028
rxn00514_c,DLKcat,1.4882,44250.9474,121.07130614789956
rxn00302_c,DLKcat,1.4882,220299.793,24.31922394044192
rxn00299_c,DLKcat,1.4882,220299.793,24.31922394044192
rxn44048_c,DLKcat,1.4882,80547.01629999999,66.5141956350778
rxn05237_c,DLKcat,1.4882,47626.5435,112.49021252193116
rxn00641_c_reverse,DLKcat,1.4882,38533.1684,139.036581274225
rxn05115_c,DLKcat,1.4882,33867.2268,158.1918717950653
rxn14264_c,DLKcat,1.4882,62272.1262,86.03399830597078
rxn01675_c_reverse,DLKcat,1.4882,31003.6217,172.8030373948215
rxnmetC2_c,DLKcat,1.4882,40739.8303,131.5057024182057
rxn01332_c_num2,DLKcat,1.4882,117445.65600000002,45.61701285912182
rxn01416_c_num2,DLKcat,1.4882,121874.81,43.959206992815
rxn05303_c_num2,DLKcat,1.4882,104045.4398,51.49211738927168
rxn01672_c,DLKcat,1.4783,62022.6558,85.8054195093013
rxn00801_c,DLKcat,1.4778,30558.006,174.0977470846756
rxn05856_c,DLKcat,1.4778,30558.006,174.0977470846756
rxn01211_c,DLKcat,134,60298.61299999999,8000.184017499707
rxn01416_c_num3,DLKcat,1.4682,20696.9096,255.37725690216087
rxn05005_c_num1,DLKcat,1.4674,52481.5634,100.65706236182744
rxn02287_c,DLKcat,1.4674,52481.5634,100.65706236182744
rxn05006_c_num2,DLKcat,1.4634,52481.5634,100.3826802918756
rxn00658_c_reverse,DLKcat,1.4544,40758.5897,128.45979310221327
rxn00741_c_reverse_num1,DLKcat,1.4543,45808.1317,114.2914981621047
rxn16507_c,DLKcat,1.4453,105046.9032,49.53101749314586
rxn05201_c,DLKcat,1.444,49795.1377,104.39573500767727
rxn08669_c_num1,DLKcat,1.4368,28849.0194,179.2948289951235
rxn01073_c_num2,DLKcat,1.4368,28849.0194,179.2948289951235
rxn00758_c_num1,DLKcat,1.4368,28849.0194,179.2948289951235
rxn00622_c_num2,DLKcat,1.4368,28849.0194,179.2948289951235
rxn01962_c,DLKcat,1.4312,44250.9474,116.43411729530564
rxn02304_c,DLKcat,1.4303,45727.0546,112.60467233330178
rxn02312_c_reverse,DLKcat,1.419,91402.2174,55.88923491477573
rxn02774_c,DLKcat,1.416,52481.5634,97.13125276294645
rxn06448_c,DLKcat,1.4037,75676.0668,66.77566916043791
rxn04413_c,DLKcat,1.4003,18783.3132,268.38076681807127
rxn00001_c,DLKcat,6290,107518.9332,210604.7681656127
rxn03406_c_num1,DLKcat,1.3885,50408.0956,99.16264323225096
rxn00251_c,DLKcat,1.3866,309540.71880000003,16.126343633728098
rxn16213_c_num2,DLKcat,1.3785,68510.26060000001,72.43586517608429
rxn02834_c,DLKcat,1.3775,40962.016800000005,121.0633749849934
rxn01257_c,DLKcat,1.3625,134296.1432,36.523759231828784
rxn05300_c_num4,DLKcat,1.3508,95536.8008,50.900594946444976
rxn02160_c_num2,DLKcat,1.3502,29201.9767,166.45174571350165
rxn00119_c_reverse_num1,DLKcat,1.3465,157097.346,30.85602731951946
rxn01517_c_reverse_num1,DLKcat,1.3465,157097.346,30.85602731951946
rxn05300_c_num3,DLKcat,1.326,108024.9474,44.189792403453644
rxn07438_c,DLKcat,1.3167,30910.3198,153.35072657514206
rxn02056_c,DLKcat,1.3157,49457.9086,95.76870785838284
rxn06373_c_num1,DLKcat,1.3024,49344.1511,95.01916428753802
rxn02548_c_num2,DLKcat,1.3024,49344.1511,95.01916428753802
rxn00772_c_num2,DLKcat,1.2942,60417.1856,77.1158065992402
rxn01213_c_num2,DLKcat,1.2754,39510.8835,116.2069686444749
rxn01233_c_reverse,DLKcat,1.2625,49345.0463,92.10650999024394
rxn05651_c_num2,DLKcat,1.2577,56091.813700000006,80.7198002941381
rxn05918_c,DLKcat,1.257,30017.6956,150.75107897356386
rxn06300_c,DLKcat,1.2529,384934.024,11.71743654439858
rxn03907_c_reverse,DLKcat,1.2499,82684.19039999999,54.419593131796574
rxn03840_c,DLKcat,1.2496,134296.1432,33.49731342098587
rxn07230_c,DLKcat,1.2391,54562.7254,81.75471381420401
rxn00499_c_reverse_num2,DLKcat,1.1901,45808.1317,93.5283723872109
rxn00500_c_reverse_num2,DLKcat,1.1901,45808.1317,93.5283723872109
rxn01406_c,DLKcat,1.1793,110938.4514,38.26878729983787
rxn02421_c,DLKcat,1.1663,82684.19039999999,50.77971955325573
rxn16673_c_num2,DLKcat,1.1562,17502.321099999997,237.81531467846287
rxn08453_c_reverse_num1,DLKcat,1.1498,67059.5699,61.72541825383821
rxn08455_c_reverse_num1,DLKcat,1.1498,67059.5699,61.72541825383821
rxn08451_c_num1,DLKcat,1.1498,67059.5699,61.72541825383821
rxn05307_c_num2,DLKcat,1.1428,31617.7524,130.11930601366845
rxn05307_c_reverse_num2,DLKcat,1.1428,31617.7524,130.11930601366845
rxn05300_c_num2,DLKcat,1.1422,31617.7524,130.0509899622087
rxn05289_c_num1,DLKcat,1.1288,68510.26060000001,59.31491085292996
rxn02733_c_reverse_num1,DLKcat,1.1269,49704.7656,81.618733154231
rxn02518_c,DLKcat,1.08,44250.9474,87.86252562809538
rxn45983_c_reverse,DLKcat,1.0638,45743.44869999999,83.72084110046563
rxn45983_c,DLKcat,1.0638,45743.44869999999,83.72084110046563
rxn03537_c_reverse,DLKcat,1.0622,18783.3132,203.58069736067648
rxn01987_c_reverse_num1,DLKcat,1.037,60417.1856,61.790365819357206
rxn01226_c_num2,DLKcat,1.0245,33259.3534,110.8921137354402
rxn01466_c_num3,DLKcat,1.0108,34193.4353,106.42042743216268
rxn01486_c_num2,DLKcat,1.0108,34193.4353,106.42042743216268
rxn48573_c_num2,DLKcat,1.0091,42276.9982,85.9275765704671
rxn06631_c_num2,DLKcat,1.0091,42276.9982,85.9275765704671
rxn06947_c_num2,DLKcat,1.0091,42276.9982,85.9275765704671
rxn01233_c,DLKcat,1.006,49345.0463,73.39338538628547
rxn08453_c_num1,DLKcat,0.9926,67059.5699,53.2863542866236
rxn09449_c_num1,DLKcat,0.9926,67059.5699,53.2863542866236
rxn08449_c_num1,DLKcat,0.9926,67059.5699,53.2863542866236
rxn08451_c_reverse_num1,DLKcat,0.9926,67059.5699,53.2863542866236
rxn08450_c_num1,DLKcat,0.9926,67059.5699,53.2863542866236
rxn08452_c_num1,DLKcat,0.9926,67059.5699,53.2863542866236
rxn08454_c_num1,DLKcat,0.9926,67059.5699,53.2863542866236
rxn05252_c_num1,DLKcat,0.9926,67059.5699,53.2863542866236
rxn08457_c_num1,DLKcat,0.9926,67059.5699,53.2863542866236
rxn00988_c_num3,DLKcat,0.9926,67059.5699,53.2863542866236
rxn08456_c_num1,DLKcat,0.9926,67059.5699,53.2863542866236
rxn05250_c_num2,DLKcat,0.9926,67059.5699,53.2863542866236
rxn00947_c_num3,DLKcat,0.9926,67059.5699,53.2863542866236
rxn05251_c_num2,DLKcat,0.9926,67059.5699,53.2863542866236
rxn05248_c_num1,DLKcat,0.9926,67059.5699,53.2863542866236
rxn08455_c_num1,DLKcat,0.9926,67059.5699,53.2863542866236
rxn09450_c_num3,DLKcat,0.9926,67059.5699,53.2863542866236
rxn05736_c_num3,DLKcat,0.9926,67059.5699,53.2863542866236
rxn09448_c_num3,DLKcat,0.9926,67059.5699,53.2863542866236
rxn08448_c_num1,DLKcat,0.9926,67059.5699,53.2863542866236
rxn04783_c,DLKcat,0.9808,88098.66399999999,40.0787008529437
rxn06297_c_num2,DLKcat,0.9641,39510.8835,87.84313820772951
rxn05582_c_reverse,DLKcat,0.9264,97280.4534,34.28273495279577
rxn05582_c,DLKcat,0.9264,97280.4534,34.28273495279577
rxn06947_c_reverse_num2,DLKcat,0.8846,42276.9982,75.32606702431396
rxn06631_c_reverse_num2,DLKcat,0.8846,42276.9982,75.32606702431396
rxn48573_c_reverse_num2,DLKcat,0.8846,42276.9982,75.32606702431396
rxn01987_c_num1,DLKcat,0.8726,60417.1856,51.994477544813016
rxn00695_c_reverse,DLKcat,0.8717,176917.55159999998,17.737753951598325
rxn05244_c,DLKcat,0.8475,77493.7398,39.37092219157553
rxn02476_c,DLKcat,100,45626.4603,7890.158421954114
rxn01544_c_num1,DLKcat,0.7702,22046.8813,125.7647266418584
rxn05918_c_reverse,DLKcat,0.7552,30017.6956,90.57057664346492
rxn00992_c_reverse,DLKcat,0.7331,26940.379,97.9629870834408
rxn00213_c_num2,DLKcat,0.7093,33667.201,75.84473684046381
rxn06799_c,DLKcat,0.699,40605.726,61.97155544023519
rxn05465_c_num1,DLKcat,0.6547,103987.8878,22.66533199071286
rxn07261_c_reverse,DLKcat,0.6302,78475.49560000001,28.90991618025538
rxn07100_c,DLKcat,0.6302,78475.49560000001,28.90991618025538
rxn05197_c_reverse_num2,DLKcat,0.6256,70207.9555,32.07841595672161
rxn05197_c_num2,DLKcat,0.6256,70207.9555,32.07841595672161
rxn05312_c,DLKcat,0.6175,87912.7476,25.28643525185419
rxn08793_c_num2,DLKcat,0.6172,45808.1317,48.50492516375646
rxn05669_c,DLKcat,0.6028,77493.7398,28.00329427384275
rxn00100_c,DLKcat,0.602,21588.2673,100.38786206802249
rxn05197_c_num1,DLKcat,0.6001,49795.1377,43.38495884910465
rxn05197_c_reverse_num1,DLKcat,0.6001,49795.1377,43.38495884910465
rxn03491_c,DLKcat,0.5653,45455.2714,44.77104497059499
rxn05153_c,DLKcat,0.5598,63918.2654,31.529015804612246
rxnCREATtpp_c,DLKcat,0.5476,45956.4165,42.8962950146472
rxn01509_c,DLKcat,0.521,82627.7816,22.69938710299346
rxn05814_c,DLKcat,0.521,82627.7816,22.69938710299346
rxn01517_c_num2,DLKcat,0.521,82627.7816,22.69938710299346
rxn00239_c,DLKcat,0.521,82627.7816,22.69938710299346
rxn07230_c_reverse,DLKcat,0.5096,54562.7254,33.62295388565763
rxn00915_c_num1,DLKcat,0.4966,22046.8813,81.08902006017513
rxn11268_c,DLKcat,0.4744,87912.7476,19.426534224258507
rxn09562_c,DLKcat,0.4632,82627.7816,20.18110576987825
rxn05814_c_reverse,DLKcat,0.4597,82627.7816,20.028614685693075
rxn00239_c_reverse,DLKcat,0.4597,82627.7816,20.028614685693075
rxn01517_c_reverse_num2,DLKcat,0.4597,82627.7816,20.028614685693075
rxn01509_c_reverse,DLKcat,0.4597,82627.7816,20.028614685693075
rxn04464_c,DLKcat,0.4596,111969.2884,14.776909129664524
rxn01641_c,DLKcat,0.4591,100768.9257,16.401484768433924
rxn02283_c,DLKcat,0.4591,100768.9257,16.401484768433924
rxn09562_c_reverse,DLKcat,0.4376,82627.7816,19.065742411266672
rxn02504_c_reverse,DLKcat,0.4173,28041.4344,53.57357896071109
rxn02937_c_reverse,DLKcat,0.4165,37850.742600000005,39.61348964392576
rxn01641_c_reverse,DLKcat,0.3968,100768.9257,14.175798641068573
rxn08796_c_num1,DLKcat,0.3914,60415.384000000005,23.322536524803024
rxn08802_c_num2,DLKcat,0.3914,60415.384000000005,23.322536524803024
rxn08838_c_num1,DLKcat,0.3914,60415.384000000005,23.322536524803024
rxn08839_c_num1,DLKcat,0.3914,60415.384000000005,23.322536524803024
rxn08842_c_num2,DLKcat,0.3914,60415.384000000005,23.322536524803024
rxn08823_c_num2,DLKcat,0.3914,60415.384000000005,23.322536524803024
rxn08804_c_num2,DLKcat,0.3914,60415.384000000005,23.322536524803024
rxn08820_c_num2,DLKcat,0.3914,60415.384000000005,23.322536524803024
rxn08840_c_num1,DLKcat,0.3914,60415.384000000005,23.322536524803024
rxn08807_c_num1,DLKcat,0.3914,60415.384000000005,23.322536524803024
rxn08845_c_num1,DLKcat,0.3914,60415.384000000005,23.322536524803024
rxn08805_c_num1,DLKcat,0.3914,60415.384000000005,23.322536524803024
rxn08846_c_num1,DLKcat,0.3914,60415.384000000005,23.322536524803024
rxn08819_c_num2,DLKcat,0.3914,60415.384000000005,23.322536524803024
rxn08848_c_num1,DLKcat,0.3914,60415.384000000005,23.322536524803024
rxn08817_c_num2,DLKcat,0.3914,60415.384000000005,23.322536524803024
rxn08850_c_num1,DLKcat,0.3914,60415.384000000005,23.322536524803024
rxn06488_c_num2,DLKcat,0.3914,60415.384000000005,23.322536524803024
rxn08822_c_num1,DLKcat,0.3914,60415.384000000005,23.322536524803024
rxn08797_c_num1,DLKcat,0.3914,60415.384000000005,23.322536524803024
rxn08801_c_num2,DLKcat,0.3914,60415.384000000005,23.322536524803024
rxn08816_c_num2,DLKcat,0.3914,60415.384000000005,23.322536524803024
rxn08815_c_num2,DLKcat,0.3914,60415.384000000005,23.322536524803024
rxn08809_c_num1,DLKcat,0.3914,60415.384000000005,23.322536524803024
rxn08806_c_num2,DLKcat,0.3914,60415.384000000005,23.322536524803024
rxn08821_c_num1,DLKcat,0.3914,60415.384000000005,23.322536524803024
rxn08818_c_num1,DLKcat,0.3914,60415.384000000005,23.322536524803024
rxn08813_c_num1,DLKcat,0.3914,60415.384000000005,23.322536524803024
rxn08812_c_num1,DLKcat,0.3914,60415.384000000005,23.322536524803024
rxn08814_c_num1,DLKcat,0.3914,60415.384000000005,23.322536524803024
rxn08851_c_num2,DLKcat,0.3914,60415.384000000005,23.322536524803024
rxn08849_c_num2,DLKcat,0.3914,60415.384000000005,23.322536524803024
rxn08811_c_num1,DLKcat,0.3914,60415.384000000005,23.322536524803024
rxn08810_c_num2,DLKcat,0.3914,60415.384000000005,23.322536524803024
rxn08847_c_num2,DLKcat,0.3914,60415.384000000005,23.322536524803024
rxn08799_c_num2,DLKcat,0.3914,60415.384000000005,23.322536524803024
rxn08803_c_num1,DLKcat,0.3914,60415.384000000005,23.322536524803024
rxn08844_c_num2,DLKcat,0.3914,60415.384000000005,23.322536524803024
rxn08841_c_num2,DLKcat,0.3914,60415.384000000005,23.322536524803024
rxn08843_c_num2,DLKcat,0.3914,60415.384000000005,23.322536524803024
rxn08800_c_num1,DLKcat,0.3914,60415.384000000005,23.322536524803024
rxn08808_c_num2,DLKcat,0.3914,60415.384000000005,23.322536524803024
rxn08798_c_num1,DLKcat,0.3914,60415.384000000005,23.322536524803024
rxn11590_c_reverse,DLKcat,0.3763,58728.9947,23.06663015295918
rxn05465_c_num3,DLKcat,0.3571,40336.8634,31.870599041173836
rxn02402_c,DLKcat,999,176694.92759999997,20353.72519658001
rxn12512_c,DLKcat,0.337,43878.2295,27.649246877657177
rxn00097_c,DLKcat,999,19412.6888,185260.2716219301
rxn10052_c,DLKcat,0.3361,19412.6888,62.32830559772843
rxn09690_c,DLKcat,0.335,31617.7524,38.143128731693146
rxn00139_c,DLKcat,0.3333,39070.2022,30.710872543167945
rxn01362_c_num1,DLKcat,0.2956,38889.6602,27.363571564454038
rxn00364_c,DLKcat,410,99258.6872,14870.234955112322
rxn09177_c,DLKcat,0.2644,43878.2295,21.692762238731625
rxn00438_c,DLKcat,0.2605,34659.5943,27.057443081496203
rxn02418_c_reverse_num1,DLKcat,0.2545,30604.515,29.936759331098692
rxn03039_c,DLKcat,0.2491,39070.2022,22.952530304539863
rxn01127_c,DLKcat,0.2328,19412.6888,43.171762996581904
rxn00119_c_num2,DLKcat,0.2328,19412.6888,43.171762996581904
rxn01104_c_reverse,DLKcat,0.229,27245.1982,30.258542953084483
rxn03253_c_reverse,DLKcat,0.2206,87288.0876,9.0981486917122
rxn00946_c_reverse,DLKcat,0.2206,87288.0876,9.0981486917122
rxn00872_c_reverse,DLKcat,0.2206,87288.0876,9.0981486917122
rxn03251_c_reverse,DLKcat,0.2206,87288.0876,9.0981486917122
rxn02679_c_reverse,DLKcat,0.2206,87288.0876,9.0981486917122
rxn02720_c_reverse,DLKcat,0.2206,87288.0876,9.0981486917122
rxn02803_c_reverse,DLKcat,0.2206,87288.0876,9.0981486917122
rxn00119_c_reverse_num2,DLKcat,0.1983,19412.6888,36.77388574837711
rxn10052_c_reverse,DLKcat,0.1983,19412.6888,36.77388574837711
rxn00872_c,DLKcat,0.1976,87288.0876,8.149565645885453
rxn00946_c,DLKcat,0.1956,87288.0876,8.067080163639648
rxn03251_c,DLKcat,0.1956,87288.0876,8.067080163639648
rxn02803_c,DLKcat,0.1956,87288.0876,8.067080163639648
rxn03253_c,DLKcat,0.1956,87288.0876,8.067080163639648
rxn02720_c,DLKcat,0.1956,87288.0876,8.067080163639648
rxn02679_c,DLKcat,0.1956,87288.0876,8.067080163639648
rxn01802_c,DLKcat,0.1956,87288.0876,8.067080163639648
rxn00213_c_num1,DLKcat,0.1935,33054.3807,21.07436246718124
rxn05654_c_num1,DLKcat,0.1788,1371589.5527999997,0.469294913107186
rxn00707_c,DLKcat,0.145,99258.6872,5.2589855329055775
rxn02421_c_reverse,DLKcat,0.1448,82684.19039999999,6.304470025989395
rxn07292_c,DLKcat,0.1321,45786.135,10.386550426237113
rxn01219_c,DLKcat,0.1314,99258.6872,4.765728958784778
rxn03904_c,DLKcat,0.1271,78475.49560000001,5.830609880213358
rxn00216_c_num2,DLKcat,0.1257,26653.0092,16.978195467699763
rxn06538_c,DLKcat,0.1218,100768.9257,4.351341417545746
rxn01486_c_num4,DLKcat,0.0952,68817.7902,4.980107600142034
rxn02169_c,DLKcat,0.0925,87288.0876,3.814953553868444
rxn16507_c_reverse,DLKcat,0.0843,105046.9032,2.8889952083804027
rxn00364_c_reverse,DLKcat,0.0814,99258.6872,2.9522856715759587
rxn01219_c_reverse,DLKcat,0.0814,99258.6872,2.9522856715759587
rxn05028_c,DLKcat,0.0782,75614.47600000001,3.723096619753075
rxn12008_c,DLKcat,0.0781,75614.47600000001,3.7183356266331855
rxn03891_c,DLKcat,0.078,75614.47600000001,3.713574633513296
rxn03892_c,DLKcat,0.0779,75614.47600000001,3.708813640393408
rxn05287_c,DLKcat,0.0777,75614.47600000001,3.69929165415363
rxn01486_c_num1,DLKcat,0.0773,75614.47600000001,3.6802476816740746
rxn01466_c_num1,DLKcat,0.0766,75614.47600000001,3.6469207298348527
rxn01486_c_num3,DLKcat,0.0722,39510.8835,6.578440595994266
rxn01466_c_num2,DLKcat,0.0717,39510.8835,6.5328835281549695
rxn02341_c,DLKcat,2.9,43878.2295,237.93120458518044
rxn06488_c_reverse_num2,DLKcat,0.0228,60415.384000000005,1.358594360668137
rxn00102_c,DLKcat,0.0204,66858.22020000001,1.0984438380248716
rxn08800_c_reverse_num1,DLKcat,0.0195,60415.384000000005,1.161955703203012
rxn08821_c_reverse_num1,DLKcat,0.0195,60415.384000000005,1.161955703203012
rxn08823_c_reverse_num2,DLKcat,0.0195,60415.384000000005,1.161955703203012
rxn08817_c_reverse_num2,DLKcat,0.0195,60415.384000000005,1.161955703203012
rxn08820_c_reverse_num2,DLKcat,0.0195,60415.384000000005,1.161955703203012
rxn08802_c_reverse_num2,DLKcat,0.0195,60415.384000000005,1.161955703203012
rxn08799_c_reverse_num2,DLKcat,0.0195,60415.384000000005,1.161955703203012
rxn08822_c_reverse_num1,DLKcat,0.0195,60415.384000000005,1.161955703203012
rxn08818_c_reverse_num1,DLKcat,0.0195,60415.384000000005,1.161955703203012
rxn04308_c,DLKcat,0.0179,56335.4262,1.1438628292475757
rxn08806_c_reverse_num2,DLKcat,0.0144,60415.384000000005,0.8580595962114548
rxn08838_c_reverse_num1,DLKcat,0.0144,60415.384000000005,0.8580595962114548
rxn08843_c_reverse_num2,DLKcat,0.0144,60415.384000000005,0.8580595962114548
rxn08804_c_reverse_num2,DLKcat,0.0144,60415.384000000005,0.8580595962114548
rxn08839_c_reverse_num1,DLKcat,0.0144,60415.384000000005,0.8580595962114548
rxn08807_c_reverse_num1,DLKcat,0.0144,60415.384000000005,0.8580595962114548
rxn08844_c_reverse_num2,DLKcat,0.0144,60415.384000000005,0.8580595962114548
rxn08803_c_reverse_num1,DLKcat,0.0144,60415.384000000005,0.8580595962114548
rxn08841_c_reverse_num2,DLKcat,0.0144,60415.384000000005,0.8580595962114548
rxn08809_c_reverse_num1,DLKcat,0.0144,60415.384000000005,0.8580595962114548
rxn08842_c_reverse_num2,DLKcat,0.0144,60415.384000000005,0.8580595962114548
rxn08805_c_reverse_num1,DLKcat,0.0144,60415.384000000005,0.8580595962114548
rxn08845_c_reverse_num1,DLKcat,0.0127,60415.384000000005,0.7567608938809359
rxn08810_c_reverse_num2,DLKcat,0.0127,60415.384000000005,0.7567608938809359
rxn08846_c_reverse_num1,DLKcat,0.0123,60415.384000000005,0.7329259050972844
rxn08811_c_reverse_num1,DLKcat,0.0123,60415.384000000005,0.7329259050972844
rxn08816_c_reverse_num2,DLKcat,0.0122,60415.384000000005,0.7269671579013716
rxn08851_c_reverse_num2,DLKcat,0.0122,60415.384000000005,0.7269671579013716
rxn08848_c_reverse_num1,DLKcat,0.012,60415.384000000005,0.7150496635095458
rxn08813_c_reverse_num1,DLKcat,0.012,60415.384000000005,0.7150496635095458
rxn08815_c_reverse_num2,DLKcat,0.0117,60415.384000000005,0.6971734219218073
rxn08850_c_reverse_num1,DLKcat,0.0117,60415.384000000005,0.6971734219218073
rxn08814_c_reverse_num1,DLKcat,0.0108,60415.384000000005,0.6435446971585912
rxn08812_c_reverse_num1,DLKcat,0.0108,60415.384000000005,0.6435446971585912
rxn08849_c_reverse_num2,DLKcat,0.0108,60415.384000000005,0.6435446971585912
rxn00336_c,modify,12.2,188911.37720000002,232.4899678
rxn00558_c,modify,141.2,118443.55059999999,4291.664657
rxn00558_c_reverse,modify,141.2,118443.55059999999,4291.664657
rxn00737_c,modify,14.3405,186288.00000000,277.1289616
rxn00747_c_reverse,modify,75.74,54342.9118,5017.471294
rxn00786_c,modify,21,74279.1558,1017.782165
rxn00802_c,modify,3.8649,204168.00000000,68.14799577
rxn01116_c,modify,178.7,71642.0931,8979.63714
rxn01255_c,modify,4.4088,173606.5184,91.42329531
rxn01256_c,modify,0.3688,11297.7326,117.5173857
rxn01682_c,modify,4.0121,89592.0468,161.2147564
rxn01974_c,modify,58,58493.371999999996,3569.635206
rxn01996_c_reverse,modify,0.5627,16729.7785,121.0846874
rxn02007_c,modify,3.5997,142234.65279999998,91.10944306
rxn02213_c,modify,52.26,185368.9068,1014.927494
rxn02473_c,modify,27.0455,21913.590399999997,4443.078392
rxn03437_c,modify,7.2221,129346.78940000001,201.0066127
rxn05072_c,modify,44.4202,39238.8911,4075.362874
rxn12146_c,modify,2.7037,130018.4284,74.86108023
rxn15467_c,modify,9.1661,129346.78940000001,255.1123236
rxn00148_c_num1,modify,108.319239048314,205989.45080000,1893.054518
rxn00173_c,modify,120,98184.5212,4399.878868
rxn00225_c,modify,853.0902463607276,86182.9374,35634.95257
rxn00225_c_reverse,modify,232.2723981804184,86182.9374,9702.391897
rxn00250_c,modify,160,246277.7116,2338.823096
rxn00336_c_reverse,modify,8.5,188911.37720000002,161.9807153
rxn00500_c_reverse_num1,modify,114.49441382962353,137607.442,2995.331385
rxn01333_c,modify,49.98645265114055,38328.48,4694.974326
rxn01476_c,modify,22.031431138230563,24478.0099,3240.179754
rxn01791_c,modify,127.6,59861.8502,7673.668596
rxn02373_c,modify,21.96936856140273,182664.9856,432.9769417
rxn02760_c,modify,70.13316,47794.8452,5282.564991
rxn05226_c,modify,49.40752145452189,210097.97340000,846.5911135
rxn05560_c,modify,49.40752145452189,208009.5274,855.0910117
rxn05655_c,modify,60.107067,188564.3821,1147.541433
rxn08173_c,modify,642.3774102936969,240508.0025,9615.308651
rxn08287_c,modify,60.24668613792035,230839.0612,939.5639931
rxnbccaa3_c,modify,231.89651,279026.2986,2991.931012
rxn00154_c,modify,486,618905.6393,2826.925284
rxn08094_c,modify,144.8851,682234.6965,764.5262879
rxn01100_c,modify,130,42696.7065,10961.03279
rxn00198_c,modify,43.7,80068.2727,1964.823203
rxn00248_c_reverse,modify,200,139666.6524,5155.131792
rxn00604_c,modify,70,92277.6672,2730.888281
rxn00902_c,modify,2.1,136423.7684,55.4155635
rxn01643_c,modify,8.49,72336.856,422.5232017
rxn00113_c,modify,1.9,162183.68159999998,42.17440332
rxn01101_c,modify,61.59503847366536,55330.9524,4007.560486
rxn00260_c_reverse,modify,18.60182536838533,47252.9858,1417.192378
rxn01019_c,modify,124.72806536090562,68684.6342,6537.430686
rxn00692_c_reverse,modify,5.6454,93080.4838,218.3426554
rxn00288_c,modify,75.9117,129552.7318,2109.427692
rxn00781_c,modify,25.712554242541746,144180.3724,642.0096837
rxn01388_c,modify,28.4840289677246,101724.6405,1008.039977
rxn01000_c,modify,1.3143904672328417,67478.8688,70.12277719
rxn01739_c,modify,4.345610746965717,20821.1636,751.3604422
rxn15228_c_reverse,modify,70.67293511128192,74793.8308,3401.651763
rxn00785_c_reverse,modify,74.37302115554701,74793.8308,3579.745459
rxn00330_c,modify,38.001741638821,82348.7806,1661.302923
rxn01115_c,modify,15.490927675654902,103466.8744,538.9873808
rxn00337_c,modify,16.109392475049575,44738.1902,1296.293226
rxn09296_c_num1,modify,84.40878122641949,11809.5917,25730.91603
rxn09296_c_num2,modify,7.319572098678221,13454.9359,1958.423269
