reactions,data_type,kcat,MW,kcat_MW
rxn05740_c_num1,DLKcat,15074803.080000002,15.4560315,975334.6504243345
rxn05740_c_reverse_num1,DLKcat,12333845.879999999,15.4560315,797995.6484948933
rxn00427_c,DLKcat,9807316.92,58.6940836,167092.0869441771
Bio_protein_c,DLKcat,8057040.839999999,3504.1179847000008,2299.3063804299354
rxn00799_c,DLKcat,6972235.92,199.0511248,35027.36257836007
rxn00101_c,DLKcat,6538607.28,266.10026880000004,24571.96796337847
rxn00717_c,DLKcat,6293468.16,17.2535849,364762.92877545697
rxn00533_c,DLKcat,2799117.36,7.5855445999999995,369006.77638886997
rxn03084_c,DLKcat,2791216.44,113.1772834,24662.338202049476
rxn00410_c,DLKcat,2460444.1199999996,242.2922772,10154.859859478838
rxn02852_c,DLKcat,2321701.2,66.69347219999999,34811.52087925032
rxn02745_c,DLKcat,2321701.2,66.69347219999999,34811.52087925032
rxn12639_c_num2,DLKcat,2228073.84,27.9623491,79681.21104674999
rxn00533_c_reverse,DLKcat,2089026.7200000002,7.5855445999999995,275395.746799775
rxn00679_c_num2,DLKcat,1916617.3199999998,85.2776146,22475.03438024168
rxn03849_c_num1,DLKcat,1870841.5199999998,55.6279053,33631.349408369686
rxn03848_c_num1,DLKcat,1870841.5199999998,55.6279053,33631.349408369686
rxn05157_c,DLKcat,1753063.56,165.53062400000002,10590.569392162744
rxn05157_c_reverse,DLKcat,1753063.56,165.53062400000002,10590.569392162744
rxn08521_c,DLKcat,1683760.68,79.5923832,21154.79663134399
rxn03974_c_num2,DLKcat,1650470.76,79.5923832,20736.541533788375
rxn03975_c_num2,DLKcat,1650470.76,79.5923832,20736.541533788375
rxn12646_c_num1,DLKcat,1627720.56,27.9623491,58211.15222397391
rxn00196_c_num3,DLKcat,1567239.48,51.1300291,30652.0357525085
rxnfad3_c_num1,DLKcat,1550205.72,79.5923832,19476.80993675787
rxnfmn_c_num1,DLKcat,1550205.72,79.5923832,19476.80993675787
rxnriboflavin_c,DLKcat,1550205.72,79.5923832,19476.80993675787
rxn12633_c_num1,DLKcat,1471898.52,27.9623491,52638.586076446634
rxn12635_c_num1,DLKcat,1450726.56,27.9623491,51881.42651434103
rxn12639_c_reverse_num2,DLKcat,1413370.44,27.9623491,50545.482961587084
rxn12646_c_reverse_num1,DLKcat,1413370.44,27.9623491,50545.482961587084
rxn15641_c,DLKcat,1283465.52,402.98550900000004,3184.8924870397755
rxn02782_c_reverse,DLKcat,1283465.52,402.98550900000004,3184.8924870397755
rxn02258_c_reverse_num2,DLKcat,1218916.08,27.524935799999998,44284.066232045494
rxn00184a_c,DLKcat,1121308.92,334.63212070000003,3350.870554967618
rxn12643_c_num2,DLKcat,1062624.5999999999,27.9623491,38001.97888238223
rxn03031_c_num2,DLKcat,1024173.36,104.9741613,9756.43289088131
rxnfad2_c_num1,DLKcat,980941.6799999999,79.5923832,12324.567258340368
rxnfad1_c_num1,DLKcat,980941.6799999999,79.5923832,12324.567258340368
rxn00412_c,DLKcat,975488.04,242.2922772,4026.079787903368
rxn02258_c_num2,DLKcat,968931.72,27.524935799999998,35201.961125010144
rxn12633_c_reverse_num1,DLKcat,959609.52,27.9623491,34317.91501379975
rxn12636_c_reverse_num2,DLKcat,959609.52,27.9623491,34317.91501379975
rxn12642_c_reverse_num2,DLKcat,959609.52,27.9623491,34317.91501379975
rxn12640_c_reverse_num2,DLKcat,959609.52,27.9623491,34317.91501379975
rxn12641_c_reverse_num1,DLKcat,959609.52,27.9623491,34317.91501379975
rxn16494_c_reverse,DLKcat,955567.7999999999,185.5212468,5150.718941804783
rxn10432_c_reverse,DLKcat,940189.3200000001,132.2086804,7111.403859076716
rxn15726_c_reverse,DLKcat,940189.3200000001,132.2086804,7111.403859076716
rxn11732_c_reverse,DLKcat,940189.3200000001,132.2086804,7111.403859076716
rxn00376_c,DLKcat,871260.84,80.5447368,10817.104563435609
rxn12635_c_reverse_num1,DLKcat,859631.76,27.9623491,30742.472920488643
rxn12641_c_num1,DLKcat,833575.32,27.9623491,29810.632755457584
rxn00410_c_reverse,DLKcat,794087.64,242.2922772,3277.395586754591
rxn12637_c_num1,DLKcat,776844.72,27.9623491,27781.811793487694
Bio_dna_c,DLKcat,705191.04,1703.3313870000002,414.0069544787881
rxn01025_c,DLKcat,695963.88,17.2535849,40337.34925429903
rxn05734_c,DLKcat,685855.8,110.1791204,6224.916277331254
rxn00433_c,DLKcat,685815.48,41.865569799999996,16381.372169930433
rxn12845_c_num2,DLKcat,674025.84,27.9623491,24104.764502779202
rxn00679_c_num1,DLKcat,639836.64,85.03519779999999,7524.374101003151
rxn01274_c_num3,DLKcat,633957.84,46.3857786,13667.073381840355
rxn02228_c_reverse_num1,DLKcat,611760.24,137.60744200000002,4445.691534619181
rxn02350_c_num2,DLKcat,591352.92,51.1300291,11565.667581440905
rxn02315_c,DLKcat,572079.24,74.175456,7712.513961491521
rxn12844_c_reverse_num1,DLKcat,560041.56,27.9623491,20028.4159959937
rxn00650_c_reverse_num2,DLKcat,560041.56,27.9623491,20028.4159959937
rxn02258_c_reverse_num1,DLKcat,558762.48,60.48801759999999,9237.573029670591
rxn02229_c,DLKcat,553017.96,73.71169959999999,7502.444835772041
rxn02230_c,DLKcat,553017.96,73.71169959999999,7502.444835772041
rxn12846_c_reverse_num1,DLKcat,548047.8,27.9623491,19599.490659388128
rxn12642_c_num2,DLKcat,542579.76,27.9623491,19403.940565208093
rxn00655_c_reverse,DLKcat,535245.84,33.9962068,15744.281211985095
rxn12847_c_reverse_num2,DLKcat,533922.48,27.9623491,19094.33567582489
rxn00650_c_num2,DLKcat,510553.08,27.9623491,18258.590441530538
rxn05824_c_reverse,DLKcat,506659.32,37.034758800000006,13680.643169194878
rxn01462_c,DLKcat,493649.27999999997,17.2535849,28611.403535041576
rxn12845_c_reverse_num2,DLKcat,492316.2,27.9623491,17606.396309528944
rxn00730_c_num2,DLKcat,489421.08,104.9741613,4662.300455073986
rxn05195_c,DLKcat,478480.68000000005,1230.3965859999998,388.8832962025141
rxn12634_c_reverse_num2,DLKcat,471364.55999999994,27.9623491,16857.115913769918
rxn02258_c_num1,DLKcat,457990.2,60.48801759999999,7571.58554986269
rxn01636_c_reverse,DLKcat,457507.8,79.6001502,5747.574581837912
rxn01602_c,DLKcat,445778.27999999997,33.9962068,13112.588784464035
rxn00686_c_reverse,DLKcat,445778.27999999997,33.9962068,13112.588784464035
rxn12637_c_reverse_num1,DLKcat,444094.56,27.9623491,15881.875961558608
rxn00196_c_num1,DLKcat,441319.32,109.1212824,4044.301077605371
rxn00138_c,DLKcat,437919.12,60.801351000000004,7202.457063824124
rxn02122_c_num2,DLKcat,433507.32,51.1300291,8478.526760705481
rxn12844_c_num1,DLKcat,421974.72,27.9623491,15090.817959925977
rxn02317_c,DLKcat,418910.04,74.175456,5647.555978624519
rxn02316_c,DLKcat,418910.04,74.175456,5647.555978624519
rxn02314_c_num3,DLKcat,418910.04,74.175456,5647.555978624519
rxn00545_c,DLKcat,418910.04,74.175456,5647.555978624519
rxn03135_c,DLKcat,417799.44,50.4176066,8286.776548413149
rxn06135_c,DLKcat,403304.76,37.1715277,10849.830097244027
rxn01740r_c,DLKcat,399691.44,117.9393764,3388.95670131761
rxn00775_c,DLKcat,397834.2,24.091236000000002,16513.64836573765
rxn01034_c,DLKcat,394805.16,21.325727399999998,18513.09231309034
rxn00423_c,DLKcat,393953.76,20.1800351,19521.956133763117
rxn06136_c,DLKcat,391215.95999999996,37.1715277,10524.613439549325
rxn01539_c_num3,DLKcat,371851.2,42.2053128,8810.530602204186
rxn01539_c_reverse_num3,DLKcat,367536.95999999996,42.2053128,8708.31029594928
rxn00248_c,DLKcat,361117.08,139.6666524,2585.5640827258776
rxn12847_c_num2,DLKcat,359109.36,27.9623491,12842.603413459277
rxn02090_c_reverse,DLKcat,357239.88,45.565778400000006,7840.0916772223945
rxn01140_c,DLKcat,352104.48,26.2943441,13390.882794448558
rxn05145_c,DLKcat,347627.51999999996,137.36487050000002,2530.687203610765
rxn00288_c_reverse,DLKcat,342761.04,129.5527318,2645.7260702857675
rxn01332_c_num1,DLKcat,341640.36,101.8034458,3355.882085476521
rxn05555_c,DLKcat,331065.72,1142.641412,289.7371970971414
rxn12846_c_num1,DLKcat,330089.04,27.9623491,11804.767861939037
rxn06520_c_reverse,DLKcat,315934.92,117.6067513,2686.3672068798996
rxn06619_c_reverse,DLKcat,315934.92,117.6067513,2686.3672068798996
rxn03848_c_num2,DLKcat,313768.44,42.2769982,7421.729388535442
rxn03849_c_num2,DLKcat,313768.44,42.2769982,7421.729388535442
rxn02166_c,DLKcat,306870.84,42.2053128,7270.905477094344
rxn01602_c_reverse,DLKcat,305017.56,33.9962068,8972.105676213265
rxn12649_c,DLKcat,305017.56,33.9962068,8972.105676213265
rxn00048_c,DLKcat,304708.68,67.40702309999999,4520.429266664945
rxn02106_c_num2,DLKcat,304234.92,51.1300291,5950.219965746117
rxn05465_c_reverse_num5,DLKcat,296857.8,32.6363774,9095.917612473742
rxn16494_c,DLKcat,294747.12,185.5212468,1588.7512890518155
rxn01740_c,DLKcat,289863.72000000003,117.1169498,2474.9937604676247
rxn12645_c_reverse_num1,DLKcat,287207.64,27.9623491,10271.22717668953
rxn00290_c_reverse,DLKcat,277364.51999999996,48.862975600000006,5676.373912848646
rxn08547_c_reverse_num5,DLKcat,276752.51999999996,32.6363774,8479.878652218305
rxn00058_c_num3,DLKcat,275076.36,15.5882059,17646.441275195113
rxn01241_c_reverse,DLKcat,274670.64,50.5559053,5433.008040704594
rxn14126_c,DLKcat,274287.96,58.073624800000005,4723.107278814116
rxn08547_c_num5,DLKcat,265717.8,32.6363774,8141.767597037286
rxn00837_c,DLKcat,265329.72,152.4121707,1740.8696351570302
rxn16583_c_num3,DLKcat,264520.08,42.1267445,6279.148392299813
rxn00241_c,DLKcat,263136.24,58.350913,4509.547948290029
rxn05910_c_num1,DLKcat,263135.51999999996,64.163659,4101.005524014769
rxn01636_c,DLKcat,260755.2,79.6001502,3275.8129142324156
rxn03969_c_reverse,DLKcat,260742.24,51.1300291,5099.591073770775
rxn15053_c_reverse_num2,DLKcat,260742.24,51.1300291,5099.591073770775
rxn01937_c_reverse_num2,DLKcat,260742.24,51.1300291,5099.591073770775
rxn05853_c_reverse_num2,DLKcat,260742.24,51.1300291,5099.591073770775
rxn03975_c_num3,DLKcat,258593.40000000002,82.6441292,3128.9990287658575
rxn03974_c_num3,DLKcat,258593.40000000002,82.6441292,3128.9990287658575
rxn00390_c_reverse,DLKcat,255687.84,80.5447368,3174.4822834904344
rxn00927_c_reverse_num1,DLKcat,252446.04,67.0991866,3762.2816727259706
rxn13892_c,DLKcat,251065.8,183.9981497,1364.5017648783453
rxn01683_c_reverse,DLKcat,250533.71999999997,67.0991866,3733.78177433823
rxn06619_c,DLKcat,247659.48,117.6067513,2105.8270657290063
rxn06520_c,DLKcat,247659.48,117.6067513,2105.8270657290063
rxn00256_c,DLKcat,936000.0,293.3869482,3190.3259696540244
rxn00247_c,DLKcat,244735.92,36.183555399999996,6763.733339482721
rxn12639_c_num1,DLKcat,244212.11999999997,32.6144488,7487.850599517106
rxn16798_c_reverse_num2,DLKcat,241329.96000000002,70.4045354,3427.761558667995
rxn01973_c,DLKcat,239381.64,120.05954189999999,1993.8576827103489
rxn16716_c,DLKcat,239334.48,24.091236000000002,9934.503983108214
rxn16583_c_num1,DLKcat,229520.52,169.77772199999998,1351.888323722473
rxn06723_c_num5,DLKcat,227327.04,32.6363774,6965.44954159036
rxn03061_c_reverse,DLKcat,224943.12,218.2788022,1030.5312184821948
rxn01363_c,DLKcat,221039.64,59.418606200000006,3720.0408110549047
rxn09886_c_reverse,DLKcat,220724.28,32.8348479,6722.256813012373
rxn05465_c_num5,DLKcat,208809.0,32.6363774,6398.044655532142
rxn05024_c,DLKcat,208807.92,71.07841499999999,2937.712102893685
rxn00002_c,DLKcat,208047.96,86.44728769999999,2406.6453157211085
rxn12677_c_reverse,DLKcat,206564.04,71.07841499999999,2906.1430252770833
rxn03002_c,DLKcat,205241.76,24.7935752,8278.0219611087
rxn01241_c,DLKcat,205149.59999999998,50.5559053,4057.8761033481082
rxn00162_c,DLKcat,203796.0,58.001750599999994,3513.6180872444224
rxn03586_c,DLKcat,203223.24,312.4699508,650.3769065783716
rxnfad3_c_num2,DLKcat,202381.91999999998,82.6441292,2448.836014839394
rxnfmn_c_num2,DLKcat,202381.91999999998,82.6441292,2448.836014839394
rxn00792_c,DLKcat,201553.2,61.983754,3251.7101174607787
rxn06726_c,DLKcat,201553.2,61.983754,3251.7101174607787
rxn03167_c,DLKcat,199863.0,42.2053128,4735.493868914057
rxn08336_c,DLKcat,199707.48,39.5318045,5051.8179609028475
rxn06729_c_num5,DLKcat,194753.16,32.6363774,5967.364502899761
rxn01995_c,DLKcat,193709.16,37.034758800000006,5230.469058704926
rxn08766_c_num1,DLKcat,193458.24,58.601288399999994,3301.2625708754895
rxn08002_c_num1,DLKcat,193458.24,58.601288399999994,3301.2625708754895
rxn07998_c_num1,DLKcat,193458.24,58.601288399999994,3301.2625708754895
rxn08000_c_num1,DLKcat,193458.24,58.601288399999994,3301.2625708754895
rxn07997_c_num1,DLKcat,193458.24,58.601288399999994,3301.2625708754895
rxn47493_c,DLKcat,191272.68000000002,27.2445086,7020.595702724476
rxn00741_c_reverse_num2,DLKcat,188952.12,137.60744200000002,1373.124282042827
rxn00124_c,DLKcat,188542.08,28.011678,6730.838473867934
rxn01859_c_reverse,DLKcat,188025.48,51.9823612,3617.1015640590026
rxn01138_c_reverse,DLKcat,188025.48,51.9823612,3617.1015640590026
rxn00653_c,DLKcat,187264.44,110.1791204,1699.6363677631973
rxn01153_c_num3,DLKcat,186378.12,23.5394755,7917.683637428539
rxn00290_c,DLKcat,185288.75999999998,48.862975600000006,3792.007296420154
rxn00347_c_reverse,DLKcat,181812.96,230.03967120000002,790.3548072885612
rxn12646_c_num2,DLKcat,181137.24,32.6144488,5553.8954869597555
rxn02246_c,DLKcat,180619.91999999998,32.8348479,5500.860565886769
rxn09886_c,DLKcat,180619.91999999998,32.8348479,5500.860565886769
rxn00649_c,DLKcat,180619.91999999998,32.8348479,5500.860565886769
rxn02175_c,DLKcat,179578.80000000002,105.4488504,1702.9943837111762
rxn00655_c,DLKcat,179387.64,33.9962068,5276.695751833114
rxn00927_c_num1,DLKcat,176798.88,67.0991866,2634.888572553874
rxn05674_c,DLKcat,172593.0,25.4250792,6788.29743822391
rxn01299_c_reverse_num2,DLKcat,172005.48,67.0991866,2563.4510448745145
rxn01226_c_reverse_num1,DLKcat,172005.48,67.0991866,2563.4510448745145
rxn01684_c_reverse,DLKcat,170985.96,51.9823612,3289.3072967989765
rxn10770_c_reverse_num1,DLKcat,170739.0,35.1596941,4856.100269655076
rxn00360_c_reverse_num2,DLKcat,169072.56,35.0921182,4817.963938124431
rxn00186_c,DLKcat,168006.96,26.3373999,6379.02604804964
rxn12677_c,DLKcat,167360.4,71.07841499999999,2354.5882389189464
rxn03423_c_num2,DLKcat,166816.08000000002,51.1300291,3262.585273983347
rxn01937_c_num2,DLKcat,163166.76,51.1300291,3191.211952586196
rxn02545_c,DLKcat,162348.12,70.11168219999999,2315.564466658882
rxn11985_c,DLKcat,162348.12,70.11168219999999,2315.564466658882
rxn00586_c,DLKcat,162348.12,70.11168219999999,2315.564466658882
rxn02914_c,DLKcat,161951.04,39.942549899999996,4054.5994285657766
rxn00957_c,DLKcat,161677.44,51.1300291,3162.083864333259
rxn00173_c_reverse,DLKcat,161611.56,98.1845212,1645.9983511128023
rxn12635_c_num2,DLKcat,160990.56,32.6144488,4936.1729516642945
rxn12633_c_num2,DLKcat,159715.44,32.6144488,4897.076169504358
rxnfad2_c_num2,DLKcat,157822.56,82.6441292,1909.6645040335184
rxnfad1_c_num2,DLKcat,157822.56,82.6441292,1909.6645040335184
rxn00147_c,DLKcat,157404.96,111.1243461,1416.4759166128401
rxn05746_c,DLKcat,156741.84,70.13875879999999,2234.739289398432
rxn12639_c_reverse_num1,DLKcat,156067.56,32.6144488,4785.227582935573
rxn12646_c_reverse_num2,DLKcat,156067.56,32.6144488,4785.227582935573
rxn00011_c,DLKcat,153035.64,205.71406299999998,743.9240554011129
rxn03354_c_num2,DLKcat,151835.4,51.1300291,2969.5934595116432
rxn02861_c,DLKcat,151130.16,197.8049226,764.0363951185105
rxn05297_c,DLKcat,150200.28,113.7712796,1320.195048592914
rxn02229_c_reverse,DLKcat,150090.12,73.71169959999999,2036.1777141820241
rxn02230_c_reverse,DLKcat,150090.12,73.71169959999999,2036.1777141820241
rxn03975_c_num1,DLKcat,149479.19999999998,47.555061,3143.2868943223516
rxn03974_c_num1,DLKcat,149479.19999999998,47.555061,3143.2868943223516
rxn01634_c,DLKcat,148470.84,67.1027066,2212.5909299759896
rxn02342_c_reverse,DLKcat,146140.92,205.71406299999998,710.4080191153486
rxn11732_c,DLKcat,145943.64,132.2086804,1103.8884856761647
rxn10432_c,DLKcat,145943.64,132.2086804,1103.8884856761647
rxn15726_c,DLKcat,145943.64,132.2086804,1103.8884856761647
rxn01265_c_reverse,DLKcat,145689.84,96.10314699999999,1515.9736652536467
rxn03002_c_reverse,DLKcat,145602.36,24.7935752,5872.584281431102
rxn10121_c,DLKcat,144018.72,700.008281,205.73859468385345
rxn00149_c,DLKcat,142960.32,109.1212824,1310.104837990797
rxn01265_c,DLKcat,142931.88,96.10314699999999,1487.275749669259
rxn01133_c,DLKcat,141381.36,24.0979438,5866.947038029029
rxn15223_c,DLKcat,141381.36,24.0979438,5866.947038029029
rxn00178_c_reverse_num2,DLKcat,141239.52,21.0703243,6703.243765450729
rxn10484_c,DLKcat,141090.48,70.4259966,2003.386346115264
rxn00874_c_reverse_num2,DLKcat,141059.88,21.0703243,6694.718030514604
rxn07251_c_num2,DLKcat,140629.31999999998,58.14650720000001,2418.534264083879
rxn00686_c,DLKcat,140625.0,33.9962068,4136.490898155143
rxn00500_c_reverse_num3,DLKcat,140154.84,63.732195,2199.1214958154196
rxn01637_c_reverse_num1,DLKcat,139241.16,82.411607,1689.5819056167659
rxn00584_c,DLKcat,137757.6,290.76551900000004,473.77557171763544
rxn06864_c,DLKcat,136966.32,61.983754,2209.7132096903974
rxn00360_c_num2,DLKcat,133985.88,35.0921182,3818.118907396134
rxn01299_c_num2,DLKcat,130134.59999999999,67.0991866,1939.436326937531
rxn02342_c,DLKcat,129293.28,205.71406299999998,628.5096804490222
rxn00191_c,DLKcat,127735.56000000001,48.6969957,2623.0685931206226
rxn03087_c_num2,DLKcat,127507.68,237.3056586,537.3141152732715
rxn05144_c,DLKcat,126601.20000000001,53.0119612,2388.1629189753503
rxn10770_c_reverse_num2,DLKcat,126582.84000000001,73.67096839999999,1718.2187603767134
rxn03899_c,DLKcat,125561.88,54.0669093,2322.342475751615
rxn08043_c,DLKcat,124544.52,85.5846714,1455.2199355643024
rxn01286_c,DLKcat,124029.0,110.1791204,1125.70330521535
rxn01684_c,DLKcat,121218.84,51.9823612,2331.9225445265074
rxn01647_c,DLKcat,121218.84,51.9823612,2331.9225445265074
rxn01646_c,DLKcat,121218.84,51.9823612,2331.9225445265074
rxn01649_c,DLKcat,121218.84,51.9823612,2331.9225445265074
rxn01548_c,DLKcat,121218.84,51.9823612,2331.9225445265074
rxn01859_c,DLKcat,121218.84,51.9823612,2331.9225445265074
rxn01138_c,DLKcat,121218.84,51.9823612,2331.9225445265074
rxn01985_c,DLKcat,121218.84,51.9823612,2331.9225445265074
rxn01358_c,DLKcat,121218.84,51.9823612,2331.9225445265074
rxn01446_c,DLKcat,121218.84,51.9823612,2331.9225445265074
rxn05164_c_num1,DLKcat,120858.84,100.3433684,1204.4526900693518
rxn01358_c_reverse,DLKcat,120329.99999999999,51.9823612,2314.8236675328244
rxn01548_c_reverse,DLKcat,120329.99999999999,51.9823612,2314.8236675328244
rxn00587_c,DLKcat,119844.36000000002,197.8049226,605.8714738982943
rxn03607_c,DLKcat,119844.36000000002,197.8049226,605.8714738982943
rxn07602_c,DLKcat,119844.36000000002,197.8049226,605.8714738982943
rxn03704_c,DLKcat,119844.36000000002,197.8049226,605.8714738982943
rxn03706_c,DLKcat,119844.36000000002,197.8049226,605.8714738982943
rxn01917_c_reverse,DLKcat,119040.12,67.21648520000001,1770.995904439228
rxn04234_c_num2,DLKcat,117570.59999999999,51.1300291,2299.4432444005784
rxn00952_c,DLKcat,116267.04,280.510977,414.483031086516
rxn06078_c,DLKcat,116267.04,280.510977,414.483031086516
rxn01137_c,DLKcat,116096.40000000001,51.9823612,2233.3806568217224
rxn12641_c_num2,DLKcat,115856.28,32.6144488,3552.2991883278432
rxn12643_c_num1,DLKcat,115305.12000000001,32.6144488,3535.399929861762
rxn12636_c_reverse_num1,DLKcat,115120.44,32.6144488,3529.73740889958
rxn12635_c_reverse_num2,DLKcat,115120.44,32.6144488,3529.73740889958
rxn01545_c_num1,DLKcat,113480.64,67.0991866,1691.2371930302954
rxn11550_c,DLKcat,112604.04,28.7911894,3911.0589852880476
rxn03638_c,DLKcat,112145.4,151.3189428,741.1193729275776
rxn12639_c_num4,DLKcat,111852.72,466.9009188,239.56414625928983
rxn02003_c_reverse,DLKcat,111805.2,49.2713902,2269.1708016795515
rxn00179_c,DLKcat,111745.8,154.50089719999997,723.2695862946745
rxn14250_c,DLKcat,111308.04000000001,35.1114552,3170.1346288831687
rxn03538_c,DLKcat,110558.16,32.4207837,3410.1014035635417
rxn12637_c_num2,DLKcat,110095.56,32.6144488,3375.668271296984
rxn03106_c_num2,DLKcat,108659.16,51.1300291,2125.153494191929
rxn05735_c,DLKcat,108109.44,110.1791204,981.215312007519
rxn08538_c_reverse,DLKcat,107448.12,94.49333100000001,1137.0973894443407
rxn08538_c,DLKcat,107448.12,94.49333100000001,1137.0973894443407
rxn00806_c,DLKcat,107299.08,40.3881114,2656.6996148277435
rxn00903_c,DLKcat,107299.08,40.3881114,2656.6996148277435
rxn01575_c,DLKcat,107299.08,40.3881114,2656.6996148277435
rxn02175_c_reverse,DLKcat,106594.92,105.4488504,1010.8684883301487
rxn06023_c_num1,DLKcat,106551.0,58.601288399999994,1818.2364741318556
rxn08017_c_reverse_num1,DLKcat,106296.84000000001,58.601288399999994,1813.8993681237907
rxn08018_c_reverse_num1,DLKcat,106296.84000000001,58.601288399999994,1813.8993681237907
rxn12638_c_num2,DLKcat,106048.79999999999,27.9623491,3792.5568993057163
rxn12640_c_num2,DLKcat,106048.79999999999,27.9623491,3792.5568993057163
rxn12634_c_num2,DLKcat,106048.79999999999,27.9623491,3792.5568993057163
rxn12636_c_num2,DLKcat,106048.79999999999,27.9623491,3792.5568993057163
rxn12645_c_num1,DLKcat,106048.79999999999,27.9623491,3792.5568993057163
rxn01153_c_num2,DLKcat,104762.16,178.9897372,585.297021152339
rxn00189_c,DLKcat,104762.16,178.9897372,585.297021152339
rxn05239_c,DLKcat,104730.48,191.0459361,548.1952777324741
rxn07251_c_num1,DLKcat,104297.4,99.1441384,1051.9774712167955
rxn00499_c_reverse_num1,DLKcat,104178.24,137.60744200000002,757.0683568116904
rxn05146_c,DLKcat,103702.32,112.542446,921.450738683963
rxn00350_c,DLKcat,103660.92,68.1803256,1520.3934432369444
rxn05952_c,DLKcat,103660.92,68.1803256,1520.3934432369444
rxn00379_c,DLKcat,103132.44,191.0459361,539.8305878959757
rxn09240_c,DLKcat,103132.44,191.0459361,539.8305878959757
rxn03373_c,DLKcat,103132.44,191.0459361,539.8305878959757
rxn01851_c,DLKcat,102077.28,110.1791204,926.4666447636661
rxn05256_c,DLKcat,101964.95999999999,191.0459361,533.7195968755285
rxn00786_c_reverse,DLKcat,101684.87999999999,74.2791558,1368.955784497486
rxn00293_c_num1,DLKcat,101399.76,151.3189428,670.1061884500557
rxn01985_c_reverse,DLKcat,101282.4,51.9823612,1948.399373593672
rxn12633_c_reverse_num2,DLKcat,99770.76,32.6144488,3059.0969239375895
rxn12640_c_reverse_num1,DLKcat,99770.76,32.6144488,3059.0969239375895
rxn12642_c_reverse_num1,DLKcat,99770.76,32.6144488,3059.0969239375895
rxn12641_c_reverse_num2,DLKcat,99770.76,32.6144488,3059.0969239375895
rxn01018_c,DLKcat,1501200.0,406.7231544,3690.9627193823712
rxn12633_c_num4,DLKcat,99198.0,466.9009188,212.46049430562826
rxn03406_c_num2,DLKcat,98546.04,639.4298544,154.11548166212742
rxn00187_c_num2,DLKcat,3596400.0,639.4298544,5624.385497881752
rxn05306_c_reverse,DLKcat,98311.68000000001,100.3433684,979.7526390393728
rxn05306_c,DLKcat,98311.68000000001,100.3433684,979.7526390393728
rxn09320_c_reverse,DLKcat,98209.08,45.0692814,2179.069134215217
rxn00305_c,DLKcat,97840.44,66.9066963,1462.3415205153392
rxn03969_c,DLKcat,97661.88,51.1300291,1910.0689305103485
rxn02128_c_reverse,DLKcat,97596.0,72.642183,1343.5168929325816
rxn16798_c_num2,DLKcat,96199.20000000001,70.4045354,1366.3778825248808
rxn05114_c,DLKcat,96143.76000000001,41.9202454,2293.4922990694135
rxn01884_c,DLKcat,95784.12,148.89104369999998,643.3168686290834
rxn01274_c_num1,DLKcat,95701.68000000001,49.8161457,1921.0976412412413
rxn01683_c,DLKcat,95495.76,67.0991866,1423.2029453543332
rxn12641_c_num4,DLKcat,95415.48,466.9009188,204.3591609226878
rxn00915_c_num2,DLKcat,94362.84,17.774197500000003,5308.978928584538
rxn01274_c_num2,DLKcat,92887.92,100.425798,924.9408204851904
rxn02090_c,DLKcat,92550.6,45.565778400000006,2031.1427402280478
rxn07890_c,DLKcat,92103.12,252.7170509,364.4515463914825
rxn07889_c,DLKcat,92103.12,252.7170509,364.4515463914825
rxn03898_c_num2,DLKcat,92103.12,56.321011899999995,1635.3243113517285
rxn07896_c,DLKcat,92103.12,252.7170509,364.4515463914825
rxn07898_c,DLKcat,92103.12,252.7170509,364.4515463914825
rxn04969_c,DLKcat,92103.12,816.0822338999999,112.86009690450634
rxn07897_c,DLKcat,92103.12,252.7170509,364.4515463914825
Bio_rna_c,DLKcat,91973.88,509.0269146,180.685691388783
rxn00598_c_reverse,DLKcat,90931.32,42.589736900000005,2135.052400382403
rxn01790_c_reverse,DLKcat,90924.48,189.77832420000001,479.10887812550294
rxn01544_c_num2,DLKcat,90923.4,17.774197500000003,5115.471457994094
rxn00178_c_reverse_num1,DLKcat,90910.08,42.589736900000005,2134.5536886845616
rxn00058_c_num1,DLKcat,89793.72,39.579228199999996,2268.7082109397984
rxn02004_c,DLKcat,89786.16,56.208895600000005,1597.3656667966982
rxn01153_c_num1,DLKcat,89598.96,21.351251100000002,4196.426690893069
rxn00874_c_reverse_num1,DLKcat,89130.96,42.589736900000005,2092.780244434898
rxn00346_c,DLKcat,88920.36,56.5878848,1571.3674457752484
rxn02729_c_num2,DLKcat,88825.68,51.1300291,1737.2507225895554
rxn01917_c,DLKcat,88304.4,67.21648520000001,1313.731292810889
rxn00205_c,DLKcat,88162.92,17.6434961,4996.907614018743
rxn03087_c_reverse_num2,DLKcat,87425.64,237.3056586,368.4094197996508
rxn00085_c_reverse,DLKcat,87139.44,876.1616932,99.45588888021474
rxn12847_c_reverse_num1,DLKcat,86679.36,32.6144488,2657.6981426710486
rxn12846_c_reverse_num2,DLKcat,86630.4,32.6144488,2656.1969675231794
rxn06445_c,DLKcat,86524.92,128.729656,672.1444202414399
rxn00650_c_reverse_num1,DLKcat,86445.72,32.6144488,2650.534446560998
rxn12844_c_reverse_num2,DLKcat,86445.72,32.6144488,2650.534446560998
rxn08796_c_num2,DLKcat,86009.40000000001,38.0005269,2263.373879692179
rxn01102_c_num3,DLKcat,85573.44,28.011678,3054.9201657965655
rxn08647_c,DLKcat,85573.44,28.011678,3054.9201657965655
rxn05501_c,DLKcat,85405.32,208.5436208,409.53216249134965
rxn00191_c_reverse,DLKcat,85238.28,48.6969957,1750.3806708141544
rxn12646_c_num4,DLKcat,84529.44,466.9009188,181.043636018649
rxn00506_c,DLKcat,84158.28000000001,110.1791204,763.831474552233
rxn03248_c_reverse,DLKcat,84141.71999999999,42.589736900000005,1975.6337118861136
rxn07251_c_num3,DLKcat,83341.8,50.9570814,1635.5293064331586
rxn01547_c,DLKcat,82797.84000000001,111.826981,740.4102235398808
rxn08019_c_num1,DLKcat,82469.16,58.601288399999994,1407.2926082628587
rxn08017_c_num1,DLKcat,82469.16,58.601288399999994,1407.2926082628587
rxn08018_c_num1,DLKcat,82469.16,58.601288399999994,1407.2926082628587
rxn01843_c_reverse,DLKcat,82216.8,58.1732534,1413.3092992870156
rxn00077_c,DLKcat,81999.36,68.4467972,1198.0014164928668
rxn01226_c_num1,DLKcat,81641.16,67.0991866,1216.723542219512
rxn02465_c,DLKcat,81001.08,71.738773,1129.1115893493188
rxn00903_c_reverse,DLKcat,80887.31999999999,40.3881114,2002.75074015964
rxn12646_c_reverse_num4,DLKcat,80870.04,466.9009188,173.2059988398549
rxn12639_c_reverse_num4,DLKcat,80870.04,466.9009188,173.2059988398549
rxn05975_c_reverse,DLKcat,80747.64,109.1212824,739.9806731010339
rxn08797_c_num2,DLKcat,80700.84,38.0005269,2123.6768693330932
rxn00806_c_reverse,DLKcat,80603.28,40.3881114,1995.7179775432628
rxn01807_c,DLKcat,80559.0,28.011678,2875.9076839309664
rxn01396_c,DLKcat,80559.0,28.011678,2875.9076839309664
rxn02895_c,DLKcat,80541.71999999999,43.544649899999996,1849.635263688272
rxn12635_c_num4,DLKcat,80317.8,466.9009188,172.02322112885935
rxn01446_c_reverse,DLKcat,80261.64,51.9823612,1544.0168193052377
rxn03023_c,DLKcat,80232.48,138.98658559999998,577.2677964109942
rxn03932_c,DLKcat,80232.48,269.005014,298.256448112153
rxn02791_c_reverse,DLKcat,80207.28,68.1803256,1176.3991927900092
rxn00650_c_num1,DLKcat,80175.24,32.6144488,2458.2736471082108
rxn15053_c_num2,DLKcat,79889.76000000001,51.1300291,1562.482193071938
rxn03598_c_num2,DLKcat,79889.76000000001,51.1300291,1562.482193071938
rxn05853_c_num2,DLKcat,79889.76000000001,51.1300291,1562.482193071938
rxn00790_c,DLKcat,79823.52,52.7762133,1512.4904764624332
rxn01637_c_num1,DLKcat,79642.8,82.411607,966.4027058712737
rxn00077_c_reverse,DLKcat,79588.8,68.4467972,1162.7834063213113
rxn08820_c_reverse_num1,DLKcat,79570.44,38.0005269,2093.9299133770696
rxn08817_c_reverse_num1,DLKcat,79570.44,38.0005269,2093.9299133770696
rxn08823_c_reverse_num1,DLKcat,79570.44,38.0005269,2093.9299133770696
rxn08802_c_reverse_num1,DLKcat,79570.44,38.0005269,2093.9299133770696
rxn08821_c_reverse_num2,DLKcat,79570.44,38.0005269,2093.9299133770696
rxn08799_c_reverse_num1,DLKcat,79570.44,38.0005269,2093.9299133770696
rxn08822_c_reverse_num2,DLKcat,79570.44,38.0005269,2093.9299133770696
rxn08818_c_reverse_num2,DLKcat,79570.44,38.0005269,2093.9299133770696
rxn08800_c_reverse_num2,DLKcat,79570.44,38.0005269,2093.9299133770696
rxn12643_c_num4,DLKcat,79551.36,466.9009188,170.38167370597174
rxn02680_c_reverse,DLKcat,79328.51999999999,42.589736900000005,1862.6205695109606
rxn04841_c_reverse,DLKcat,78412.31999999999,17.6434961,4444.2620416936525
rxn04840_c_reverse,DLKcat,78412.31999999999,17.6434961,4444.2620416936525
rxn05289_c_num2,DLKcat,78191.64,64.163659,1218.6281334111573
rxn16213_c_num1,DLKcat,78191.64,64.163659,1218.6281334111573
rxn01396_c_reverse,DLKcat,78188.04000000001,28.011678,2791.2658427674346
rxn01807_c_reverse,DLKcat,78188.04000000001,28.011678,2791.2658427674346
rxn00543_c_num2,DLKcat,78176.15999999999,35.1596941,2223.4596176421223
rxn01275_c,DLKcat,77576.4,76.4452732,1014.7965564468673
rxn10344_c_num1,DLKcat,77230.8,79.2891728,974.0396736740832
rxn05516_c_num1,DLKcat,77230.8,79.2891728,974.0396736740832
rxn10343_c_num4,DLKcat,77230.8,79.2891728,974.0396736740832
rxn10481_c,DLKcat,77230.8,833.4073775999998,92.6687260945601
rxn05854_c,DLKcat,76977.0,21.325727399999998,3609.5837931417996
rxn14089_c_reverse_num1,DLKcat,76480.92000000001,35.1596941,2175.244181092008
rxn14054_c_reverse_num2,DLKcat,76480.92000000001,35.1596941,2175.244181092008
rxn05872_c_reverse_num2,DLKcat,76480.92000000001,35.1596941,2175.244181092008
rxn05871_c_reverse_num2,DLKcat,76480.92000000001,35.1596941,2175.244181092008
rxn04726_c_reverse_num2,DLKcat,76480.92000000001,35.1596941,2175.244181092008
rxn11834_c_reverse_num2,DLKcat,76480.92000000001,35.1596941,2175.244181092008
rxn04736_c_reverse_num2,DLKcat,76480.92000000001,35.1596941,2175.244181092008
rxn11809_c_num1,DLKcat,76480.92000000001,35.1596941,2175.244181092008
rxn03333_c_reverse_num1,DLKcat,76480.92000000001,35.1596941,2175.244181092008
rxn03282_c_reverse_num2,DLKcat,76480.92000000001,35.1596941,2175.244181092008
rxn01530_c_reverse_num2,DLKcat,76480.92000000001,35.1596941,2175.244181092008
rxn04908_c_num1,DLKcat,76480.92000000001,35.1596941,2175.244181092008
rxn00543_c_reverse_num2,DLKcat,76480.92000000001,35.1596941,2175.244181092008
rxn12846_c_reverse_num4,DLKcat,76275.0,466.9009188,163.36442471785514
rxn12845_c_num1,DLKcat,76240.08,32.6144488,2337.6166945982545
rxn03147_c,DLKcat,75780.72,40.59999,1866.520656778487
rxn10770_c_num1,DLKcat,75530.16,35.1596941,2148.202990196095
rxn00196_c_num2,DLKcat,75503.15999999999,52.1171934,1448.7188406427117
rxn08801_c_num1,DLKcat,75376.8,38.0005269,1983.5724962013621
rxn03243_c_reverse,DLKcat,75255.84,42.589736900000005,1766.9947146351117
rxn00917_c,DLKcat,75235.32,27.7218095,2713.9397231627327
rxn00676_c_reverse,DLKcat,75025.08,42.589736900000005,1761.576507883992
rxn02804_c_reverse,DLKcat,75025.08,42.589736900000005,1761.576507883992
rxn06510_c_reverse,DLKcat,75025.08,42.589736900000005,1761.576507883992
rxn00784_c_reverse,DLKcat,74862.36,22.5215526,3324.0319319725763
rxn16487_c,DLKcat,74640.59999999999,30.6304272,2436.8122426970262
rxn01513_c,DLKcat,74625.12,44.717631999999995,1668.8075075173929
rxn08766_c_reverse_num1,DLKcat,74405.87999999999,58.601288399999994,1269.6969986755444
rxn01275_c_reverse,DLKcat,74312.64,76.4452732,972.1024844214959
rxn12634_c_reverse_num1,DLKcat,74132.64,32.6144488,2272.999934924548
rxn05114_c_reverse,DLKcat,74125.79999999999,41.9202454,1768.2577783764593
rxn05349_c_reverse_num1,DLKcat,74113.2,84.87667619999999,873.1868791063711
rxn02507_c_num2,DLKcat,73871.64,28.2388553,2615.957311839053
rxn12637_c_reverse_num2,DLKcat,73603.8,32.6144488,2256.7850357170532
rxn00429_c,DLKcat,73235.16,110.1791204,664.6918194130002
rxn00653_c_reverse,DLKcat,73235.16,110.1791204,664.6918194130002
rxn02853_c,DLKcat,73235.16,110.1791204,664.6918194130002
rxn01731_c,DLKcat,72870.84000000001,143.9043908,506.38371487411223
rxn00285_c,DLKcat,72870.84000000001,143.9043908,506.38371487411223
rxn01731_c_reverse,DLKcat,72676.8,143.9043908,505.03531960332657
rxn00285_c_reverse,DLKcat,3596400.0,143.9043908,24991.593237751298
rxn06649_c,DLKcat,72674.28,38.3544134,1894.8087992397768
rxn01858_c,DLKcat,72461.52,51.9823612,1393.963612410896
rxn12642_c_num1,DLKcat,72436.32,32.6144488,2220.988631271917
rxn00958_c,DLKcat,71751.24,163.24153950000002,439.54032913295333
rxn02128_c,DLKcat,71641.8,72.642183,986.2286214608941
rxn00493_c_reverse,DLKcat,70919.64,72.783077,974.3973863594691
rxn09320_c,DLKcat,70589.52,45.0692814,1566.2446306499132
rxn06438_c,DLKcat,70450.56,106.0865278,664.0858312642408
rxn16596_c_reverse_num2,DLKcat,70418.52,48.1301252,1463.0861587702664
rxn03532_c,DLKcat,70347.96,26.893092,2615.8375541198466
rxn08814_c_reverse_num2,DLKcat,70151.4,38.0005269,1846.0638765511433
rxn08846_c_reverse_num2,DLKcat,70151.4,38.0005269,1846.0638765511433
rxn08813_c_reverse_num2,DLKcat,70151.4,38.0005269,1846.0638765511433
rxn08812_c_reverse_num2,DLKcat,70151.4,38.0005269,1846.0638765511433
rxn08848_c_reverse_num2,DLKcat,70151.4,38.0005269,1846.0638765511433
rxn08851_c_reverse_num1,DLKcat,70151.4,38.0005269,1846.0638765511433
rxn08849_c_reverse_num1,DLKcat,70151.4,38.0005269,1846.0638765511433
rxn08811_c_reverse_num2,DLKcat,70151.4,38.0005269,1846.0638765511433
rxn08850_c_reverse_num2,DLKcat,70151.4,38.0005269,1846.0638765511433
rxn08816_c_reverse_num1,DLKcat,70151.4,38.0005269,1846.0638765511433
rxn08845_c_reverse_num2,DLKcat,70151.4,38.0005269,1846.0638765511433
rxn08810_c_reverse_num1,DLKcat,70151.4,38.0005269,1846.0638765511433
rxn08815_c_reverse_num1,DLKcat,70151.4,38.0005269,1846.0638765511433
rxn00501_c_num1,DLKcat,69991.92,214.49641,326.3081186300507
rxn15094_c,DLKcat,69991.92,223.3603019,313.3588171426088
rxn00671_c_num1,DLKcat,69991.92,214.49641,326.3081186300507
rxn07987_c,DLKcat,69958.44,118.5662902,590.0365093821583
rxn05342_c_reverse,DLKcat,69958.44,118.5662902,590.0365093821583
rxn07994_c,DLKcat,69958.44,118.5662902,590.0365093821583
rxn07991_c,DLKcat,69958.44,118.5662902,590.0365093821583
rxn07989_c,DLKcat,69958.44,118.5662902,590.0365093821583
rxn07992_c,DLKcat,69958.44,118.5662902,590.0365093821583
rxn07993_c,DLKcat,69958.44,118.5662902,590.0365093821583
rxn05337_c_reverse,DLKcat,69958.44,118.5662902,590.0365093821583
rxn05340_c_reverse,DLKcat,69958.44,118.5662902,590.0365093821583
rxn14157_c,DLKcat,69573.24,296.37041909999994,234.75095865260738
rxn01355_c,DLKcat,69573.24,296.37041909999994,234.75095865260738
rxn00623_c,DLKcat,69314.40000000001,125.9869008,550.1714825895615
rxn01513_c_reverse,DLKcat,69085.8,44.717631999999995,1544.9342219194436
rxn15021_c,DLKcat,68667.84,85.5846714,802.3380691510138
rxn12847_c_num1,DLKcat,68457.23999999999,32.6144488,2098.9850363499013
rxn04135_c,DLKcat,68101.56,26.893092,2532.306809495911
rxn12636_c_reverse_num4,DLKcat,67794.48000000001,466.9009188,145.20099933459375
rxn12635_c_reverse_num4,DLKcat,67794.48000000001,466.9009188,145.20099933459375
rxn08844_c_reverse_num1,DLKcat,67275.72,38.0005269,1770.3891363674752
rxn08805_c_reverse_num2,DLKcat,67275.72,38.0005269,1770.3891363674752
rxn08839_c_reverse_num2,DLKcat,67275.72,38.0005269,1770.3891363674752
rxn08838_c_reverse_num2,DLKcat,67275.72,38.0005269,1770.3891363674752
rxn08804_c_reverse_num1,DLKcat,67275.72,38.0005269,1770.3891363674752
rxn08807_c_reverse_num2,DLKcat,67275.72,38.0005269,1770.3891363674752
rxn08803_c_reverse_num2,DLKcat,67275.72,38.0005269,1770.3891363674752
rxn08843_c_reverse_num1,DLKcat,67275.72,38.0005269,1770.3891363674752
rxn08842_c_reverse_num1,DLKcat,67275.72,38.0005269,1770.3891363674752
rxn08809_c_reverse_num2,DLKcat,67275.72,38.0005269,1770.3891363674752
rxn08841_c_reverse_num1,DLKcat,67275.72,38.0005269,1770.3891363674752
rxn08806_c_reverse_num1,DLKcat,67275.72,38.0005269,1770.3891363674752
rxn00303_c_reverse_num1,DLKcat,67050.72,168.8924742,397.0024142141438
rxn00758_c_num2,DLKcat,67027.68000000001,25.3727846,2641.7155647945715
rxn05628_c_reverse,DLKcat,66693.95999999999,25.4250792,2623.1564305215616
rxn05628_c,DLKcat,66693.95999999999,25.4250792,2623.1564305215616
rxn02961_c,DLKcat,66685.68000000001,98.31810920000001,678.2644676816059
rxn01479_c,DLKcat,66685.68000000001,98.31810920000001,678.2644676816059
rxn12637_c_num4,DLKcat,66566.52,466.9009188,142.57097666692363
rxn00931_c,DLKcat,65680.92000000001,56.4836972,1162.8296881387575
rxn14090_c,DLKcat,65508.479999999996,33.108995500000006,1978.5704462100032
rxn03062_c_reverse,DLKcat,65120.03999999999,72.31640279999999,900.4878212775263
rxn01268_c,DLKcat,64851.84,36.3036259,1786.373630519369
rxn05874_c_num2,DLKcat,64774.079999999994,42.2053128,1534.7375887710514
rxn01843_c,DLKcat,64690.56,58.1732534,1112.0326992060582
rxn04841_c,DLKcat,64626.479999999996,17.6434961,3662.9066956860097
rxn04840_c,DLKcat,64556.64000000001,17.6434961,3658.9482965340417
rxn01053_c,DLKcat,64526.04,54.6731102,1180.2152788446997
rxn08667_c,DLKcat,64409.04,86.44728769999999,745.0672162615463
rxn03910_c_reverse,DLKcat,64099.079999999994,49.834818,1286.2308436643632
rxn00980_c,DLKcat,64067.76,24.7935752,2584.0468542027775
rxn01539_c_num2,DLKcat,63894.24,56.8174491,1124.5531260571852
rxn00874_c_num2,DLKcat,63816.48,21.0703243,3028.737436186495
rxn05561_c,DLKcat,63244.079999999994,24.139559600000002,2619.9351209373344
rxn08820_c_num1,DLKcat,62959.32000000001,38.0005269,1656.801237669155
rxn12847_c_reverse_num4,DLKcat,62565.12,466.9009188,134.00085003216748
rxn08822_c_num2,DLKcat,62548.920000000006,38.0005269,1646.0013874176047
rxnmqac_c,DLKcat,62494.56,123.9273802,504.28371760254475
rxn06443_c,DLKcat,61983.00000000001,67.61928040000001,916.6468444109618
rxn05647_c,DLKcat,61632.36,208.5436208,295.5370188911576
rxn03982_c_reverse,DLKcat,61409.88,100.3446088,611.9898291934942
rxn08180_c,DLKcat,61403.04,73.71169959999999,833.0162014063777
rxn16206_c_reverse_num3,DLKcat,61373.16,43.894431600000004,1398.1992194198956
rxn16574_c,DLKcat,60895.079999999994,20.099631600000002,3029.6614988704564
rxn16206_c_num3,DLKcat,60776.280000000006,43.894431600000004,1384.6011392479222
rxn12846_c_num2,DLKcat,60477.119999999995,32.6144488,1854.304525299842
rxn10060_c,DLKcat,60135.84,68.4467972,878.5778511196721
rxn06297_c_reverse_num1,DLKcat,59900.759999999995,34.1934353,1751.8204729783322
rxn01119_c_reverse,DLKcat,59701.68,108.1242154,552.1582725861797
rxn05108_c,DLKcat,59631.84,42.4400845,1405.082970558176
rxn12845_c_reverse_num1,DLKcat,59454.72,32.6144488,1822.9564560355227
rxn02362_c,DLKcat,59355.36,49.834818,1191.0419739066772
rxn08841_c_num1,DLKcat,58790.520000000004,38.0005269,1547.0974956402515
rxn10060_c_reverse,DLKcat,58704.84,68.4467972,857.671102249909
rxn12642_c_reverse_num4,DLKcat,58643.64,466.9009188,125.60189461764666
rxn12633_c_reverse_num4,DLKcat,58643.64,466.9009188,125.60189461764666
rxn12641_c_reverse_num4,DLKcat,58643.64,466.9009188,125.60189461764666
rxn12640_c_reverse_num4,DLKcat,58643.64,466.9009188,125.60189461764666
rxn16478_c_reverse,DLKcat,57911.4,91.249556,634.6485674954955
rxn00303_c_num1,DLKcat,57897.36,168.8924742,342.80603842323245
rxn08843_c_num1,DLKcat,57830.04,38.0005269,1521.8220566304833
rxn12645_c_reverse_num2,DLKcat,57710.52,32.6144488,1769.477091392696
rxn06446_c,DLKcat,57299.399999999994,92.9982492,616.1341798679796
rxn05465_c_reverse_num2,DLKcat,56868.479999999996,34.460744,1650.2394724849817
rxn02003_c,DLKcat,56201.4,49.2713902,1140.6497720456039
rxn16478_c,DLKcat,55829.520000000004,91.249556,611.8333331945199
rxn00791_c,DLKcat,55810.08,73.2092772,762.3361701486652
rxn00879_c_reverse_num3,DLKcat,55748.52,144.7655484,385.0952150988432
rxn00420_c,DLKcat,55466.64000000001,45.1016841,1229.8130570250703
rxn10484_c_reverse,DLKcat,55402.92,70.4259966,786.6827971874237
rxn00543_c_num1,DLKcat,55228.68,73.67096839999999,749.6668117640762
rxn05990_c,DLKcat,55173.96,185.0876623,298.0963685768049
rxn15315_c,DLKcat,55173.96,185.0876623,298.0963685768049
rxn06217_c,DLKcat,55173.96,185.0876623,298.0963685768049
rxn06218_c,DLKcat,55173.96,185.0876623,298.0963685768049
rxn10770_c_num2,DLKcat,55165.68,73.67096839999999,748.8116580804984
rxn02285_c,DLKcat,55099.08,38.9988035,1412.8402682918208
rxn11766_c,DLKcat,54888.840000000004,22.046881300000003,2489.641925000975
rxn01608_c,DLKcat,54491.04,73.67096839999999,739.6541837775002
rxn05872_c_reverse_num1,DLKcat,54477.0,73.67096839999999,739.4636066708742
rxn04726_c_reverse_num1,DLKcat,54477.0,73.67096839999999,739.4636066708742
rxn00543_c_reverse_num1,DLKcat,54477.0,73.67096839999999,739.4636066708742
rxn04908_c_num2,DLKcat,54477.0,73.67096839999999,739.4636066708742
rxn14089_c_reverse_num2,DLKcat,54477.0,73.67096839999999,739.4636066708742
rxn05871_c_reverse_num1,DLKcat,54477.0,73.67096839999999,739.4636066708742
rxn14054_c_reverse_num1,DLKcat,54477.0,73.67096839999999,739.4636066708742
rxn03282_c_reverse_num1,DLKcat,54477.0,73.67096839999999,739.4636066708742
rxn11834_c_reverse_num1,DLKcat,54477.0,73.67096839999999,739.4636066708742
rxn03333_c_reverse_num2,DLKcat,54477.0,73.67096839999999,739.4636066708742
rxn11809_c_num2,DLKcat,54477.0,73.67096839999999,739.4636066708742
rxn01530_c_reverse_num1,DLKcat,54477.0,73.67096839999999,739.4636066708742
rxn02066_c_reverse,DLKcat,54477.0,73.67096839999999,739.4636066708742
rxn04736_c_reverse_num1,DLKcat,54477.0,73.67096839999999,739.4636066708742
rxn00105_c_num2,DLKcat,54264.6,98.31810920000001,551.92884038905
rxn02155_c_num1,DLKcat,54264.6,98.31810920000001,551.92884038905
rxn05183_c,DLKcat,54116.28,95.0245568,569.4978416358159
rxn01520_c,DLKcat,53904.6,60.459162600000006,891.5869436802287
rxn01539_c_reverse_num2,DLKcat,53556.479999999996,56.8174491,942.6062036987859
rxn02320_c,DLKcat,53424.36,79.863607,668.9449926798322
rxn06447_c,DLKcat,53388.72,153.31987719999998,348.21786303909204
rxn12147_c,DLKcat,52980.840000000004,68.6486274,771.7683806158666
rxn00650_c_num4,DLKcat,52430.04,466.9009188,112.29371776511483
rxn06060_c_num1,DLKcat,52073.28,39.031908300000005,1334.1207813813191
rxn00927_c_reverse_num2,DLKcat,51863.04,33.2593534,1559.3520227606107
rxn15996_c,DLKcat,51813.72,324.404143,159.7196617800285
rxn00588_c,DLKcat,51813.72,324.404143,159.7196617800285
rxn07903_c,DLKcat,51813.72,324.404143,159.7196617800285
rxn04654_c,DLKcat,51813.72,324.404143,159.7196617800285
rxn04648_c,DLKcat,51813.72,324.404143,159.7196617800285
rxn07902_c,DLKcat,51813.72,324.404143,159.7196617800285
rxn03611_c,DLKcat,51813.72,324.404143,159.7196617800285
rxn02969_c,DLKcat,51813.72,324.404143,159.7196617800285
rxn16596_c_num2,DLKcat,51573.96,48.1301252,1071.5525834534915
rxn15833_c_reverse,DLKcat,51530.4,33.6535719,1531.2015067262444
rxn08345_c,DLKcat,51530.4,33.6535719,1531.2015067262444
rxn12239_c_reverse,DLKcat,51391.08,25.685693200000003,2000.7667147562129
rxn12844_c_reverse_num4,DLKcat,51300.36,466.9009188,109.87418943584225
rxn00650_c_reverse_num4,DLKcat,51300.36,466.9009188,109.87418943584225
rxn08547_c_reverse_num2,DLKcat,51278.759999999995,34.460744,1488.0340366418088
rxn00838_c,DLKcat,51255.0,93.3087734,549.3052596488209
rxn02262_c_reverse_num1,DLKcat,51213.24,67.86237639999999,754.6632275023013
rxn16596_c_reverse_num1,DLKcat,51135.12,19.5318538,2618.037208531635
rxn02106_c_num1,DLKcat,51118.200000000004,52.1171934,980.8317882290263
rxn00612_c_num2,DLKcat,51050.52,61.5219059,829.7941888045441
rxn02286_c,DLKcat,50997.240000000005,96.996659,525.7628512751146
rxn00646_c_num2,DLKcat,50932.799999999996,84.87667619999999,600.0800488462106
rxn01479_c_reverse,DLKcat,50768.64,98.31810920000001,516.3711997016313
rxn06429_c_num2,DLKcat,50648.4,58.14650720000001,871.048020576548
rxn11156_c_num2,DLKcat,50648.4,58.14650720000001,871.048020576548
rxn16149_c_reverse,DLKcat,50305.32,22.1198464,2274.2165153551878
rxn03990_c,DLKcat,49808.880000000005,83.8057456,594.3372932654871
rxn03490_c,DLKcat,49808.880000000005,83.8057456,594.3372932654871
rxnCRTNtpp_c,DLKcat,49696.560000000005,99.976882,497.0805150734747
rxn02303_c,DLKcat,49657.68,41.161618600000004,1206.407369024113
rxn12637_c_reverse_num4,DLKcat,49316.4,466.9009188,105.62497954972969
rxn12845_c_num4,DLKcat,49287.96,466.9009188,105.56406726865494
rxn08547_c_num2,DLKcat,49262.76,34.460744,1429.532687976789
rxn04181_c,DLKcat,49205.16,66.71064050000001,737.5908795239344
rxn08194_c,DLKcat,49113.0,42.003217600000006,1169.2675658257187
rxn03535_c,DLKcat,49113.0,42.003217600000006,1169.2675658257187
rxn12642_c_num4,DLKcat,48764.88,466.9009188,104.44374392179928
rxn16574_c_reverse,DLKcat,48753.36,20.099631600000002,2425.5847554937272
rxn12634_c_reverse_num4,DLKcat,48363.48,466.9009188,103.5840326129596
rxn02314_c_num1,DLKcat,48251.16,67.86237639999999,711.0148886563309
rxn02009_c,DLKcat,48226.68,108.49628419999999,444.5007527732457
rxn08675_c,DLKcat,48095.64,405.9003323,118.49125554411377
rxn00615_c,DLKcat,47657.880000000005,56.1245441,849.1450712737283
rxn00058_c_num2,DLKcat,47583.35999999999,65.0934594,731.0006326073368
rxn12844_c_num4,DLKcat,47087.28,466.9009188,100.8506903799222
rxn00879_c_reverse_num2,DLKcat,46794.96,173.11552879999996,270.310585794196
rxn00780_c_num2,DLKcat,46782.0,12.681495199999999,3688.997177556792
rxn00612_c_reverse_num2,DLKcat,46604.88,61.5219059,757.533098466639
rxn08565_c,DLKcat,46477.439999999995,276.0386665,168.37293336221794
rxn02703_c,DLKcat,46444.32,72.642183,639.3574378126824
rxn03047_c,DLKcat,46356.119999999995,72.642183,638.1432672528576
rxn12510_c,DLKcat,46356.119999999995,72.642183,638.1432672528576
rxn02914_c_reverse,DLKcat,46127.88,39.942549899999996,1154.8556643350405
rxn01302_c_reverse,DLKcat,46080.36,92.87567600000001,496.15100513507963
rxn08098_c_num1,DLKcat,45890.64,67.51318479999999,679.7285617016249
rxn07056_c,DLKcat,45849.240000000005,545.6496904,84.02687806235032
rxn00390_c,DLKcat,45849.240000000005,80.5447368,569.2394291863899
rxn00938_c,DLKcat,45849.240000000005,80.5447368,569.2394291863899
rxn00711_c,DLKcat,45798.48,296.29366980000003,154.57124018516578
rxn06060_c_num2,DLKcat,45489.96000000001,42.0976896,1080.580916250568
rxn07595_c_reverse,DLKcat,45360.36,76.5081878,592.8824261081244
rxn06904_c_reverse,DLKcat,45360.36,76.5081878,592.8824261081244
rxn02141_c,DLKcat,45360.36,76.5081878,592.8824261081244
rxn00137_c,DLKcat,45340.2,54.562725400000005,830.9738867992835
rxn02369_c_reverse,DLKcat,45215.64,38.097831299999996,1186.8297605695998
rxn05824_c,DLKcat,44938.44,37.034758800000006,1213.41251991629
rxn01919_c,DLKcat,44904.24,41.430803999999995,1083.8370406714773
rxn06280_c,DLKcat,44823.6,92.7691052,483.1737883357314
rxn05638_c,DLKcat,44730.0,108.76599920000001,411.24984212897294
rxn05494_c,DLKcat,44696.52,97.2804534,459.46044079601296
rxn00527_c,DLKcat,44693.64,72.783077,614.0663715000671
rxn00493_c,DLKcat,44693.64,72.783077,614.0663715000671
rxn05615_c,DLKcat,44183.159999999996,77.4937398,570.1513453090568
rxn02703_c_reverse,DLKcat,44148.6,72.642183,607.754312669816
rxn02262_c_num1,DLKcat,43949.88,67.86237639999999,647.63249286979
rxn02262_c_reverse_num2,DLKcat,43619.76,68.2988088,638.6606262450656
rxn12676_c_reverse,DLKcat,43212.96,255.6710004,169.01783906814956
rxn05593_c_num1,DLKcat,43099.920000000006,212.560606,202.7653233167768
rxn02277_c,DLKcat,43060.68,47.779958400000005,901.2289135856593
rxn15594_c,DLKcat,42975.72,90.48691559999999,474.9385003902156
rxn05349_c_num1,DLKcat,42870.6,84.87667619999999,505.0928231329587
rxn05465_c_num2,DLKcat,42638.04,34.460744,1237.2930775957711
rxn00879_c_reverse_num1,DLKcat,42460.920000000006,72.44887139999999,586.0811794509199
rxn05516_c_num4,DLKcat,42127.2,304.4252964,138.38271818465083
rxn10344_c_num4,DLKcat,42127.2,304.4252964,138.38271818465083
rxn10343_c_num2,DLKcat,42127.2,304.4252964,138.38271818465083
rxn12847_c_num4,DLKcat,42058.8,466.9009188,90.0807822526821
rxn12638_c_num4,DLKcat,41988.600000000006,466.9009188,89.93042915382672
rxn12645_c_num4,DLKcat,41988.600000000006,466.9009188,89.93042915382672
rxn12636_c_num4,DLKcat,41988.600000000006,466.9009188,89.93042915382672
rxn12634_c_num4,DLKcat,41988.600000000006,466.9009188,89.93042915382672
rxn12640_c_num4,DLKcat,41988.600000000006,466.9009188,89.93042915382672
rxn12846_c_num4,DLKcat,41988.600000000006,466.9009188,89.93042915382672
rxn04996_c,DLKcat,41896.44,142.408024,294.199995359812
rxn04113_c,DLKcat,41896.44,142.408024,294.199995359812
rxn00555_c,DLKcat,41862.600000000006,134.5228456,311.1932386895628
rxn00303_c_reverse_num2,DLKcat,41812.56,28.376309399999997,1473.5023998575375
rxn01575_c_reverse,DLKcat,41738.04,40.3881114,1033.4239099875317
rxnmqDlac_c_num2,DLKcat,41640.12,63.732195,653.3608327784725
rxn12845_c_reverse_num4,DLKcat,41621.4,466.9009188,89.14396679058324
rxn01790_c,DLKcat,41556.24,189.77832420000001,218.97253111058927
rxn06441_c,DLKcat,41547.96,106.80034970000001,389.0245688961447
rxn01273_c,DLKcat,41524.920000000006,109.1212824,380.53914952890995
rxn01021_c_reverse,DLKcat,41429.16,38.8453702,1066.5147425985917
rxn00143_c_reverse,DLKcat,41429.16,38.8453702,1066.5147425985917
rxn00874_c_num1,DLKcat,41343.840000000004,42.589736900000005,970.7465462178048
rxn06510_c,DLKcat,41343.840000000004,42.589736900000005,970.7465462178048
rxn03243_c,DLKcat,41343.840000000004,42.589736900000005,970.7465462178048
rxn00598_c,DLKcat,41343.840000000004,42.589736900000005,970.7465462178048
rxn03248_c,DLKcat,41343.840000000004,42.589736900000005,970.7465462178048
rxn02680_c,DLKcat,41343.840000000004,42.589736900000005,970.7465462178048
rxn02804_c,DLKcat,41343.840000000004,42.589736900000005,970.7465462178048
rxn00676_c,DLKcat,41343.840000000004,42.589736900000005,970.7465462178048
rxn05740_c_num2,DLKcat,41303.88,90.48691559999999,456.46245897677613
rxn05170_c,DLKcat,41237.64,289.6564821,142.3673991378631
rxn03035_c,DLKcat,41237.28,54.562725400000005,755.7774964078314
rxn05120_c,DLKcat,41019.84,34.72906389999999,1181.1386600604574
rxn06723_c_num2,DLKcat,40910.4,34.460744,1187.1595111237298
rxn05579_c_num1,DLKcat,40862.88,192.7458675,212.00392273001648
rxn05289_c_reverse_num2,DLKcat,40851.36,64.163659,636.6744140947449
rxn11571_c_num1,DLKcat,40851.36,64.163659,636.6744140947449
rxn00555_c_reverse,DLKcat,40574.88,134.5228456,301.6207382398696
rxn01362_c_num2,DLKcat,40557.6,52.7762133,768.4825694002566
rxn02314_c_num2,DLKcat,40557.6,68.2988088,593.8258765063556
rxn11759_c,DLKcat,40557.6,52.7762133,768.4825694002566
rxn01102_c_num1,DLKcat,40397.4,12.681495199999999,3185.5391941480216
rxn07899_c,DLKcat,40394.159999999996,290.76551900000004,138.92348769181257
rxn03446_c,DLKcat,39993.479999999996,52.990720700000004,754.7261005642445
rxn11838_c_num1,DLKcat,39944.880000000005,35.1596941,1136.0986215178705
rxn08194_c_reverse,DLKcat,39762.36,42.003217600000006,946.6503347115006
rxn03535_c_reverse,DLKcat,39762.36,42.003217600000006,946.6503347115006
rxn03691_c_reverse,DLKcat,39425.04,402.98550900000004,97.83240121420842
rxn05910_c_num2,DLKcat,39187.8,68.51026060000001,571.9989919291008
rxn12240_c_reverse,DLKcat,39155.04,152.5632762,256.6478708065395
rxn09310_c,DLKcat,38871.0,226.84034899999997,171.35840326184652
rxn03060_c_reverse_num2,DLKcat,38865.96,98.5448834,394.3985589007252
rxn00808_c,DLKcat,38861.28,289.6564821,134.16333623282654
rxn10571_c,DLKcat,38741.04,213.31077309999998,181.61783128430284
rxn03982_c,DLKcat,38718.36,100.3446088,385.8539134590756
rxn07312_c,DLKcat,38674.44,60.459162600000006,639.6787242302955
rxn03063_c,DLKcat,38674.44,60.459162600000006,639.6787242302955
rxn08098_c_num2,DLKcat,38532.6,57.642539400000004,668.4750602781389
rxn05484_c,DLKcat,38409.84,21.850484899999998,1757.8484036297061
rxn03031_c_num1,DLKcat,38386.44,93.50948189999998,410.5085304723521
rxn02262_c_num2,DLKcat,38295.0,68.2988088,560.6979195221337
rxn00350_c_reverse,DLKcat,38272.68,68.1803256,561.344928514099
rxn05952_c_reverse,DLKcat,38272.68,68.1803256,561.344928514099
rxn00303_c_num2,DLKcat,38262.96,28.376309399999997,1348.4121370624753
rxn12641_c_num5,DLKcat,38230.56,192.70151800000002,198.39262501294874
rxn16583_c_num2,DLKcat,38215.439999999995,44.1644406,865.2988576515559
rxn16085_c_reverse,DLKcat,38046.96,76.5081878,497.2926570873503
rxn16086_c,DLKcat,38046.96,76.5081878,497.2926570873503
rxn40890_c_reverse,DLKcat,38021.76,213.31077309999998,178.24584969356152
rxn05174_c,DLKcat,38002.32,213.31077309999998,178.1547150559739
rxn05150_c,DLKcat,38002.32,319.2114107,119.05063141904783
rxn40890_c,DLKcat,38002.32,213.31077309999998,178.1547150559739
rxn05465_c_reverse_num4,DLKcat,37993.68,119.5915068,317.69547032749654
rxn00808_c_reverse,DLKcat,37661.399999999994,289.6564821,130.0209121058023
rxn02362_c_reverse,DLKcat,37483.200000000004,49.834818,752.1488289572966
rxn01416_c_reverse_num1,DLKcat,37476.36,66.0628058,567.2838073734979
rxn03333_c_num1,DLKcat,37460.159999999996,35.1596941,1065.4290646971242
rxn11809_c_reverse_num1,DLKcat,37460.159999999996,35.1596941,1065.4290646971242
rxn01530_c_num2,DLKcat,37460.159999999996,35.1596941,1065.4290646971242
rxn03282_c_num2,DLKcat,37460.159999999996,35.1596941,1065.4290646971242
rxn14089_c_num1,DLKcat,37460.159999999996,35.1596941,1065.4290646971242
rxn11834_c_num2,DLKcat,37460.159999999996,35.1596941,1065.4290646971242
rxn14054_c_num2,DLKcat,37460.159999999996,35.1596941,1065.4290646971242
rxn05872_c_num2,DLKcat,37460.159999999996,35.1596941,1065.4290646971242
rxn05871_c_num2,DLKcat,37460.159999999996,35.1596941,1065.4290646971242
rxn04736_c_num2,DLKcat,37460.159999999996,35.1596941,1065.4290646971242
rxn04726_c_num2,DLKcat,37460.159999999996,35.1596941,1065.4290646971242
rxn04908_c_reverse_num1,DLKcat,37460.159999999996,35.1596941,1065.4290646971242
rxn01644_c,DLKcat,37353.6,124.8693956,299.1413534158245
rxn07585_c,DLKcat,37294.200000000004,38.7260628,963.0258617460075
rxn07584_c_reverse,DLKcat,37294.200000000004,38.7260628,963.0258617460075
rxn00834_c_reverse,DLKcat,37290.24,372.68363600000004,100.05869965269952
rxn15991_c,DLKcat,37144.08,38.86774189999999,955.6531505114273
rxn02021_c,DLKcat,37095.84,49.0822214,755.7897532323179
rxn05219_c,DLKcat,36925.56,55.921642,660.3089372804897
rxn00500_c_num3,DLKcat,36662.399999999994,63.732195,575.2571365226005
rxn00879_c_num3,DLKcat,36631.44,144.7655484,253.0397626014174
rxn01069_c,DLKcat,36243.36,52.990720700000004,683.9567290504882
rxn01653_c,DLKcat,36157.32,20.5332438,1760.916119838795
rxn00360_c_reverse_num1,DLKcat,36019.44,54.562725400000005,660.1473759959945
rxn00360_c_num1,DLKcat,36014.759999999995,54.562725400000005,660.0616031544494
rxn03060_c_reverse_num1,DLKcat,35865.0,54.982214299999995,652.301848090538
rxn01871_c_reverse,DLKcat,35772.12,1687.7436407999996,21.195233171220142
rxncat_c,DLKcat,35762.76,54.417437,657.1930243609232
rxn01492_c_num2,DLKcat,35691.119999999995,68.2988088,522.5730964725111
rxn00770_c_reverse,DLKcat,35680.32,213.3011478,167.27673698903556
rxn06729_c_num2,DLKcat,35669.520000000004,34.460744,1035.0768979334864
rxn01754_c_reverse,DLKcat,35620.560000000005,56.1245441,634.6699215326009
rxn00834_c,DLKcat,35499.96,372.68363600000004,95.25494701355763
rxn00670_c_reverse,DLKcat,35449.56,98.1845212,361.0503933485597
rxn11892_c_reverse,DLKcat,35449.56,98.1845212,361.0503933485597
rxn05975_c,DLKcat,35439.840000000004,109.1212824,324.7747755574398
rxn09692_c,DLKcat,35415.72,134.8055756,262.71702666873966
rxn02159_c_reverse,DLKcat,35324.28,93.50948360000001,377.76147017456094
rxn45856_c_reverse,DLKcat,35282.520000000004,132.21983099999997,266.84741413714266
rxn07584_c,DLKcat,35265.96,38.7260628,910.6518310970667
rxn15699_c,DLKcat,35265.96,38.7260628,910.6518310970667
rxn06444_c,DLKcat,34817.04,257.60024780000003,135.15918675292514
rxn01754_c,DLKcat,34732.799999999996,56.1245441,618.8522429351901
rxn02929_c_reverse,DLKcat,34672.68,104.0403916,333.2617214024404
rxn01416_c_reverse_num4,DLKcat,34644.96,29.8743016,1159.6910436225896
rxn45856_c,DLKcat,34644.24,132.21983099999997,262.01999910285775
rxn01184_c,DLKcat,34572.6,23.1320399,1494.5763602975628
rxn12639_c_num6,DLKcat,34468.200000000004,192.70151800000002,178.86833667807434
rxn00772_c_num1,DLKcat,34462.44,61.31035980000001,562.0981529454342
rxn00623_c_reverse,DLKcat,34449.12,125.9869008,273.43414101984166
rxn01101_c_reverse,DLKcat,34354.799999999996,55.3309524,620.8965960253378
rxn08547_c_num4,DLKcat,34180.92,119.5915068,285.81394209843666
rxn00293_c_reverse_num1,DLKcat,33719.4,151.3189428,222.83660839850913
rxn01213_c_num1,DLKcat,33654.24,34.1934353,984.2310286969031
rxn08547_c_reverse_num4,DLKcat,33598.8,119.5915068,280.9463723555994
rxn05613_c,DLKcat,33250.68,55.921642,594.5941286917148
rxn03075_c,DLKcat,33049.08,26.9832133,1224.8014953800925
rxn12633_c_num5,DLKcat,32980.32,192.70151800000002,171.14717280016444
rxn00105_c_reverse_num2,DLKcat,32977.439999999995,98.31810920000001,335.41572624140736
rxn02934_c_reverse,DLKcat,32971.68,221.5369394,148.8315225862509
rxn02199_c_reverse,DLKcat,32713.92,77.67186500000001,421.18108017620017
rxn12676_c,DLKcat,32659.199999999997,255.6710004,127.73916458614521
rxn05155_c,DLKcat,32506.56,138.42554570000001,234.83064369093543
rxn05108_c_reverse,DLKcat,32396.040000000005,42.4400845,763.3358976936063
rxn03087_c_num1,DLKcat,32396.040000000005,42.4400845,763.3358976936063
rxn00879_c_num1,DLKcat,32259.96,72.44887139999999,445.27898608507525
rxn04908_c_reverse_num2,DLKcat,32248.8,73.67096839999999,437.74095414225616
rxn14089_c_num2,DLKcat,32248.8,73.67096839999999,437.74095414225616
rxn11809_c_reverse_num2,DLKcat,32248.8,73.67096839999999,437.74095414225616
rxn02066_c,DLKcat,32248.8,73.67096839999999,437.74095414225616
rxn04736_c_num1,DLKcat,32248.8,73.67096839999999,437.74095414225616
rxn01530_c_num1,DLKcat,32248.8,73.67096839999999,437.74095414225616
rxn11838_c_num2,DLKcat,32248.8,73.67096839999999,437.74095414225616
rxn14054_c_num1,DLKcat,32248.8,73.67096839999999,437.74095414225616
rxn03282_c_num1,DLKcat,32248.8,73.67096839999999,437.74095414225616
rxn03333_c_num2,DLKcat,32248.8,73.67096839999999,437.74095414225616
rxn05871_c_num1,DLKcat,32248.8,73.67096839999999,437.74095414225616
rxn11834_c_num1,DLKcat,32248.8,73.67096839999999,437.74095414225616
rxn05872_c_num1,DLKcat,32248.8,73.67096839999999,437.74095414225616
rxn04726_c_num1,DLKcat,32248.8,73.67096839999999,437.74095414225616
rxn00430_c,DLKcat,32248.8,73.67096839999999,437.74095414225616
rxn05158_c,DLKcat,32233.32,276.0386665,116.77103214813567
rxn05175_c,DLKcat,32003.640000000003,229.2761117,139.58558422290272
rxn05221_c,DLKcat,31724.64,113.23144079999999,280.1751861131489
rxn12645_c_reverse_num4,DLKcat,31695.48,466.9009188,67.88480965396636
rxn03062_c,DLKcat,31568.04,72.31640279999999,436.52669073301865
rxn03063_c_reverse,DLKcat,31512.239999999998,60.459162600000006,521.2152905339776
rxn16149_c,DLKcat,31440.6,22.1198464,1421.3751502361245
rxn06600_c,DLKcat,31426.559999999998,22.0688241,1424.0251251085008
rxn07204_c_num2,DLKcat,31133.519999999997,41.598045,748.4370960221808
rxn00085_c,DLKcat,31103.28,876.1616932,35.49947485880338
rxn01987_c_reverse_num2,DLKcat,31079.52,61.31035980000001,506.9211810432076
rxn00670_c,DLKcat,31023.0,98.1845212,315.96630121367843
rxn02503_c_reverse,DLKcat,30742.92,36.060270800000005,852.542682513632
rxn00096_c,DLKcat,30708.72,23.1320399,1327.5405080033604
rxn01021_c,DLKcat,30652.2,38.8453702,789.082452868476
rxn07261_c,DLKcat,30611.16,78.47549560000002,390.0728471474603
rxn07100_c_reverse,DLKcat,30611.16,78.47549560000002,390.0728471474603
rxn01987_c_num2,DLKcat,30595.32,61.31035980000001,499.02365766250153
rxn01635_c,DLKcat,30282.12,103.0206909,293.94211721404787
rxn02835_c,DLKcat,29849.039999999997,26.052927800000003,1145.7077004604448
rxn03004_c,DLKcat,29810.16,22.0688241,1350.7815307658373
rxn03423_c_num1,DLKcat,29750.399999999998,52.1171934,570.8365715641165
rxn02483_c,DLKcat,29629.799999999996,13.6111048,2176.8842746696064
rxn05151_c,DLKcat,29559.600000000002,161.31737939999996,183.23878127665648
rxn12846_c_reverse_num5,DLKcat,29416.68,192.70151800000002,152.65411661157748
rxn07841_c,DLKcat,29327.76,29.520090800000002,993.4847490374249
rxn00552_c,DLKcat,29281.680000000004,27.234184300000003,1075.1810914344146
rxn06936_c,DLKcat,29268.000000000004,133.30595899999997,219.55507630382832
rxnmqfadh2_c_reverse_num1,DLKcat,29254.320000000003,45.7145417,639.9346665658469
rxn02200_c,DLKcat,28951.2,29.520090800000002,980.7286907125638
rxn02201_c,DLKcat,28951.2,29.520090800000002,980.7286907125638
rxn08561_c,DLKcat,28863.0,276.0386665,104.56143831574408
rxn01139_c,DLKcat,28671.48,72.0163189,398.12476446918197
rxn07842_c,DLKcat,28643.04,29.520090800000002,970.2896984314153
rxn01951_c,DLKcat,28577.16,31.165140599999997,916.9591232327058
rxn08559_c,DLKcat,28557.719999999998,276.0386665,103.45550629589061
rxn08563_c,DLKcat,28557.719999999998,276.0386665,103.45550629589061
rxn00881_c,DLKcat,28507.68,29.7942341,956.818688620024
rxn00882_c,DLKcat,28507.68,29.7942341,956.818688620024
rxn00883_c,DLKcat,28507.68,29.7942341,956.818688620024
rxn00770_c,DLKcat,1119600.0,213.3011478,5248.916902452786
rxn08669_c_num2,DLKcat,28394.640000000003,25.3727846,1119.0982955808486
rxn03898_c_num1,DLKcat,28342.079999999998,196.396039,144.3108534383425
rxn02228_c_reverse_num2,DLKcat,28300.68,45.8081317,617.8090865033031
rxn00741_c_num2,DLKcat,28296.0,137.60744200000002,205.62841361443225
rxn00500_c_num1,DLKcat,28296.0,137.60744200000002,205.62841361443225
rxn00499_c_num1,DLKcat,28296.0,137.60744200000002,205.62841361443225
rxn02228_c_num1,DLKcat,28296.0,137.60744200000002,205.62841361443225
rxn00132_c,DLKcat,28283.399999999998,72.0163189,392.7359858433419
rxn06723_c_num4,DLKcat,28220.760000000002,119.5915068,235.97628924598516
rxn03094_c,DLKcat,28207.08,24.1464801,1168.165292961271
rxn03095_c,DLKcat,28207.08,24.1464801,1168.165292961271
rxn02796_c,DLKcat,28207.08,24.1464801,1168.165292961271
rxn02795_c,DLKcat,28207.08,24.1464801,1168.165292961271
rxn04068_c,DLKcat,28207.08,24.1464801,1168.165292961271
rxn02015_c,DLKcat,28207.08,24.1464801,1168.165292961271
rxn12844_c_num2,DLKcat,28069.920000000002,32.6144488,860.6590340413787
rxn00058_c_num4,DLKcat,28034.28,22.442050599999998,1249.1853128608489
rxn01637_c_reverse_num2,DLKcat,27788.4,46.47739,597.8907163246473
rxn01555_c,DLKcat,27675.0,38.010081,728.0963173953774
rxn01139_c_reverse,DLKcat,27670.32,72.0163189,384.22291534259466
rxn01951_c_reverse,DLKcat,27610.2,31.165140599999997,885.9321494606061
rxn05342_c,DLKcat,27596.88,118.5662902,232.75485767032964
rxn07991_c_reverse,DLKcat,27596.88,118.5662902,232.75485767032964
rxn07987_c_reverse,DLKcat,27596.88,118.5662902,232.75485767032964
rxn07989_c_reverse,DLKcat,27596.88,118.5662902,232.75485767032964
rxn07993_c_reverse,DLKcat,27596.88,118.5662902,232.75485767032964
rxn07994_c_reverse,DLKcat,27596.88,118.5662902,232.75485767032964
rxn05337_c,DLKcat,27596.88,118.5662902,232.75485767032964
rxn05340_c,DLKcat,27596.88,118.5662902,232.75485767032964
rxn07992_c_reverse,DLKcat,27596.88,118.5662902,232.75485767032964
rxn05336_c,DLKcat,27596.88,118.5662902,232.75485767032964
rxn02400_c,DLKcat,27506.879999999997,72.0163189,381.953429724662
rxn00503_c,DLKcat,27407.52,251.98838080000002,108.76501493040269
rxn05465_c_num4,DLKcat,27392.76,119.5915068,229.0527206569154
rxn06488_c_num1,DLKcat,27363.6,38.0005269,720.0847522985267
rxn16798_c_reverse_num1,DLKcat,27284.04,145.8318088,187.09251585446975
rxn00879_c_reverse_num4,DLKcat,27284.04,145.8318088,187.09251585446975
rxn01073_c_num1,DLKcat,27154.440000000002,25.3727846,1070.2191512712407
rxn05243_c,DLKcat,27124.56,77.4937398,350.02259627686726
rxn01119_c,DLKcat,27054.36,108.1242154,250.21554977221135
rxn00141_c_reverse,DLKcat,27030.960000000003,104.9053964,257.66987140425124
rxn00216_c_num1,DLKcat,26902.44,68.51693060000001,392.6393048319067
rxn12638_c_num1,DLKcat,26657.28,32.6144488,817.3457158043401
rxn12634_c_num1,DLKcat,26657.28,32.6144488,817.3457158043401
rxn12636_c_num1,DLKcat,26657.28,32.6144488,817.3457158043401
rxn12645_c_num2,DLKcat,26657.28,32.6144488,817.3457158043401
rxn12640_c_num1,DLKcat,26657.28,32.6144488,817.3457158043401
rxn01652_c_reverse,DLKcat,26649.0,22.0688241,1207.5405503821112
rxn12239_c,DLKcat,26524.079999999998,25.685693200000003,1032.6402247925314
rxn12643_c_num6,DLKcat,26327.16,192.70151800000002,136.62144581549168
rxn12641_c_num3,DLKcat,26290.440000000002,54.1506223,485.50577783480065
rxn05231_c,DLKcat,26257.68,112.50477199999999,233.39170004273242
rxn00211_c_num1,DLKcat,26138.52,43.2415559,604.4768615737992
rxn11702_c,DLKcat,26128.8,114.7080312,227.78527123739877
rxn09188_c,DLKcat,25920.36,251.98838080000002,102.86331424373357
rxn00604_c_reverse,DLKcat,25886.52,92.2776672,280.5285480818917
rxn01434_c,DLKcat,25737.48,176.536544,145.79123062474815
rxn02122_c_num1,DLKcat,25726.32,52.1171934,493.6244322012935
rxn01806_c_num1,DLKcat,25635.239999999998,87.4135764,293.2638276083622
rxn03691_c,DLKcat,25633.44,402.98550900000004,63.60883810340683
rxn00527_c_reverse,DLKcat,25607.879999999997,72.783077,351.8383813314185
rxn08793_c_num1,DLKcat,25591.32,137.60744200000002,185.97337199248275
rxn02418_c_num2,DLKcat,25544.52,77.4269924,329.917503033477
rxn05300_c_num1,DLKcat,25527.600000000002,103.3349682,247.03738187244153
rxn00629_c_reverse,DLKcat,25422.12,110.9731906,229.08343774338593
rxn06442_c,DLKcat,25419.96,117.85040039999998,215.6968488331076
rxn02281_c,DLKcat,25414.559999999998,137.6636991,184.6133742312028
rxn02791_c,DLKcat,25387.199999999997,68.1803256,372.3537512704398
rxn02792_c,DLKcat,25387.199999999997,68.1803256,372.3537512704398
rxn14123_c,DLKcat,25387.199999999997,68.1803256,372.3537512704398
rxn00508_c_num1,DLKcat,25271.64,103.40400380000001,244.39711298683773
rxn00868_c,DLKcat,25253.64,15.1130403,1670.9834354110735
rxn00802_c_reverse,DLKcat,25156.08,204.3400048,123.10893319505296
rxn06297_c_num1,DLKcat,25053.48,34.1934353,732.6985364351502
rxn01729_c_num1,DLKcat,25006.32,103.40400380000001,241.83125489382644
rxn00242_c,DLKcat,24998.76,168.8924742,148.01583148339003
rxn05618_c,DLKcat,24913.44,255.2302499,97.61162718667228
rxn16434_c,DLKcat,24912.36,45.6742963,545.4350043264925
rxn05890_c,DLKcat,24759.0,218.0335516,113.55591751044979
rxn02418_c_reverse_num2,DLKcat,24714.0,77.4269924,319.19101122155945
rxn11892_c,DLKcat,24711.120000000003,98.1845212,251.68040438537068
rxn01701_c,DLKcat,24711.120000000003,98.1845212,251.68040438537068
rxn02350_c_num1,DLKcat,24683.04,52.1171934,473.6064701442653
rxn03087_c_reverse_num1,DLKcat,24592.32,42.4400845,579.4597322255568
rxn00409_c_reverse,DLKcat,24484.32,59.198196,413.5990900803801
rxn05740_c_reverse_num2,DLKcat,24333.12,90.48691559999999,268.91313333703687
rxn15833_c,DLKcat,24221.16,33.6535719,719.7203337574992
rxn08345_c_reverse,DLKcat,24221.16,33.6535719,719.7203337574992
rxn06729_c_num4,DLKcat,24106.68,119.5915068,201.57518409994645
rxn00780_c_num1,DLKcat,24061.68,226.99201920000002,106.00231710701483
rxn02222_c,DLKcat,23862.24,58.1732534,410.1926333038819
rxn04954_c_reverse,DLKcat,23848.2,72.45317379999999,329.1532827234133
rxn00605_c,DLKcat,23777.64,106.85784299999999,222.5165634309126
rxn11944_c_num2,DLKcat,23771.88,133.4050276,178.1932842237199
rxn16206_c_reverse_num2,DLKcat,23771.88,133.4050276,178.1932842237199
rxn16506_c,DLKcat,23720.4,25.322508600000003,936.7318370660954
rxn06672_c_reverse,DLKcat,23717.16,126.8057442,187.03537564191828
rxn00889_c,DLKcat,23669.640000000003,54.221804,436.53361293549
rxn16506_c_reverse,DLKcat,23603.04,25.322508600000003,932.097225154067
rxn05167_c,DLKcat,23565.239999999998,27.711423800000002,850.3799793931914
rxn01603_c,DLKcat,23546.52,54.2112622,434.34738547740363
rxn00192_c,DLKcat,23521.32,74.2156182,316.9322114465659
rxn06429_c_num1,DLKcat,23498.64,99.1441384,237.01491968384485
rxn11156_c_num1,DLKcat,23498.64,99.1441384,237.01491968384485
rxn02517_c,DLKcat,23489.64,59.198196,396.7965510300347
rxn00409_c,DLKcat,23489.64,59.198196,396.7965510300347
rxn00238_c,DLKcat,23489.64,59.198196,396.7965510300347
rxn01353_c,DLKcat,23489.64,59.198196,396.7965510300347
rxn00237_c,DLKcat,23489.64,59.198196,396.7965510300347
rxn00117_c,DLKcat,23489.64,59.198196,396.7965510300347
rxn00107_c,DLKcat,23489.64,59.198196,396.7965510300347
rxn00515_c,DLKcat,23489.64,59.198196,396.7965510300347
rxn00839_c,DLKcat,23489.64,59.198196,396.7965510300347
rxn01678_c,DLKcat,23489.64,59.198196,396.7965510300347
rxn01673_c,DLKcat,23489.64,59.198196,396.7965510300347
rxn01512_c,DLKcat,23489.64,59.198196,396.7965510300347
rxn00693_c_reverse_num2,DLKcat,23315.399999999998,133.4050276,174.77152412807564
rxn05169_c,DLKcat,23236.92,62.6294127,371.0224796663309
rxn08160_c,DLKcat,23236.92,62.6294127,371.0224796663309
rxn05152_c,DLKcat,23236.92,62.6294127,371.0224796663309
rxn16596_c_num1,DLKcat,23141.16,19.5318538,1184.7907647148168
rxn01199_c,DLKcat,22529.88,48.238326699999995,467.0535141095598
rxn05683_c,DLKcat,22510.440000000002,21.850484899999998,1030.20322446025
rxn02199_c,DLKcat,22419.0,77.67186500000001,288.63733347976125
rxn01345_c,DLKcat,22381.920000000002,141.5876808,158.07815957954446
rxn00650_c_num5,DLKcat,22135.68,192.70151800000002,114.87029386037321
rxn02831_c,DLKcat,22095.36,39.723035,556.2354437418993
rxn08386_c,DLKcat,22034.16,53.291101600000005,413.46790249124814
rxn08392_c,DLKcat,22034.16,53.291101600000005,413.46790249124814
rxn05327_c,DLKcat,22034.16,53.291101600000005,413.46790249124814
rxn05324_c,DLKcat,22034.16,53.291101600000005,413.46790249124814
rxn05322_c,DLKcat,22034.16,53.291101600000005,413.46790249124814
rxn08390_c,DLKcat,22034.16,53.291101600000005,413.46790249124814
rxn05325_c,DLKcat,22034.16,53.291101600000005,413.46790249124814
rxn05326_c,DLKcat,22034.16,53.291101600000005,413.46790249124814
rxn08396_c,DLKcat,22034.16,53.291101600000005,413.46790249124814
rxn08398_c,DLKcat,22034.16,53.291101600000005,413.46790249124814
rxn08394_c,DLKcat,22034.16,53.291101600000005,413.46790249124814
rxn05539_c,DLKcat,22025.879999999997,57.642539400000004,382.1115486803136
rxn12637_c_num6,DLKcat,22020.48,192.70151800000002,114.27247812339495
rxn12847_c_reverse_num5,DLKcat,21994.56,192.70151800000002,114.13796958257484
rxn05579_c_num2,DLKcat,21982.68,273.181826,80.4690426221838
rxn06096_c,DLKcat,21973.32,90.48691559999999,242.83422475282163
rxn03536_c,DLKcat,21884.760000000002,18.783313200000002,1165.1171317315839
rxn06060_c_num3,DLKcat,21862.44,37.847261,577.6491989737381
rxn00363_c,DLKcat,21844.8,72.0163189,303.33124955099584
rxn01652_c,DLKcat,21765.96,22.0688241,986.2763825282381
rxn00879_c_num4,DLKcat,21763.8,145.8318088,149.23904585074308
rxn16798_c_num1,DLKcat,21763.8,145.8318088,149.23904585074308
rxn06436_c,DLKcat,21647.16,55.6494254,388.99161751273
rxn03291_c_reverse,DLKcat,21521.52,76.5081878,281.29695159241504
rxn03291_c,DLKcat,21406.68,76.5081878,279.79593577564776
rxn01588_c_reverse,DLKcat,21341.16,76.5081878,278.93955684570534
rxn02503_c,DLKcat,21336.120000000003,36.060270800000005,591.679416894451
rxn00879_c_num2,DLKcat,21290.04,173.11552879999996,122.9816882839918
rxn00238_c_reverse,DLKcat,21225.24,59.198196,358.54538540329844
rxn01678_c_reverse,DLKcat,21225.24,59.198196,358.54538540329844
rxn00237_c_reverse,DLKcat,21225.24,59.198196,358.54538540329844
rxn02517_c_reverse,DLKcat,21225.24,59.198196,358.54538540329844
rxn00117_c_reverse,DLKcat,21225.24,59.198196,358.54538540329844
rxn00107_c_reverse,DLKcat,21225.24,59.198196,358.54538540329844
rxn01673_c_reverse,DLKcat,21225.24,59.198196,358.54538540329844
rxn00839_c_reverse,DLKcat,21225.24,59.198196,358.54538540329844
rxn01353_c_reverse,DLKcat,21225.24,59.198196,358.54538540329844
rxn01512_c_reverse,DLKcat,21225.24,59.198196,358.54538540329844
rxn12633_c_num3,DLKcat,21218.76,54.1506223,391.84702038041024
rxn08018_c_reverse_num3,DLKcat,21201.84,67.9582926,311.98311771593865
rxn08017_c_reverse_num3,DLKcat,21201.84,67.9582926,311.98311771593865
rxn00831_c,DLKcat,21058.559999999998,72.0163189,292.4137240233199
rxn03108_c_reverse_num1,DLKcat,20945.88,80.5405844,260.06615367941134
rxn02484_c_reverse,DLKcat,20945.88,80.5405844,260.06615367941134
rxn06672_c,DLKcat,20821.68,126.8057442,164.20139427721602
rxn08126_c_reverse,DLKcat,20820.96,157.16504759999998,132.47831065461403
rxn08127_c,DLKcat,20820.96,157.16504759999998,132.47831065461403
rxn02484_c,DLKcat,20791.8,80.5405844,258.1530808956981
rxn03108_c_num1,DLKcat,20791.8,80.5405844,258.1530808956981
rxn10343_c_num1,DLKcat,20699.64,73.3402263,282.2412889118669
rxn05516_c_num2,DLKcat,20699.64,73.3402263,282.2412889118669
rxn10344_c_num2,DLKcat,20699.64,73.3402263,282.2412889118669
rxn01961_c,DLKcat,20629.079999999998,72.0163189,286.4500756924969
rxn03052_c_num2,DLKcat,20607.480000000003,133.4050276,154.4730387657444
rxn00693_c_num2,DLKcat,20607.480000000003,133.4050276,154.4730387657444
rxn01670_c,DLKcat,20604.96,72.0163189,286.1151516035069
rxn00508_c_num2,DLKcat,20594.16,47.6966125,431.774059426128
rxn00550_c,DLKcat,20577.96,72.0163189,285.740236578518
rxn02789_c_reverse,DLKcat,20538.719999999998,73.9178967,277.85855546401115
rxn02811_c_reverse,DLKcat,20538.719999999998,73.9178967,277.85855546401115
rxn16206_c_num2,DLKcat,20526.12,133.4050276,153.86316669822418
rxn12846_c_reverse_num3,DLKcat,20490.84,54.1506223,378.4045155839326
rxn03294_c_reverse,DLKcat,20468.16,76.5081878,267.52901341103257
rxn08127_c_reverse,DLKcat,20467.079999999998,157.16504759999998,130.22666497763973
rxn08128_c,DLKcat,20467.079999999998,157.16504759999998,130.22666497763973
rxn03909_c,DLKcat,20460.239999999998,134.99621599999998,151.56158154833022
rxn08129_c,DLKcat,20232.719999999998,157.16504759999998,128.73549373073203
rxn08128_c_reverse,DLKcat,20232.719999999998,157.16504759999998,128.73549373073203
rxn05874_c_num1,DLKcat,20212.920000000002,56.8174491,355.7519797206102
rxn02005_c_num2,DLKcat,20145.24,142.2346528,141.63383959833453
rxn08129_c_reverse,DLKcat,20119.68,157.16504759999998,128.0162498420546
rxnmqfadh2_c_num1,DLKcat,19976.760000000002,45.7145417,436.9891779971624
rxn01218_c,DLKcat,19921.68,72.0163189,276.6273020377885
rxn14123_c_reverse,DLKcat,19899.359999999997,68.1803256,291.86366924595615
rxn05338_c,DLKcat,19830.960000000003,53.291101600000005,372.1251654516371
rxn05341_c_reverse,DLKcat,19830.960000000003,53.291101600000005,372.1251654516371
rxn08399_c,DLKcat,19830.960000000003,53.291101600000005,372.1251654516371
rxn08395_c,DLKcat,19830.960000000003,53.291101600000005,372.1251654516371
rxn08126_c,DLKcat,19824.48,157.16504759999998,126.1379696232154
rxn12646_c_num5,DLKcat,19776.6,192.70151800000002,102.62814847156521
rxn03294_c,DLKcat,19762.56,76.5081878,258.30647108857545
rxn06182_c,DLKcat,19730.52,17.9869433,1096.9356866766796
rxn00863_c,DLKcat,19560.96,93.50948360000001,209.18691074880448
rxn02159_c,DLKcat,19560.96,93.50948360000001,209.18691074880448
rxn01900_c,DLKcat,19552.32,76.5081878,255.55852990678207
rxn12639_c_num3,DLKcat,19534.68,54.1506223,360.7471007770856
rxn12639_c_reverse_num6,DLKcat,19363.68,192.70151800000002,100.48535268933377
rxn12646_c_reverse_num5,DLKcat,19363.68,192.70151800000002,100.48535268933377
rxn16085_c,DLKcat,19330.2,76.5081878,252.65531122670245
rxn04663_c,DLKcat,19330.2,76.5081878,252.65531122670245
rxn07595_c,DLKcat,19330.2,76.5081878,252.65531122670245
rxn06904_c,DLKcat,19330.2,76.5081878,252.65531122670245
rxn03384_c,DLKcat,19268.28,77.0055974,250.21921328539682
rxn02288_c,DLKcat,19268.28,77.0055974,250.21921328539682
rxn00211_c_num2,DLKcat,19262.879999999997,43.1990792,445.9095044785121
rxn00797_c_reverse,DLKcat,19250.640000000003,33.950322699999994,567.0237708815654
rxn01102_c_num2,DLKcat,19136.16,226.99201920000002,84.3032282255675
rxn02320_c_reverse,DLKcat,18969.84,79.863607,237.5279643955976
rxn07204_c_num1,DLKcat,18932.039999999997,173.08685719999997,109.37884196559322
rxn12641_c_num6,DLKcat,18914.760000000002,51.579567600000004,366.7103250396384
rxn01953_c,DLKcat,18877.68,43.4950823,434.0187212382858
rxn00292_c,DLKcat,18877.68,43.4950823,434.0187212382858
rxn06440_c,DLKcat,18863.28,117.5225167,160.5077948437093
rxn01937_c_reverse_num1,DLKcat,18740.52,52.1171934,359.5842135275074
rxn15053_c_reverse_num1,DLKcat,18740.52,52.1171934,359.5842135275074
rxn05853_c_reverse_num1,DLKcat,18740.52,52.1171934,359.5842135275074
rxn00927_c_num2,DLKcat,18704.16,33.2593534,562.3729293546638
rxn02632_c_reverse,DLKcat,18679.32,81.0639804,230.42687896435936
rxn05569_c,DLKcat,18598.68,119.3898638,155.78106388626267
rxn12633_c_reverse_num5,DLKcat,18582.84,192.70151800000002,96.43328289712797
rxn12637_c_reverse_num6,DLKcat,18582.84,192.70151800000002,96.43328289712797
rxn06449_c,DLKcat,18580.32,101.61213959999999,182.8553170235577
rxn00646_c_num1,DLKcat,18573.84,223.39773000000002,83.14247418718175
rxn03903_c,DLKcat,18526.32,78.47549560000002,236.077769988623
rxn15121_c,DLKcat,18412.199999999997,46.333440499999995,397.38469238001005
rxn15120_c,DLKcat,18412.199999999997,46.333440499999995,397.38469238001005
rxn05516_c_num3,DLKcat,18387.72,67.16678399999999,273.7621024106202
rxn00371_c,DLKcat,18268.199999999997,84.0507837,217.34717031555766
rxn00708_c,DLKcat,18234.72,72.0163189,253.2026112764839
rxn16798_c_reverse_num3,DLKcat,18218.16,76.04740799999999,239.5631945798863
rxn00836_c,DLKcat,18027.0,22.046881300000003,817.6666692535782
rxn05142_c,DLKcat,18019.44,98.4033316,183.118190278834
rxn05303_c_num1,DLKcat,17956.44,25.4250792,706.2491274363464
rxn01900_c_reverse,DLKcat,17925.48,76.5081878,234.29492339903518
rxn01729_c_num2,DLKcat,17909.64,47.6966125,375.4908170889494
rxn00143_c,DLKcat,17814.600000000002,38.8453702,458.60291479472124
rxn02314_c_num4,DLKcat,17772.12,46.333440499999995,383.57004807359385
rxn08848_c_num2,DLKcat,17673.120000000003,38.0005269,465.0756566220139
rxn08850_c_num2,DLKcat,17673.120000000003,38.0005269,465.0756566220139
rxn08846_c_num2,DLKcat,17673.120000000003,38.0005269,465.0756566220139
rxn08845_c_num2,DLKcat,17673.120000000003,38.0005269,465.0756566220139
rxn08840_c_num2,DLKcat,17673.120000000003,38.0005269,465.0756566220139
rxn08839_c_num2,DLKcat,17673.120000000003,38.0005269,465.0756566220139
rxn08838_c_num2,DLKcat,17673.120000000003,38.0005269,465.0756566220139
rxn08821_c_num2,DLKcat,17673.120000000003,38.0005269,465.0756566220139
rxn08818_c_num2,DLKcat,17673.120000000003,38.0005269,465.0756566220139
rxn08814_c_num2,DLKcat,17673.120000000003,38.0005269,465.0756566220139
rxn08813_c_num2,DLKcat,17673.120000000003,38.0005269,465.0756566220139
rxn08812_c_num2,DLKcat,17673.120000000003,38.0005269,465.0756566220139
rxn08811_c_num2,DLKcat,17673.120000000003,38.0005269,465.0756566220139
rxn08809_c_num2,DLKcat,17673.120000000003,38.0005269,465.0756566220139
rxn08807_c_num2,DLKcat,17673.120000000003,38.0005269,465.0756566220139
rxn08805_c_num2,DLKcat,17673.120000000003,38.0005269,465.0756566220139
rxn08847_c_num1,DLKcat,17673.120000000003,38.0005269,465.0756566220139
rxn08803_c_num2,DLKcat,17673.120000000003,38.0005269,465.0756566220139
rxn08800_c_num2,DLKcat,17673.120000000003,38.0005269,465.0756566220139
rxn08798_c_num2,DLKcat,17673.120000000003,38.0005269,465.0756566220139
rxn08799_c_num1,DLKcat,17673.120000000003,38.0005269,465.0756566220139
rxn08802_c_num1,DLKcat,17673.120000000003,38.0005269,465.0756566220139
rxn08804_c_num1,DLKcat,17673.120000000003,38.0005269,465.0756566220139
rxn08844_c_num1,DLKcat,17673.120000000003,38.0005269,465.0756566220139
rxn08842_c_num1,DLKcat,17673.120000000003,38.0005269,465.0756566220139
rxn08806_c_num1,DLKcat,17673.120000000003,38.0005269,465.0756566220139
rxn08808_c_num1,DLKcat,17673.120000000003,38.0005269,465.0756566220139
rxn08849_c_num1,DLKcat,17673.120000000003,38.0005269,465.0756566220139
rxn08819_c_num1,DLKcat,17673.120000000003,38.0005269,465.0756566220139
rxn08810_c_num1,DLKcat,17673.120000000003,38.0005269,465.0756566220139
rxn08851_c_num1,DLKcat,17673.120000000003,38.0005269,465.0756566220139
rxn08815_c_num1,DLKcat,17673.120000000003,38.0005269,465.0756566220139
rxn08823_c_num1,DLKcat,17673.120000000003,38.0005269,465.0756566220139
rxn08816_c_num1,DLKcat,17673.120000000003,38.0005269,465.0756566220139
rxn08817_c_num1,DLKcat,17673.120000000003,38.0005269,465.0756566220139
rxn14099_c,DLKcat,17647.56,76.5081878,230.66237101488372
rxn02039_c,DLKcat,17647.56,76.5081878,230.66237101488372
rxn02070_c,DLKcat,17647.56,76.5081878,230.66237101488372
rxn16000_c_reverse,DLKcat,17647.56,76.5081878,230.66237101488372
rxn14291_c,DLKcat,17647.56,76.5081878,230.66237101488372
rxn02636_c_reverse,DLKcat,17647.56,76.5081878,230.66237101488372
rxn14379_c,DLKcat,17647.56,76.5081878,230.66237101488372
rxn06297_c_reverse_num2,DLKcat,17523.0,39.510883500000006,443.49805541554133
rxn14291_c_reverse,DLKcat,17487.72,76.5081878,228.57318285612303
rxn14099_c_reverse,DLKcat,17487.72,76.5081878,228.57318285612303
rxn14379_c_reverse,DLKcat,17487.72,76.5081878,228.57318285612303
rxn02070_c_reverse,DLKcat,17487.72,76.5081878,228.57318285612303
rxn02039_c_reverse,DLKcat,17487.72,76.5081878,228.57318285612303
rxn01588_c,DLKcat,17487.72,76.5081878,228.57318285612303
rxn16000_c,DLKcat,17487.72,76.5081878,228.57318285612303
rxn02636_c,DLKcat,17487.72,76.5081878,228.57318285612303
rxn12636_c_reverse_num6,DLKcat,17465.760000000002,192.70151800000002,90.63633842261689
rxn12640_c_reverse_num6,DLKcat,17465.760000000002,192.70151800000002,90.63633842261689
rxn12642_c_reverse_num5,DLKcat,17465.760000000002,192.70151800000002,90.63633842261689
rxn12641_c_reverse_num5,DLKcat,17465.760000000002,192.70151800000002,90.63633842261689
rxn01303_c,DLKcat,17460.36,82.43153199999999,211.8165170095347
rxn00730_c_num1,DLKcat,17304.84,93.50948189999998,185.0597356373547
rxn01145_c,DLKcat,17304.12,72.0163189,240.28054008186746
rxn08547_c_num1,DLKcat,17134.559999999998,103.9878878,164.77457483274316
rxn05005_c_num2,DLKcat,17131.32,64.3513399,266.2154358653844
rxn05006_c_num1,DLKcat,17069.4,64.3513399,265.25321813850843
rxn01637_c_num2,DLKcat,17039.88,46.47739,366.62729985483264
rxn12242_c,DLKcat,17011.079999999998,68.7513212,247.4291359509175
rxn10343_c_num3,DLKcat,16906.32,67.16678399999999,251.7065578128618
rxn10344_c_num3,DLKcat,16906.32,67.16678399999999,251.7065578128618
rxn03839_c,DLKcat,16899.84,58.1732534,290.50876497823657
rxn12635_c_num5,DLKcat,16876.44,192.70151800000002,87.57813729313744
rxn00184b_c,DLKcat,16824.24,39.9189487,421.45999701640443
rxn01302_c,DLKcat,16794.36,92.87567600000001,180.82624776803777
rxn08455_c_reverse_num2,DLKcat,16738.2,56.370502900000005,296.93189059698807
rxn08453_c_reverse_num2,DLKcat,16738.2,56.370502900000005,296.93189059698807
rxn08451_c_num2,DLKcat,16738.2,56.370502900000005,296.93189059698807
rxn01549_c_reverse,DLKcat,16705.079999999998,72.0163189,231.96242539411435
rxn01871_c,DLKcat,16685.280000000002,1687.7436407999996,9.886145974213886
rxn00293_c_num2,DLKcat,16680.6,176.91755159999997,94.28459669006634
rxn05341_c,DLKcat,16674.120000000003,53.291101600000005,312.8875084090962
rxn08308_c_reverse,DLKcat,16570.8,32.2668289,513.5552691389515
rxn00789_c,DLKcat,16411.68,121.0365616,135.59274803457404
rxn08455_c_reverse_num3,DLKcat,16341.839999999998,62.672819600000004,260.74844093977856
rxn08451_c_num3,DLKcat,16341.839999999998,62.672819600000004,260.74844093977856
rxn08453_c_reverse_num3,DLKcat,16341.839999999998,62.672819600000004,260.74844093977856
rxn01204_c,DLKcat,16242.84,46.47739,349.4783162307522
rxn06591_c_reverse,DLKcat,16054.56,98.4033316,163.15057365395137
rxn08722_c_reverse,DLKcat,16016.759999999998,77.4937398,206.68456628028162
rxn08722_c,DLKcat,16016.759999999998,77.4937398,206.68456628028162
rxn06723_c_num1,DLKcat,15996.96,103.9878878,153.83483921480325
rxn08310_c_reverse,DLKcat,15966.72,32.2668289,494.83387566480076
rxn00181_c_reverse,DLKcat,15948.36,42.6967065,373.5267028148881
rxn12642_c_num5,DLKcat,15883.56,192.70151800000002,82.42571291005605
rxn25750_c,DLKcat,15857.64,53.291101600000005,297.5663764473579
rxn08392_c_reverse,DLKcat,15857.64,53.291101600000005,297.5663764473579
rxn04663_c_reverse,DLKcat,15856.560000000001,76.5081878,207.25311180354478
rxn01492_c_num3,DLKcat,15842.16,46.333440499999995,341.9163314669024
rxn00342_c,DLKcat,15837.12,133.19289600000002,118.90363882470128
rxn12846_c_reverse_num6,DLKcat,15753.6,51.579567600000004,305.4232660919011
rxn00629_c,DLKcat,15702.119999999999,110.9731906,141.49471521097277
rxn01368_c,DLKcat,15700.320000000002,60.29861299999999,260.3761383367144
rxn00650_c_num3,DLKcat,15626.88,54.1506223,288.5817251263611
rxn05465_c_reverse_num1,DLKcat,15602.76,103.9878878,150.044013106688
rxn01484_c_reverse,DLKcat,15597.72,40.758589699999995,382.68546862896
rxn03504_c_reverse,DLKcat,15597.72,40.758589699999995,382.68546862896
rxn00231_c,DLKcat,15507.72,58.1732534,266.57817972408606
rxn08451_c_reverse_num2,DLKcat,15496.56,56.370502900000005,274.9054772048166
rxn01182_c,DLKcat,15496.56,56.370502900000005,274.9054772048166
rxn01427_c,DLKcat,15496.56,56.370502900000005,274.9054772048166
rxn00988_c_num2,DLKcat,15496.56,56.370502900000005,274.9054772048166
rxn00947_c_num2,DLKcat,15496.56,56.370502900000005,274.9054772048166
rxn05247_c_num1,DLKcat,15496.56,56.370502900000005,274.9054772048166
rxn08452_c_num2,DLKcat,15496.56,56.370502900000005,274.9054772048166
rxn09450_c_num2,DLKcat,15496.56,56.370502900000005,274.9054772048166
rxn09449_c_num2,DLKcat,15496.56,56.370502900000005,274.9054772048166
rxn08453_c_num2,DLKcat,15496.56,56.370502900000005,274.9054772048166
rxn08450_c_num2,DLKcat,15496.56,56.370502900000005,274.9054772048166
rxn05248_c_num2,DLKcat,15496.56,56.370502900000005,274.9054772048166
rxn05250_c_num3,DLKcat,15496.56,56.370502900000005,274.9054772048166
rxn09448_c_num2,DLKcat,15496.56,56.370502900000005,274.9054772048166
rxn05251_c_num3,DLKcat,15496.56,56.370502900000005,274.9054772048166
rxn05249_c_num1,DLKcat,15496.56,56.370502900000005,274.9054772048166
rxn08454_c_num2,DLKcat,15496.56,56.370502900000005,274.9054772048166
rxn08457_c_num2,DLKcat,15496.56,56.370502900000005,274.9054772048166
rxn05252_c_num2,DLKcat,15496.56,56.370502900000005,274.9054772048166
rxn08449_c_num2,DLKcat,15496.56,56.370502900000005,274.9054772048166
rxn08455_c_num2,DLKcat,15496.56,56.370502900000005,274.9054772048166
rxn08448_c_num2,DLKcat,15496.56,56.370502900000005,274.9054772048166
rxn05736_c_num2,DLKcat,15496.56,56.370502900000005,274.9054772048166
rxn08456_c_num2,DLKcat,15496.56,56.370502900000005,274.9054772048166
rxn08312_c_reverse,DLKcat,15474.24,32.2668289,479.571142486828
rxn01937_c_num1,DLKcat,15444.72,52.1171934,296.34596555232
rxn12634_c_reverse_num5,DLKcat,15349.679999999998,192.70151800000002,79.6552106039974
rxn05240_c,DLKcat,15347.52,89.66557999999999,171.16400741510847
rxn00781_c_reverse,DLKcat,15288.480000000001,144.18037239999998,106.037179301945
rxn03060_c_reverse_num3,DLKcat,15243.84,55.3654221,275.3314148398771
rxn00416_c,DLKcat,15211.439999999999,72.447743,209.96430489214825
rxn00340_c,DLKcat,15211.439999999999,72.447743,209.96430489214825
rxn02405_c,DLKcat,15200.640000000001,32.2668289,471.09184627684317
rxn00743_c,DLKcat,15179.4,29.5219284,514.173728569845
rxn01521_c,DLKcat,15134.039999999999,72.0163189,210.14736980676193
rxn01507_c,DLKcat,15113.88,72.0163189,209.86743325477025
rxn07900_c,DLKcat,15100.560000000001,290.76551900000004,51.933805810034855
rxn07901_c,DLKcat,15100.560000000001,290.76551900000004,51.933805810034855
rxn01806_c_num2,DLKcat,15098.4,68.0554386,221.8544220799423
rxn03095_c_reverse,DLKcat,15053.4,24.1464801,623.4200569879333
rxn02796_c_reverse,DLKcat,15053.4,24.1464801,623.4200569879333
rxn02015_c_reverse,DLKcat,15053.4,24.1464801,623.4200569879333
rxn09108_c_reverse,DLKcat,14939.28,22.1768252,673.6437639414681
rxn09111_c_reverse,DLKcat,14939.28,22.1768252,673.6437639414681
rxn09110_c_reverse,DLKcat,14939.28,22.1768252,673.6437639414681
rxn09109_c_reverse,DLKcat,14939.28,22.1768252,673.6437639414681
rxn09112_c_reverse,DLKcat,14939.28,22.1768252,673.6437639414681
rxn09113_c_reverse,DLKcat,14939.28,22.1768252,673.6437639414681
rxn10261_c_reverse,DLKcat,14939.28,22.1768252,673.6437639414681
rxn10259_c_reverse,DLKcat,14939.28,22.1768252,673.6437639414681
rxn10260_c_reverse,DLKcat,14939.28,22.1768252,673.6437639414681
rxn06045_c_reverse,DLKcat,14939.28,22.1768252,673.6437639414681
rxn10262_c_reverse,DLKcat,14939.28,22.1768252,673.6437639414681
rxn10264_c_reverse,DLKcat,14939.28,22.1768252,673.6437639414681
rxn10263_c_reverse,DLKcat,14939.28,22.1768252,673.6437639414681
rxn09114_c_reverse,DLKcat,14939.28,22.1768252,673.6437639414681
rxn06432_c,DLKcat,14938.560000000001,59.6942594,250.25119919655123
rxn00313_c,DLKcat,14884.919999999998,94.8791966,156.88286298157797
rxn00785_c,DLKcat,14841.36,74.7938308,198.43026946548648
rxn15228_c,DLKcat,14841.36,74.7938308,198.43026946548648
rxn02795_c_reverse,DLKcat,14771.52,24.1464801,611.7463058311344
rxn00692_c,DLKcat,14756.76,93.0804838,158.53763751064648
rxn08766_c_reverse_num3,DLKcat,14756.04,67.9582926,217.13376595338423
rxn02729_c_num1,DLKcat,14755.32,52.1171934,283.11808517302086
rxn12643_c_num3,DLKcat,14714.28,54.1506223,271.7287332079284
rxn00942_c,DLKcat,14695.56,33.950322699999994,432.85479581023253
rxn15165_c,DLKcat,14695.56,33.950322699999994,432.85479581023253
rxn05853_c_num1,DLKcat,14671.8,52.1171934,281.5155430069648
rxn03354_c_num1,DLKcat,14671.8,52.1171934,281.5155430069648
rxn15053_c_num1,DLKcat,14671.8,52.1171934,281.5155430069648
rxn04234_c_num1,DLKcat,14671.8,52.1171934,281.5155430069648
rxn03106_c_num1,DLKcat,14671.8,52.1171934,281.5155430069648
rxn03598_c_num1,DLKcat,14671.8,52.1171934,281.5155430069648
rxn00907_c_reverse,DLKcat,14668.199999999999,60.29861299999999,243.2593267112131
rxn00721_c,DLKcat,14642.640000000001,76.08612729999999,192.44822308100314
rxn06624_c_num2,DLKcat,14616.72,19.1037144,765.1245037457218
rxn00612_c_num1,DLKcat,14576.039999999999,34.6820593,420.27608204914173
rxn12571_c,DLKcat,14569.92,49.220021200000005,296.01612605563037
rxn12635_c_reverse_num5,DLKcat,14562.0,192.70151800000002,75.56764550240854
rxn06488_c_reverse_num1,DLKcat,14541.839999999998,38.0005269,382.6746939132573
rxn08018_c_num3,DLKcat,14537.519999999999,67.9582926,213.91826433261508
rxn08017_c_num3,DLKcat,14537.519999999999,67.9582926,213.91826433261508
rxn08019_c_num3,DLKcat,14537.519999999999,67.9582926,213.91826433261508
rxn01549_c,DLKcat,14500.08,72.0163189,201.34436502002325
rxn01682_c_reverse,DLKcat,14443.560000000001,89.59204679999999,161.21475639732793
rxn00913_c,DLKcat,14420.88,72.0163189,200.24461428005588
rxn06023_c_num3,DLKcat,14410.44,67.9582926,212.0482938678186
rxn08766_c_num3,DLKcat,14410.44,67.9582926,212.0482938678186
rxn16798_c_num3,DLKcat,14402.88,76.04740799999999,189.3934373147866
rxn03970_c,DLKcat,14346.0,98.4033316,145.78774688559426
rxn05250_c_num1,DLKcat,14260.32,62.672819600000004,227.5359572301738
rxn08454_c_num3,DLKcat,14260.32,62.672819600000004,227.5359572301738
rxn08457_c_num3,DLKcat,14260.32,62.672819600000004,227.5359572301738
rxn08455_c_num3,DLKcat,14260.32,62.672819600000004,227.5359572301738
rxn08456_c_num3,DLKcat,14260.32,62.672819600000004,227.5359572301738
rxn05736_c_num1,DLKcat,14260.32,62.672819600000004,227.5359572301738
rxn05248_c_num3,DLKcat,14260.32,62.672819600000004,227.5359572301738
rxn08451_c_reverse_num3,DLKcat,14260.32,62.672819600000004,227.5359572301738
rxn08452_c_num3,DLKcat,14260.32,62.672819600000004,227.5359572301738
rxn08453_c_num3,DLKcat,14260.32,62.672819600000004,227.5359572301738
rxn05249_c_num3,DLKcat,14260.32,62.672819600000004,227.5359572301738
rxn09450_c_num1,DLKcat,14260.32,62.672819600000004,227.5359572301738
rxn08449_c_num3,DLKcat,14260.32,62.672819600000004,227.5359572301738
rxn08450_c_num3,DLKcat,14260.32,62.672819600000004,227.5359572301738
rxn06959_c,DLKcat,14260.32,62.672819600000004,227.5359572301738
rxn09448_c_num1,DLKcat,14260.32,62.672819600000004,227.5359572301738
rxn00988_c_num1,DLKcat,14260.32,62.672819600000004,227.5359572301738
rxn05247_c_num3,DLKcat,14260.32,62.672819600000004,227.5359572301738
rxn08448_c_num3,DLKcat,14260.32,62.672819600000004,227.5359572301738
rxn05252_c_num3,DLKcat,14260.32,62.672819600000004,227.5359572301738
rxn00947_c_num1,DLKcat,14260.32,62.672819600000004,227.5359572301738
rxn09449_c_num3,DLKcat,14260.32,62.672819600000004,227.5359572301738
rxn05251_c_num1,DLKcat,14260.32,62.672819600000004,227.5359572301738
rxn00337_c_reverse,DLKcat,14155.560000000001,44.7381902,316.4088653724755
rxn08547_c_reverse_num1,DLKcat,14041.800000000001,103.9878878,135.03303410688184
rxn00904_c,DLKcat,13991.04,40.4140567,346.1924177485503
rxn06729_c_num1,DLKcat,13911.48,103.9878878,133.77981122913047
rxn03419_c,DLKcat,13869.359999999999,220.299793,62.956754571258266
rxn12637_c_num3,DLKcat,13793.76,54.1506223,254.72948258251134
rxn05608_c,DLKcat,13773.24,36.103763099999995,381.4904269632769
rxn03958_c,DLKcat,13592.52,81.9744438,165.8141168138063
rxn00907_c,DLKcat,13509.72,60.29861299999999,224.04694449605336
rxn04954_c,DLKcat,13499.28,72.45317379999999,186.31730388048237
rxn02008_c,DLKcat,13496.4,49.326352400000005,273.61439359136557
rxn03904_c_reverse,DLKcat,13401.720000000001,78.47549560000002,170.77585681408553
rxn03903_c_reverse,DLKcat,13401.720000000001,78.47549560000002,170.77585681408553
rxn12845_c_reverse_num5,DLKcat,13359.960000000001,192.70151800000002,69.32981192187599
rxn06591_c,DLKcat,13324.679999999998,98.4033316,135.4088299994103
rxn00650_c_num6,DLKcat,13291.56,51.579567600000004,257.6904115031782
rxn06776_c,DLKcat,13278.960000000001,76.08612729999999,174.52537632310276
rxn02474_c_reverse,DLKcat,13255.560000000001,103.0206909,128.6689099461281
rxn00721_c_reverse,DLKcat,13203.36,76.08612729999999,173.5317654943913
rxn00904_c_reverse,DLKcat,13193.28,40.4140567,326.4527512775029
rxn12847_c_reverse_num6,DLKcat,13178.16,51.579567600000004,255.49186651188597
rxn10174_c,DLKcat,13168.08,36.103763099999995,364.7287393152655
rxn00912_c_reverse,DLKcat,13164.84,283.23842500000006,46.47971051244194
rxn12633_c_num6,DLKcat,13122.0,51.579567600000004,254.40306327810316
rxn00612_c_reverse_num1,DLKcat,13074.119999999999,34.6820593,376.9706950475112
rxn02929_c,DLKcat,13054.32,104.0403916,125.4735761682773
rxn08306_c_reverse,DLKcat,13044.960000000001,32.2668289,404.28391771712035
rxn01800_c,DLKcat,13032.359999999999,60.29861299999999,216.13034449067678
rxn02155_c_num2,DLKcat,13032.359999999999,38.5331684,338.21148224084266
rxn08307_c,DLKcat,13006.8,32.2668289,403.10127903520134
rxn02377_c,DLKcat,13006.08,45.2170575,287.6365849325777
rxn01299_c_reverse_num1,DLKcat,12996.36,33.2593534,390.7580476293926
rxn16221_c,DLKcat,12970.08,55.7273272,232.74182796263733
rxn05177_c,DLKcat,12924.0,450.0199014,28.718729904597062
rxn03958_c_reverse,DLKcat,12884.400000000001,81.9744438,157.17581483608677
rxn00392_c,DLKcat,12823.92,37.168530700000005,345.0209023193913
rxn08307_c_reverse,DLKcat,12814.92,32.2668289,397.15461471951465
rxn00797_c,DLKcat,12806.28,33.950322699999994,377.206429322099
rxn15118_c,DLKcat,12806.28,33.950322699999994,377.206429322099
rxn00658_c,DLKcat,12791.16,40.758589699999995,313.8273452086592
rxn01333_c_reverse,DLKcat,12621.599999999999,38.328480000000006,329.3008227824322
rxn02897_c,DLKcat,12577.32,37.47223770000001,335.6436864190792
rxn06723_c_num3,DLKcat,12564.0,40.3368634,311.47687105487734
rxn04068_c_reverse,DLKcat,12559.68,24.1464801,520.1453772137994
rxn00148_c_num2,DLKcat,12537.36,67.5694436,185.54777621404006
rxn03504_c,DLKcat,12523.68,40.758589699999995,307.2648021479507
rxn01484_c,DLKcat,12523.68,40.758589699999995,307.2648021479507
rxn06439_c,DLKcat,12511.8,94.4219634,132.50942417916295
rxn06624_c_num1,DLKcat,12507.84,21.7527177,575.0012560499509
rxn00414_c,DLKcat,12488.4,162.18368159999997,77.00158164371084
rxn03094_c_reverse,DLKcat,12483.72,24.1464801,516.9995770936401
rxn05607_c,DLKcat,12467.52,119.3898638,104.42695554863344
rxn02632_c,DLKcat,12391.2,81.0639804,152.8570388334891
rxn00161_c,DLKcat,12386.52,40.9093388,302.7797652891911
rxn00206_c,DLKcat,12378.960000000001,88.4054648,140.02482796742223
rxn00181_c,DLKcat,12340.08,42.6967065,289.01713999884277
rxn00122_c,DLKcat,12294.72,37.168530700000005,330.7830513730799
rxn03080_c,DLKcat,12250.08,65.90155,185.88455051512446
rxn05654_c_num2,DLKcat,12229.199999999999,44.344079,275.77977208637026
rxn00962_c,DLKcat,12223.44,43.9820772,277.9186609221813
rxn09110_c,DLKcat,12220.92,22.1768252,551.0671563574393
rxn12639_c_num5,DLKcat,12216.960000000001,51.579567600000004,236.85658039521834
rxn12646_c_reverse_num3,DLKcat,12144.24,54.1506223,224.26778279148232
rxn12639_c_reverse_num3,DLKcat,12144.24,54.1506223,224.26778279148232
rxn06043_c,DLKcat,12120.48,32.2668289,375.6328221023293
rxn08312_c,DLKcat,12120.48,32.2668289,375.6328221023293
rxn08311_c,DLKcat,12120.48,32.2668289,375.6328221023293
rxn08309_c,DLKcat,12120.48,32.2668289,375.6328221023293
rxn08310_c,DLKcat,12120.48,32.2668289,375.6328221023293
rxn10222_c,DLKcat,12120.48,32.2668289,375.6328221023293
rxn10223_c,DLKcat,12120.48,32.2668289,375.6328221023293
rxn10224_c,DLKcat,12120.48,32.2668289,375.6328221023293
rxn10220_c,DLKcat,12120.48,32.2668289,375.6328221023293
rxn08308_c,DLKcat,12120.48,32.2668289,375.6328221023293
rxn10221_c,DLKcat,12120.48,32.2668289,375.6328221023293
rxn10225_c,DLKcat,12120.48,32.2668289,375.6328221023293
rxn08306_c,DLKcat,12120.48,32.2668289,375.6328221023293
rxn12637_c_reverse_num3,DLKcat,12106.439999999999,54.1506223,223.56972987178392
rxn12633_c_reverse_num3,DLKcat,12106.439999999999,54.1506223,223.56972987178392
rxn16223_c,DLKcat,12041.64,55.7273272,216.0814201044259
rxn00102_c_reverse,DLKcat,118800000000.0,66.8582202,1776894443.8637629
rxn06435_c,DLKcat,11980.8,51.019412700000004,234.8282617530013
rxn06584_c_num3,DLKcat,11961.720000000001,46.3857786,257.87472714751414
rxn09112_c,DLKcat,11884.68,22.1768252,535.9053828859146
rxn06729_c_num3,DLKcat,11842.199999999999,40.3368634,293.58256943696813
rxn01669_c,DLKcat,11802.6,17.919086099999998,658.6608231097233
rxn05307_c_num1,DLKcat,11735.64,97.2804534,120.63718444799106
rxn05307_c_reverse_num1,DLKcat,11735.64,97.2804534,120.63718444799106
rxn05649_c,DLKcat,11735.64,97.2804534,120.63718444799106
rxn12845_c_num5,DLKcat,11730.6,192.70151800000002,60.87445559198967
rxn09114_c,DLKcat,11592.0,22.1768252,522.7078220375746
rxn01537_c,DLKcat,11582.279999999999,27.234184300000003,425.28463024317557
rxn08547_c_num3,DLKcat,11535.84,40.3368634,285.987531692908
rxn04957_c,DLKcat,11469.24,21.2816095,538.9272836718483
rxn07998_c_num2,DLKcat,11449.8,73.561481,155.64939482390247
rxn07997_c_num2,DLKcat,11449.8,73.561481,155.64939482390247
rxn08000_c_num2,DLKcat,11449.8,73.561481,155.64939482390247
rxn08766_c_num2,DLKcat,11449.8,73.561481,155.64939482390247
rxn08002_c_num2,DLKcat,11449.8,73.561481,155.64939482390247
rxn05242_c,DLKcat,11424.24,89.66557999999999,127.40942511050507
rxn05241_c,DLKcat,11424.24,89.66557999999999,127.40942511050507
rxn12646_c_num3,DLKcat,11330.28,54.1506223,209.23637658731025
rxn06045_c,DLKcat,11323.800000000001,22.1768252,510.6141162171401
rxn10259_c,DLKcat,11323.800000000001,22.1768252,510.6141162171401
rxn10264_c,DLKcat,11323.800000000001,22.1768252,510.6141162171401
rxn10263_c,DLKcat,11323.800000000001,22.1768252,510.6141162171401
rxn10262_c,DLKcat,11323.800000000001,22.1768252,510.6141162171401
rxn10261_c,DLKcat,11323.800000000001,22.1768252,510.6141162171401
rxn09111_c,DLKcat,11323.800000000001,22.1768252,510.6141162171401
rxn09109_c,DLKcat,11323.800000000001,22.1768252,510.6141162171401
rxn09108_c,DLKcat,11323.800000000001,22.1768252,510.6141162171401
rxn09113_c,DLKcat,11323.800000000001,22.1768252,510.6141162171401
rxn10260_c,DLKcat,11323.800000000001,22.1768252,510.6141162171401
rxn00141_c,DLKcat,11318.76,104.9053964,107.89492617559948
rxn01465_c,DLKcat,11277.0,47.8292478,235.77623564466762
rxn00461_c_reverse,DLKcat,11264.76,88.3539196,127.49587172814007
rxn00459_c_reverse,DLKcat,11127.24,44.9488274,247.5535101500779
rxn06076_c,DLKcat,11096.28,112.50477199999999,98.62941635933453
rxn00727_c,DLKcat,11096.28,156.72729979999997,70.79991816460812
rxn21082_c,DLKcat,11080.44,34.460744,321.53803760011687
rxn06556_c_num1,DLKcat,11080.44,34.460744,321.53803760011687
rxn11749_c,DLKcat,11078.28,60.29861299999999,183.72362893322278
rxn08018_c_reverse_num2,DLKcat,11045.16,73.561481,150.1486899101447
rxn08017_c_reverse_num2,DLKcat,11045.16,73.561481,150.1486899101447
rxn01226_c_reverse_num2,DLKcat,11012.76,33.2593534,331.1176819210201
rxn11944_c_num1,DLKcat,11009.519999999999,162.4761832,67.76082366760076
rxn16206_c_reverse_num1,DLKcat,11009.519999999999,162.4761832,67.76082366760076
rxn01104_c,DLKcat,10986.84,27.245198199999997,403.2578482031377
rxn00710_c,DLKcat,3596400.0,115.6252388,31103.935761125536
rxn00461_c,DLKcat,10961.28,88.3539196,124.06104957906136
rxn01675_c,DLKcat,10959.84,31.0036217,353.5019265184751
rxn03136_c_reverse,DLKcat,10959.12,52.476369899999995,208.8391407577147
rxn00800_c_reverse,DLKcat,10959.12,52.476369899999995,208.8391407577147
rxn09256_c,DLKcat,10955.16,49.220021200000005,222.57527999601916
rxn09256_c_reverse,DLKcat,10955.16,49.220021200000005,222.57527999601916
rxn01445_c,DLKcat,10947.6,72.0163189,152.01554546548755
rxn05050_c,DLKcat,10947.6,72.0163189,152.01554546548755
rxn12846_c_num5,DLKcat,10931.76,192.70151800000002,56.72897709088103
rxn02733_c_num2,DLKcat,10925.28,79.17414540000001,137.9905011263942
rxn05349_c_num2,DLKcat,10898.279999999999,40.3368634,270.1816423336476
rxn00974_c_reverse,DLKcat,10869.12,101.72464049999999,106.8484483855217
rxn02154_c,DLKcat,10836.36,26.177196499999997,413.96182360475467
rxn00689_c,DLKcat,10704.96,54.2112622,197.46745538789537
rxn12633_c_reverse_num6,DLKcat,10697.76,51.579567600000004,207.40305701981106
rxn12637_c_reverse_num5,DLKcat,10697.76,51.579567600000004,207.40305701981106
rxn06075_c,DLKcat,10677.96,155.7693852,68.54979870588845
rxn01100_c_reverse,DLKcat,10576.800000000001,42.6967065,247.71934106908228
rxn12641_c_reverse_num3,DLKcat,10528.56,54.1506223,194.4310065666595
rxn12640_c_reverse_num3,DLKcat,10528.56,54.1506223,194.4310065666595
rxn12642_c_reverse_num3,DLKcat,10528.56,54.1506223,194.4310065666595
rxn12636_c_reverse_num3,DLKcat,10528.56,54.1506223,194.4310065666595
rxn06641_c,DLKcat,10500.84,155.7693852,67.41273316651699
rxn02733_c_reverse_num2,DLKcat,10468.44,79.17414540000001,132.22043568783502
rxn05164_c_num2,DLKcat,10456.2,147.6287718,70.82765691612968
rxn05567_c,DLKcat,10383.84,119.3898638,86.97421765548576
rxn10184_c,DLKcat,10383.84,119.3898638,86.97421765548576
rxn05617_c,DLKcat,10383.84,119.3898638,86.97421765548576
rxn03908_c,DLKcat,10290.960000000001,32.7707247,314.0290638735859
rxn08000_c_num3,DLKcat,10245.96,67.9582926,150.76835523675297
rxn08002_c_num3,DLKcat,10245.96,67.9582926,150.76835523675297
rxn07998_c_num3,DLKcat,10245.96,67.9582926,150.76835523675297
rxn07997_c_num3,DLKcat,10245.96,67.9582926,150.76835523675297
rxn12634_c_reverse_num3,DLKcat,10219.68,54.1506223,188.72691699426693
rxn08040_c,DLKcat,10158.119999999999,39.748897,255.55727999194542
rxn12847_c_reverse_num3,DLKcat,10096.2,54.1506223,186.44661078991885
rxn00985_c,DLKcat,10090.08,86.1829374,117.07746689079549
rxn06197_c,DLKcat,10090.08,86.1829374,117.07746689079549
rxn12643_c_num5,DLKcat,10045.800000000001,51.579567600000004,194.76316819685786
rxn03408_c,DLKcat,10018.08,74.844565,133.8518034008214
rxn03933_c,DLKcat,10018.08,74.844565,133.8518034008214
rxn12645_c_reverse_num6,DLKcat,10005.48,192.70151800000002,51.92216493074019
rxn06197_c_reverse,DLKcat,9897.48,86.1829374,114.84268578666477
rxn00985_c_reverse,DLKcat,9897.48,86.1829374,114.84268578666477
rxn02988_c,DLKcat,9882.359999999999,279.0426834,35.415227088516446
rxn12846_c_num6,DLKcat,9843.480000000001,51.579567600000004,190.84068475207613
rxn06631_c_reverse_num1,DLKcat,9837.0,55.6279053,176.83570767134387
rxn06947_c_reverse_num1,DLKcat,9837.0,55.6279053,176.83570767134387
rxn48573_c_reverse_num1,DLKcat,9837.0,55.6279053,176.83570767134387
rxn00474_c,DLKcat,9823.68,58.148742199999994,168.9405415892212
rxn12637_c_num5,DLKcat,9802.08,51.579567600000004,190.0380413425567
rxn01204_c_reverse,DLKcat,9782.64,46.47739,210.4816987356648
rxn01210_c,DLKcat,9777.24,54.2112622,180.35440613666435
rxn05610_c,DLKcat,9766.08,119.3898638,81.79990904722014
rxn08766_c_reverse_num2,DLKcat,9754.92,73.561481,132.6090756655647
rxn12642_c_num3,DLKcat,9706.68,54.1506223,179.253341655503
rxn03150_c,DLKcat,9696.599999999999,28.627732000000005,338.71352435463615
rxn00105_c_num1,DLKcat,9635.76,38.5331684,250.064046121886
rxn14377_c,DLKcat,9598.68,54.2112622,177.0606256055776
rxn12642_c_reverse_num6,DLKcat,9564.84,51.579567600000004,185.43854563061515
rxn06631_c_num1,DLKcat,9560.52,55.6279053,171.86554029745213
rxn06947_c_num1,DLKcat,9560.52,55.6279053,171.86554029745213
rxn48573_c_num1,DLKcat,9560.52,55.6279053,171.86554029745213
rxn12635_c_num3,DLKcat,9491.76,54.1506223,175.28441219778927
rxn06556_c_num2,DLKcat,9474.480000000001,72.4599326,130.75474486433626
rxn01352_c,DLKcat,9439.92,92.3988582,102.16489882988618
rxnmetB2_c,DLKcat,9422.28,83.09901599999999,113.38618016848721
rxn03908_c_reverse,DLKcat,9391.32,32.7707247,286.57651260303066
rxn15466_c,DLKcat,9331.92,36.158381399999996,258.084561274084
rxn03435_c,DLKcat,9331.92,36.158381399999996,258.084561274084
rxn16639_c,DLKcat,9260.64,95.54860980000001,96.9207194053806
rxn04987_c,DLKcat,9260.64,95.54860980000001,96.9207194053806
rxn00076_c,DLKcat,9219.6,26.177196499999997,352.19967119091615
rxn05307_c_reverse_num3,DLKcat,9201.96,103.3349682,89.04981692344488
rxn05307_c_num3,DLKcat,9201.96,103.3349682,89.04981692344488
rxn01416_c_reverse_num2,DLKcat,9145.800000000001,121.87481,75.0425785279173
rxn00912_c,DLKcat,9066.6,283.23842500000006,32.010487277635434
rxn12645_c_reverse_num5,DLKcat,9055.8,51.579567600000004,175.56952144748104
rxn01923_c,DLKcat,9048.6,15.1130403,598.7279740132765
rxn03052_c_num1,DLKcat,9047.52,162.4761832,55.68520765202219
rxn16206_c_num1,DLKcat,9047.52,162.4761832,55.68520765202219
rxn01416_c_reverse_num3,DLKcat,9028.439999999999,20.696909599999998,436.2216473129882
rxn12847_c_num6,DLKcat,9018.72,51.579567600000004,174.85063213286801
rxn00198_c_reverse,DLKcat,8966.52,80.0682727,111.98593022726718
rxn08018_c_num2,DLKcat,8915.4,73.561481,121.19658112919178
rxn01176_c_reverse,DLKcat,8886.6,124.41574120000001,71.42665320551897
rxn05899_c,DLKcat,8868.960000000001,69.1745183,128.21137346467074
rxn01211_c_reverse,DLKcat,8844.84,60.29861299999999,146.68397098951516
rxn06372_c,DLKcat,8777.88,50.5449586,173.66479750168395
rxn16584_c,DLKcat,8777.88,50.5449586,173.66479750168395
rxn12640_c_num5,DLKcat,8771.76,51.579567600000004,170.06268970738714
rxn12634_c_num6,DLKcat,8771.76,51.579567600000004,170.06268970738714
rxn12645_c_num5,DLKcat,8771.76,51.579567600000004,170.06268970738714
rxn12642_c_num6,DLKcat,8771.76,51.579567600000004,170.06268970738714
rxn12635_c_num6,DLKcat,8771.76,51.579567600000004,170.06268970738714
rxn12845_c_num6,DLKcat,8771.76,51.579567600000004,170.06268970738714
rxn12638_c_num6,DLKcat,8771.76,51.579567600000004,170.06268970738714
rxn12844_c_num5,DLKcat,8771.76,51.579567600000004,170.06268970738714
rxn12636_c_num5,DLKcat,8771.76,51.579567600000004,170.06268970738714
rxn12646_c_num6,DLKcat,8771.76,51.579567600000004,170.06268970738714
rxn00134_c,DLKcat,8767.08,21.5882673,406.1039210868026
rxn05593_c_num2,DLKcat,8745.839999999998,107.35310319999999,81.46797567375769
rxn02474_c,DLKcat,8740.08,103.0206909,84.838103138755
rxn01671_c,DLKcat,8732.880000000001,37.168530700000005,234.95359745280433
rxn10220_c_reverse,DLKcat,8731.08,32.2668289,270.5899618167932
rxn10221_c_reverse,DLKcat,8731.08,32.2668289,270.5899618167932
rxn10222_c_reverse,DLKcat,8731.08,32.2668289,270.5899618167932
rxn10224_c_reverse,DLKcat,8731.08,32.2668289,270.5899618167932
rxn10223_c_reverse,DLKcat,8731.08,32.2668289,270.5899618167932
rxn10225_c_reverse,DLKcat,8731.08,32.2668289,270.5899618167932
rxn06043_c_reverse,DLKcat,8731.08,32.2668289,270.5899618167932
rxn08309_c_reverse,DLKcat,8731.08,32.2668289,270.5899618167932
rxn01539_c_reverse_num1,DLKcat,8725.320000000002,69.9805224,124.68212154986716
rxn05267_c,DLKcat,8688.6,62.272126199999995,139.52631024826002
rxn12635_c_reverse_num3,DLKcat,8686.44,54.1506223,160.4125609466911
rxn03408_c_reverse,DLKcat,8678.16,74.844565,115.94910064611905
rxn08019_c_num2,DLKcat,8676.0,73.561481,117.94216051740449
rxn08017_c_num2,DLKcat,8676.0,73.561481,117.94216051740449
rxn06372_c_reverse,DLKcat,8674.560000000001,50.5449586,171.6206767256112
rxn00693_c_reverse_num1,DLKcat,8672.76,162.4761832,53.37865420757865
rxn03137_c_reverse,DLKcat,8627.4,111.4017354,77.44403593913852
rxn00693_c_num1,DLKcat,8611.560000000001,162.4761832,53.00198361626703
rxn02268_c,DLKcat,8530.560000000001,15.1130403,564.4502913156396
rxn03933_c_reverse,DLKcat,8520.839999999998,74.844565,113.8471444118888
rxn05202_c,DLKcat,8520.839999999998,70.2079555,121.36573326081256
rxn00105_c_reverse_num1,DLKcat,8519.76,38.5331684,221.10198443998183
rxn03108_c_num2,DLKcat,8512.92,56.2651354,151.30008911344413
rxn01192_c,DLKcat,2728800.0,48.3010635,56495.65045291394
rxn08040_c_reverse,DLKcat,8468.64,39.748897,213.05345906831073
rxn00131_c,DLKcat,8459.28,52.7590811,160.3378948918047
rxn05333_c_reverse,DLKcat,8452.8,103.1099974,81.97847166272938
rxn08547_c_reverse_num3,DLKcat,8448.48,40.3368634,209.4481148973026
rxn12640_c_reverse_num5,DLKcat,8409.6,51.579567600000004,163.04130475106967
rxn12634_c_reverse_num6,DLKcat,8409.6,51.579567600000004,163.04130475106967
rxn00622_c_num1,DLKcat,8374.32,25.3727846,330.0512786444417
rxn02144_c,DLKcat,8313.84,26.5604168,313.01617224621265
rxn00549_c,DLKcat,8262.72,141.5876808,58.35761948577662
rxn00224_c,DLKcat,8216.64,32.989872600000005,249.0655268550506
rxn02475_c,DLKcat,8207.64,103.0206909,79.6698209679741
rxn00260_c,DLKcat,8205.119999999999,47.252985800000005,173.64236060613123
rxn11997_c,DLKcat,8200.08,68.1803256,120.27047286497557
rxn12636_c_num6,DLKcat,8186.4,192.70151800000002,42.4822808090178
rxn08133_c_num1,DLKcat,8186.4,192.70151800000002,42.4822808090178
rxn12640_c_num6,DLKcat,8186.4,192.70151800000002,42.4822808090178
rxn12847_c_num5,DLKcat,8186.4,192.70151800000002,42.4822808090178
rxn12638_c_num5,DLKcat,8186.4,192.70151800000002,42.4822808090178
rxn12634_c_num5,DLKcat,8186.4,192.70151800000002,42.4822808090178
rxn12844_c_num6,DLKcat,8186.4,192.70151800000002,42.4822808090178
rxn12645_c_num6,DLKcat,8186.4,192.70151800000002,42.4822808090178
rxn16464_c,DLKcat,8148.959999999999,32.103786,253.83174433071537
rxn00566_c,DLKcat,8106.84,40.7398303,198.99051960459443
rxn01465_c_reverse,DLKcat,702000.0,47.8292478,14677.21179591706
rxn00695_c,DLKcat,8048.159999999999,176.91755159999997,45.49102068853185
rxn00293_c_reverse_num2,DLKcat,8027.64,176.91755159999997,45.37503445757612
rxn05663_c_reverse,DLKcat,8007.84,147.6287718,54.24308488353894
rxn05663_c,DLKcat,8007.84,147.6287718,54.24308488353894
rxn05651_c_num1,DLKcat,7979.76,49.2340156,162.07818726043544
rxn03435_c_reverse,DLKcat,7979.4,36.158381399999996,220.67912586374788
rxn15466_c_reverse,DLKcat,281880.0,36.158381399999996,7795.702934866438
rxn04045_c,DLKcat,7959.96,49.4579086,160.94412855945146
rxn00641_c,DLKcat,7950.240000000001,38.5331684,206.32199038166817
rxn07486_c,DLKcat,7938.0,57.913239600000004,137.06710339167418
rxn02305_c,DLKcat,7916.76,138.9486636,56.976150722762334
rxn12845_c_reverse_num3,DLKcat,7831.44,54.1506223,144.62326871541788
rxn05249_c_num2,DLKcat,7767.72,67.0595699,115.83313181971363
rxn02548_c_reverse_num1,DLKcat,7725.240000000001,47.4143894,162.93028546308773
rxn12639_c_reverse_num5,DLKcat,7685.64,51.579567600000004,149.0055143463436
rxn12646_c_reverse_num6,DLKcat,7685.64,51.579567600000004,149.0055143463436
rxn01517_c_num1,DLKcat,7681.320000000001,157.097346,48.89528814827974
rxn00119_c_num1,DLKcat,1476000.0,157.097346,9395.448348312644
rxn12242_c_reverse,DLKcat,7648.919999999999,68.7513212,111.254880146216
rxn00500_c_num2,DLKcat,7634.88,45.8081317,166.67084460028306
rxn00741_c_num1,DLKcat,7634.88,45.8081317,166.67084460028306
rxn02228_c_num2,DLKcat,7634.88,45.8081317,166.67084460028306
rxn00499_c_num2,DLKcat,7634.88,45.8081317,166.67084460028306
rxn00950_c,DLKcat,7623.000000000001,40.7398303,187.1141814746342
rxn01300_c,DLKcat,146880.0,65.2112014,2252.3737769996064
rxn05247_c_num2,DLKcat,7538.4,67.0595699,112.41348567014892
rxn06023_c_num2,DLKcat,7507.44,73.561481,102.05667283941713
rxn05305_c,DLKcat,7506.719999999999,25.4250792,295.24863780955303
rxn01299_c_num1,DLKcat,7429.68,33.2593534,223.38618284743924
rxn02449_c_num2,DLKcat,7421.04,104.2886058,71.1586845281232
rxn03869_c,DLKcat,7389.72,58.1732534,127.02951215721417
rxn02275_c,DLKcat,7389.72,58.1732534,127.02951215721417
rxn05335_c_reverse,DLKcat,7381.44,99.4925178,74.19090564014252
rxn05332_c_reverse,DLKcat,7381.44,99.4925178,74.19090564014252
rxn07437_c_reverse,DLKcat,7374.24,95.83320359999999,76.94869547280793
rxn00650_c_reverse_num5,DLKcat,7370.64,192.70151800000002,38.24899812154048
rxn12844_c_reverse_num6,DLKcat,7370.64,192.70151800000002,38.24899812154048
rxn14260_c,DLKcat,7346.88,67.524879,108.80256445924176
rxn00610_c,DLKcat,7346.88,67.524879,108.80256445924176
rxn02005_c_num1,DLKcat,7323.840000000001,119.3898638,61.34390112270152
rxn03840_c_reverse,DLKcat,7319.88,134.2961432,54.50551166684585
rxn12636_c_reverse_num5,DLKcat,7261.2,51.579567600000004,140.77667452179261
rxn12635_c_reverse_num6,DLKcat,7261.2,51.579567600000004,140.77667452179261
rxn03537_c,DLKcat,7140.96,18.783313200000002,380.17574024160973
rxnmqDlac_c_num1,DLKcat,7072.2,14.2531494,496.1850747175919
rxn00501_c_num2,DLKcat,6964.56,8.8638919,785.7225785887574
rxn00671_c_num2,DLKcat,6964.56,8.8638919,785.7225785887574
rxn01099_c,DLKcat,6906.6,67.524879,102.28230101678524
rxn00060_c,DLKcat,6884.64,31.9789728,215.286464735978
rxn07437_c,DLKcat,6872.76,95.83320359999999,71.71585360629643
rxn06595_c,DLKcat,6872.76,95.83320359999999,71.71585360629643
rxn03140_c,DLKcat,6832.799999999999,106.55882980000001,64.12232578777811
rxn02532_c,DLKcat,6770.52,48.3010635,140.17331109075892
rxn05465_c_reverse_num3,DLKcat,6735.6,40.3368634,166.98373230477807
rxn05349_c_reverse_num2,DLKcat,6735.6,40.3368634,166.98373230477807
rxn02548_c_num1,DLKcat,6694.5599999999995,47.4143894,141.19258066413062
rxn06373_c_num2,DLKcat,6694.5599999999995,47.4143894,141.19258066413062
rxn03907_c,DLKcat,6692.4,82.68419039999999,80.93929404913179
rxn01539_c_num1,DLKcat,6659.64,69.9805224,95.16419385860429
rxn03108_c_reverse_num2,DLKcat,6647.04,56.2651354,118.13781221256957
rxn12845_c_num3,DLKcat,6535.799999999999,54.1506223,120.69667387737479
rxn01545_c_num2,DLKcat,6527.16,33.2593534,196.2503576512705
rxn04453_c,DLKcat,6483.599999999999,47.8292478,135.55722279203394
rxnmqfadh2_c_num2,DLKcat,6467.04,59.0744039,109.47279317362693
rxn00300_c,DLKcat,6427.080000000001,183.2154876,35.079348826840125
rxn05233_c,DLKcat,6416.28,155.7693852,41.190892496377394
rxn00832_c,DLKcat,6415.92,111.4017354,57.592639620585295
rxn02160_c_num1,DLKcat,6385.68,27.9068705,228.82107114088626
rxn00650_c_reverse_num6,DLKcat,6360.84,51.579567600000004,123.32092524172303
rxn12844_c_reverse_num5,DLKcat,6360.84,51.579567600000004,123.32092524172303
rxn00428_c,DLKcat,6344.28,55.43675919999999,114.44175474095897
rxn02312_c,DLKcat,6303.24,91.4022174,68.96156547729443
rxn01416_c_num1,DLKcat,6301.44,66.0628058,95.38559441567041
rxn00187_c_num1,DLKcat,6300.0,50.4080956,124.97992485159466
rxn04045_c_reverse,DLKcat,6296.76,49.4579086,127.31553311172563
rxn12241_c,DLKcat,6270.12,34.356403,182.50222527661
rxn12641_c_reverse_num6,DLKcat,6242.4,51.579567600000004,121.02466713970668
rxn02418_c_num1,DLKcat,6219.36,30.604515,203.21707434344245
rxn08133_c_num2,DLKcat,6186.96,54.1506223,114.25464264701534
rxn02548_c_reverse_num2,DLKcat,6153.84,49.344151100000005,124.71265312739365
rxn00211_c_num3,DLKcat,6138.0,93.97193820000001,65.31737152144851
rxn01374_c,DLKcat,6091.5599999999995,27.64725,220.3314977077286
rxn00126_c,DLKcat,6024.24,176.664,34.09998641488928
rxn03264_c,DLKcat,6024.24,176.664,34.09998641488928
rxn16231_c,DLKcat,6005.879999999999,41.319800799999996,145.35113634913748
rxn02937_c,DLKcat,5909.4,37.850742600000004,156.12375330253096
rxn03137_c,DLKcat,25848.0,111.4017354,232.02511080451265
rxn00851_c,DLKcat,5825.88,38.5781805,151.01489817540772
rxn44048_c_reverse,DLKcat,5805.72,80.54701629999998,72.07864756127536
rxn00992_c,DLKcat,5763.24,26.940379,213.9257209410454
rxn05595_c,DLKcat,5754.96,138.26774559999998,41.621854576617906
rxn12645_c_reverse_num3,DLKcat,5729.759999999999,54.1506223,105.81152638018712
rxnmqfadh2_c_reverse_num2,DLKcat,5725.8,59.0744039,96.92522686631798
rxn02302_c,DLKcat,5722.2,83.09901599999999,68.86002115837329
rxn11571_c_num2,DLKcat,5707.08,68.51026060000001,83.30255862433545
rxn05289_c_reverse_num1,DLKcat,5707.08,68.51026060000001,83.30255862433545
rxn01416_c_num4,DLKcat,5668.92,29.8743016,189.75908042650278
rxn01519_c_num1,DLKcat,5642.639999999999,31.782135999999998,177.54124518251385
rxn02733_c_num1,DLKcat,5639.4,49.7047656,113.45793369962094
rxn12844_c_reverse_num3,DLKcat,5612.4,54.1506223,103.64423826759973
rxn00650_c_reverse_num3,DLKcat,5612.4,54.1506223,103.64423826759973
rxn05300_c_num5,DLKcat,5609.88,95.32410920000001,58.850589290374394
rxn02507_c_num1,DLKcat,5595.12,50.484469100000005,110.82853994001889
rxn12847_c_num3,DLKcat,5591.5199999999995,54.1506223,103.25864713100442
rxn12645_c_num3,DLKcat,5591.5199999999995,54.1506223,103.25864713100442
rxn12638_c_num3,DLKcat,5591.5199999999995,54.1506223,103.25864713100442
rxn12844_c_num3,DLKcat,5591.5199999999995,54.1506223,103.25864713100442
rxn12636_c_num3,DLKcat,5591.5199999999995,54.1506223,103.25864713100442
rxn12640_c_num3,DLKcat,5591.5199999999995,54.1506223,103.25864713100442
rxn12846_c_num3,DLKcat,5591.5199999999995,54.1506223,103.25864713100442
rxn12634_c_num3,DLKcat,5591.5199999999995,54.1506223,103.25864713100442
rxn03901_c,DLKcat,5523.48,31.578078,174.91501541037422
rxn01519_c_num2,DLKcat,5523.48,31.578078,174.91501541037422
rxn01365_c_reverse,DLKcat,5489.28,60.74945220000001,90.35933331428458
rxn00269_c,DLKcat,5454.36,40.5741797,134.429335117279
rxn05223_c,DLKcat,5450.04,20.2963552,268.5230893081729
rxn09013_c,DLKcat,5446.08,54.3600628,100.1853147233671
rxn01351_c,DLKcat,5446.08,54.3600628,100.1853147233671
rxn01222_c,DLKcat,5446.08,54.3600628,100.1853147233671
rxn01365_c,DLKcat,5437.8,60.74945220000001,89.51191826549507
rxn12845_c_reverse_num6,DLKcat,5434.2,51.579567600000004,105.35567188430636
rxn02449_c_num1,DLKcat,5409.0,66.0743878,81.86227947162304
rxn06584_c_num2,DLKcat,5357.5199999999995,100.425798,53.34804509096357
rxn06584_c_num1,DLKcat,5357.5199999999995,49.8161457,107.54585535909897
rxn16673_c_num1,DLKcat,5357.5199999999995,27.7857616,192.8153014888028
rxn00514_c,DLKcat,5357.5199999999995,44.250947399999994,121.07130614789956
rxn00302_c,DLKcat,5357.5199999999995,220.299793,24.319223940441923
rxn00299_c,DLKcat,5357.5199999999995,220.299793,24.319223940441923
rxn44048_c,DLKcat,5357.5199999999995,80.54701629999998,66.5141956350778
rxn05237_c,DLKcat,5357.5199999999995,47.6265435,112.49021252193117
rxn00641_c_reverse,DLKcat,5357.5199999999995,38.5331684,139.03658127422503
rxn05115_c,DLKcat,5357.5199999999995,33.8672268,158.1918717950653
rxn14264_c,DLKcat,5357.5199999999995,62.272126199999995,86.0339983059708
rxn01675_c_reverse,DLKcat,5357.5199999999995,31.0036217,172.8030373948215
rxnmetC2_c,DLKcat,5357.5199999999995,40.7398303,131.5057024182057
rxn01332_c_num2,DLKcat,5357.5199999999995,117.44565600000001,45.61701285912183
rxn01416_c_num2,DLKcat,5357.5199999999995,121.87481,43.959206992815
rxn05303_c_num2,DLKcat,5357.5199999999995,104.0454398,51.49211738927168
rxn01672_c,DLKcat,5321.88,62.0226558,85.8054195093013
rxn00801_c,DLKcat,5320.08,30.558006000000002,174.0977470846756
rxn05856_c,DLKcat,5320.08,30.558006000000002,174.0977470846756
rxn01211_c,DLKcat,482400.0,60.29861299999999,8000.184017499708
rxn01416_c_num3,DLKcat,5285.5199999999995,20.696909599999998,255.3772569021609
rxn05005_c_num1,DLKcat,5282.64,52.4815634,100.65706236182744
rxn02287_c,DLKcat,5282.64,52.4815634,100.65706236182744
rxn05006_c_num2,DLKcat,5268.24,52.4815634,100.3826802918756
rxn00658_c_reverse,DLKcat,5235.84,40.758589699999995,128.45979310221327
rxn00741_c_reverse_num1,DLKcat,5235.48,45.8081317,114.2914981621047
rxn16507_c,DLKcat,5203.08,105.0469032,49.53101749314586
rxn05201_c,DLKcat,5198.4,49.7951377,104.39573500767726
rxn08669_c_num1,DLKcat,5172.4800000000005,28.8490194,179.2948289951235
rxn01073_c_num2,DLKcat,5172.4800000000005,28.8490194,179.2948289951235
rxn00758_c_num1,DLKcat,5172.4800000000005,28.8490194,179.2948289951235
rxn00622_c_num2,DLKcat,5172.4800000000005,28.8490194,179.2948289951235
rxn01962_c,DLKcat,5152.32,44.250947399999994,116.43411729530564
rxn02304_c,DLKcat,5149.08,45.7270546,112.60467233330178
rxn02312_c_reverse,DLKcat,5108.400000000001,91.4022174,55.88923491477572
rxn02774_c,DLKcat,5097.599999999999,52.4815634,97.13125276294646
rxn06448_c,DLKcat,5053.32,75.6760668,66.77566916043791
rxn04413_c,DLKcat,5041.08,18.783313200000002,268.3807668180712
rxn00001_c,DLKcat,22644000.0,107.5189332,210604.7681656127
rxn03406_c_num1,DLKcat,4998.6,50.4080956,99.16264323225097
rxn00251_c,DLKcat,4991.76,309.54071880000004,16.126343633728098
rxn16213_c_num2,DLKcat,4962.6,68.51026060000001,72.43586517608429
rxn02834_c,DLKcat,4959.0,40.96201680000001,121.06337498499339
rxn01257_c,DLKcat,4905.0,134.2961432,36.523759231828784
rxn05300_c_num4,DLKcat,4862.88,95.5368008,50.900594946444976
rxn02160_c_num2,DLKcat,4860.72,29.2019767,166.45174571350165
rxn00119_c_reverse_num1,DLKcat,4847.400000000001,157.097346,30.85602731951946
rxn01517_c_reverse_num1,DLKcat,4847.400000000001,157.097346,30.85602731951946
rxn05300_c_num3,DLKcat,4773.6,108.0249474,44.18979240345365
rxn07438_c,DLKcat,4740.12,30.9103198,153.35072657514206
rxn02056_c,DLKcat,4736.52,49.4579086,95.76870785838284
rxn06373_c_num1,DLKcat,4688.64,49.344151100000005,95.01916428753802
rxn02548_c_num2,DLKcat,4688.64,49.344151100000005,95.01916428753802
rxn00772_c_num2,DLKcat,4659.12,60.417185599999996,77.1158065992402
rxn01213_c_num2,DLKcat,4591.4400000000005,39.510883500000006,116.20696864447488
rxn01233_c_reverse,DLKcat,4545.0,49.3450463,92.10650999024395
rxn05651_c_num2,DLKcat,4527.72,56.0918137,80.71980029413811
rxn05918_c,DLKcat,4525.2,30.0176956,150.75107897356384
rxn06300_c,DLKcat,4510.44,384.93402399999997,11.71743654439858
rxn03907_c_reverse,DLKcat,4499.64,82.68419039999999,54.41959313179658
rxn03840_c,DLKcat,4498.56,134.2961432,33.497313420985876
rxn07230_c,DLKcat,4460.76,54.562725400000005,81.75471381420401
rxn00499_c_reverse_num2,DLKcat,4284.36,45.8081317,93.5283723872109
rxn00500_c_reverse_num2,DLKcat,4284.36,45.8081317,93.5283723872109
rxn01406_c,DLKcat,4245.4800000000005,110.9384514,38.26878729983787
rxn02421_c,DLKcat,4198.679999999999,82.68419039999999,50.77971955325573
rxn16673_c_num2,DLKcat,4162.32,17.502321099999996,237.8153146784629
rxn08453_c_reverse_num1,DLKcat,4139.28,67.0595699,61.725418253838214
rxn08455_c_reverse_num1,DLKcat,4139.28,67.0595699,61.725418253838214
rxn08451_c_num1,DLKcat,4139.28,67.0595699,61.725418253838214
rxn05307_c_num2,DLKcat,4114.08,31.6177524,130.11930601366845
rxn05307_c_reverse_num2,DLKcat,4114.08,31.6177524,130.11930601366845
rxn05300_c_num2,DLKcat,4111.92,31.6177524,130.0509899622087
rxn05289_c_num1,DLKcat,4063.6800000000003,68.51026060000001,59.314910852929955
rxn02733_c_reverse_num1,DLKcat,4056.84,49.7047656,81.618733154231
rxn02518_c,DLKcat,3888.0000000000005,44.250947399999994,87.86252562809538
rxn45983_c_reverse,DLKcat,3829.6800000000003,45.743448699999995,83.72084110046562
rxn45983_c,DLKcat,3829.6800000000003,45.743448699999995,83.72084110046562
rxn03537_c_reverse,DLKcat,3823.92,18.783313200000002,203.58069736067648
rxn01987_c_reverse_num1,DLKcat,3733.2,60.417185599999996,61.7903658193572
rxn01226_c_num2,DLKcat,3688.2,33.2593534,110.89211373544019
rxn01466_c_num3,DLKcat,3638.8799999999997,34.1934353,106.42042743216268
rxn01486_c_num2,DLKcat,3638.8799999999997,34.1934353,106.42042743216268
rxn48573_c_num2,DLKcat,3632.76,42.2769982,85.92757657046711
rxn06631_c_num2,DLKcat,3632.76,42.2769982,85.92757657046711
rxn06947_c_num2,DLKcat,3632.76,42.2769982,85.92757657046711
rxn01233_c,DLKcat,3621.6,49.3450463,73.39338538628547
rxn08453_c_num1,DLKcat,3573.36,67.0595699,53.286354286623606
rxn09449_c_num1,DLKcat,3573.36,67.0595699,53.286354286623606
rxn08449_c_num1,DLKcat,3573.36,67.0595699,53.286354286623606
rxn08451_c_reverse_num1,DLKcat,3573.36,67.0595699,53.286354286623606
rxn08450_c_num1,DLKcat,3573.36,67.0595699,53.286354286623606
rxn08452_c_num1,DLKcat,3573.36,67.0595699,53.286354286623606
rxn08454_c_num1,DLKcat,3573.36,67.0595699,53.286354286623606
rxn05252_c_num1,DLKcat,3573.36,67.0595699,53.286354286623606
rxn08457_c_num1,DLKcat,3573.36,67.0595699,53.286354286623606
rxn00988_c_num3,DLKcat,3573.36,67.0595699,53.286354286623606
rxn08456_c_num1,DLKcat,3573.36,67.0595699,53.286354286623606
rxn05250_c_num2,DLKcat,3573.36,67.0595699,53.286354286623606
rxn00947_c_num3,DLKcat,3573.36,67.0595699,53.286354286623606
rxn05251_c_num2,DLKcat,3573.36,67.0595699,53.286354286623606
rxn05248_c_num1,DLKcat,3573.36,67.0595699,53.286354286623606
rxn08455_c_num1,DLKcat,3573.36,67.0595699,53.286354286623606
rxn09450_c_num3,DLKcat,3573.36,67.0595699,53.286354286623606
rxn05736_c_num3,DLKcat,3573.36,67.0595699,53.286354286623606
rxn09448_c_num3,DLKcat,3573.36,67.0595699,53.286354286623606
rxn08448_c_num1,DLKcat,3573.36,67.0595699,53.286354286623606
rxn04783_c,DLKcat,3530.88,88.09866399999999,40.078700852943705
rxn06297_c_num2,DLKcat,3470.7599999999998,39.510883500000006,87.84313820772951
rxn05582_c_reverse,DLKcat,3335.04,97.2804534,34.28273495279577
rxn05582_c,DLKcat,3335.04,97.2804534,34.28273495279577
rxn06947_c_reverse_num2,DLKcat,3184.5600000000004,42.2769982,75.32606702431396
rxn06631_c_reverse_num2,DLKcat,3184.5600000000004,42.2769982,75.32606702431396
rxn48573_c_reverse_num2,DLKcat,3184.5600000000004,42.2769982,75.32606702431396
rxn01987_c_num1,DLKcat,3141.36,60.417185599999996,51.994477544813016
rxn00695_c_reverse,DLKcat,3138.12,176.91755159999997,17.737753951598325
rxn05244_c,DLKcat,3051.0,77.4937398,39.37092219157553
rxn02476_c,DLKcat,360000.0,45.6264603,7890.158421954114
rxn01544_c_num1,DLKcat,2772.72,22.046881300000003,125.76472664185839
rxn05918_c_reverse,DLKcat,2718.72,30.0176956,90.57057664346492
rxn00992_c_reverse,DLKcat,2639.16,26.940379,97.96298708344081
rxn00213_c_num2,DLKcat,2553.48,33.667201,75.84473684046381
rxn06799_c,DLKcat,2516.3999999999996,40.605726000000004,61.971555440235186
rxn05465_c_num1,DLKcat,2356.9199999999996,103.9878878,22.66533199071286
rxn07261_c_reverse,DLKcat,2268.72,78.47549560000002,28.909916180255372
rxn07100_c,DLKcat,2268.72,78.47549560000002,28.909916180255372
rxn05197_c_reverse_num2,DLKcat,2252.1600000000003,70.2079555,32.07841595672161
rxn05197_c_num2,DLKcat,2252.1600000000003,70.2079555,32.07841595672161
rxn05312_c,DLKcat,2223.0,87.9127476,25.28643525185419
rxn08793_c_num2,DLKcat,2221.92,45.8081317,48.50492516375647
rxn05669_c,DLKcat,2170.08,77.4937398,28.003294273842748
rxn00100_c,DLKcat,2167.2,21.5882673,100.38786206802247
rxn05197_c_num1,DLKcat,2160.3599999999997,49.7951377,43.384958849104656
rxn05197_c_reverse_num1,DLKcat,2160.3599999999997,49.7951377,43.384958849104656
rxn03491_c,DLKcat,2035.0800000000002,45.4552714,44.771044970594986
rxn05153_c,DLKcat,2015.28,63.918265399999996,31.529015804612246
rxnCREATtpp_c,DLKcat,1971.36,45.956416499999996,42.896295014647194
rxn01509_c,DLKcat,1875.6000000000001,82.6277816,22.699387102993455
rxn05814_c,DLKcat,1875.6000000000001,82.6277816,22.699387102993455
rxn01517_c_num2,DLKcat,1875.6000000000001,82.6277816,22.699387102993455
rxn00239_c,DLKcat,1875.6000000000001,82.6277816,22.699387102993455
rxn07230_c_reverse,DLKcat,1834.5600000000002,54.562725400000005,33.62295388565762
rxn00915_c_num1,DLKcat,1787.76,22.046881300000003,81.08902006017512
rxn11268_c,DLKcat,1707.84,87.9127476,19.426534224258507
rxn09562_c,DLKcat,1667.52,82.6277816,20.18110576987825
rxn05814_c_reverse,DLKcat,1654.92,82.6277816,20.028614685693075
rxn00239_c_reverse,DLKcat,1654.92,82.6277816,20.028614685693075
rxn01517_c_reverse_num2,DLKcat,1654.92,82.6277816,20.028614685693075
rxn01509_c_reverse,DLKcat,1654.92,82.6277816,20.028614685693075
rxn04464_c,DLKcat,1654.56,111.96928840000001,14.77690912966452
rxn01641_c,DLKcat,1652.76,100.76892570000001,16.401484768433924
rxn02283_c,DLKcat,1652.76,100.76892570000001,16.401484768433924
rxn09562_c_reverse,DLKcat,1575.36,82.6277816,19.06574241126667
rxn02504_c_reverse,DLKcat,1502.28,28.0414344,53.57357896071108
rxn02937_c_reverse,DLKcat,1499.3999999999999,37.850742600000004,39.61348964392576
rxn01641_c_reverse,DLKcat,1428.48,100.76892570000001,14.175798641068571
rxn08796_c_num1,DLKcat,1409.0400000000002,60.415384,23.322536524803024
rxn08802_c_num2,DLKcat,1409.0400000000002,60.415384,23.322536524803024
rxn08838_c_num1,DLKcat,1409.0400000000002,60.415384,23.322536524803024
rxn08839_c_num1,DLKcat,1409.0400000000002,60.415384,23.322536524803024
rxn08842_c_num2,DLKcat,1409.0400000000002,60.415384,23.322536524803024
rxn08823_c_num2,DLKcat,1409.0400000000002,60.415384,23.322536524803024
rxn08804_c_num2,DLKcat,1409.0400000000002,60.415384,23.322536524803024
rxn08820_c_num2,DLKcat,1409.0400000000002,60.415384,23.322536524803024
rxn08840_c_num1,DLKcat,1409.0400000000002,60.415384,23.322536524803024
rxn08807_c_num1,DLKcat,1409.0400000000002,60.415384,23.322536524803024
rxn08845_c_num1,DLKcat,1409.0400000000002,60.415384,23.322536524803024
rxn08805_c_num1,DLKcat,1409.0400000000002,60.415384,23.322536524803024
rxn08846_c_num1,DLKcat,1409.0400000000002,60.415384,23.322536524803024
rxn08819_c_num2,DLKcat,1409.0400000000002,60.415384,23.322536524803024
rxn08848_c_num1,DLKcat,1409.0400000000002,60.415384,23.322536524803024
rxn08817_c_num2,DLKcat,1409.0400000000002,60.415384,23.322536524803024
rxn08850_c_num1,DLKcat,1409.0400000000002,60.415384,23.322536524803024
rxn06488_c_num2,DLKcat,1409.0400000000002,60.415384,23.322536524803024
rxn08822_c_num1,DLKcat,1409.0400000000002,60.415384,23.322536524803024
rxn08797_c_num1,DLKcat,1409.0400000000002,60.415384,23.322536524803024
rxn08801_c_num2,DLKcat,1409.0400000000002,60.415384,23.322536524803024
rxn08816_c_num2,DLKcat,1409.0400000000002,60.415384,23.322536524803024
rxn08815_c_num2,DLKcat,1409.0400000000002,60.415384,23.322536524803024
rxn08809_c_num1,DLKcat,1409.0400000000002,60.415384,23.322536524803024
rxn08806_c_num2,DLKcat,1409.0400000000002,60.415384,23.322536524803024
rxn08821_c_num1,DLKcat,1409.0400000000002,60.415384,23.322536524803024
rxn08818_c_num1,DLKcat,1409.0400000000002,60.415384,23.322536524803024
rxn08813_c_num1,DLKcat,1409.0400000000002,60.415384,23.322536524803024
rxn08812_c_num1,DLKcat,1409.0400000000002,60.415384,23.322536524803024
rxn08814_c_num1,DLKcat,1409.0400000000002,60.415384,23.322536524803024
rxn08851_c_num2,DLKcat,1409.0400000000002,60.415384,23.322536524803024
rxn08849_c_num2,DLKcat,1409.0400000000002,60.415384,23.322536524803024
rxn08811_c_num1,DLKcat,1409.0400000000002,60.415384,23.322536524803024
rxn08810_c_num2,DLKcat,1409.0400000000002,60.415384,23.322536524803024
rxn08847_c_num2,DLKcat,1409.0400000000002,60.415384,23.322536524803024
rxn08799_c_num2,DLKcat,1409.0400000000002,60.415384,23.322536524803024
rxn08803_c_num1,DLKcat,1409.0400000000002,60.415384,23.322536524803024
rxn08844_c_num2,DLKcat,1409.0400000000002,60.415384,23.322536524803024
rxn08841_c_num2,DLKcat,1409.0400000000002,60.415384,23.322536524803024
rxn08843_c_num2,DLKcat,1409.0400000000002,60.415384,23.322536524803024
rxn08800_c_num1,DLKcat,1409.0400000000002,60.415384,23.322536524803024
rxn08808_c_num2,DLKcat,1409.0400000000002,60.415384,23.322536524803024
rxn08798_c_num1,DLKcat,1409.0400000000002,60.415384,23.322536524803024
rxn11590_c_reverse,DLKcat,1354.68,58.7289947,23.06663015295918
rxn05465_c_num3,DLKcat,1285.56,40.3368634,31.870599041173836
rxn02402_c,DLKcat,3596400.0,176.69492759999997,20353.72519658001
rxn12512_c,DLKcat,1213.2,43.8782295,27.649246877657177
rxn00097_c,DLKcat,3596400.0,19.4126888,185260.27162193006
rxn10052_c,DLKcat,1209.96,19.4126888,62.32830559772843
rxn09690_c,DLKcat,1206.0,31.6177524,38.143128731693146
rxn00139_c,DLKcat,1199.8799999999999,39.0702022,30.710872543167948
rxn01362_c_num1,DLKcat,1064.1599999999999,38.8896602,27.363571564454034
rxn00364_c,DLKcat,1476000.0,99.2586872,14870.234955112322
rxn09177_c,DLKcat,951.84,43.8782295,21.692762238731625
rxn00438_c,DLKcat,937.8000000000001,34.659594299999995,27.057443081496203
rxn02418_c_reverse_num1,DLKcat,916.2,30.604515,29.9367593310987
rxn03039_c,DLKcat,896.76,39.0702022,22.952530304539863
rxn01127_c,DLKcat,838.08,19.4126888,43.171762996581904
rxn00119_c_num2,DLKcat,838.08,19.4126888,43.171762996581904
rxn01104_c_reverse,DLKcat,824.4,27.245198199999997,30.258542953084483
rxn03253_c_reverse,DLKcat,794.16,87.2880876,9.0981486917122
rxn00946_c_reverse,DLKcat,794.16,87.2880876,9.0981486917122
rxn00872_c_reverse,DLKcat,794.16,87.2880876,9.0981486917122
rxn03251_c_reverse,DLKcat,794.16,87.2880876,9.0981486917122
rxn02679_c_reverse,DLKcat,794.16,87.2880876,9.0981486917122
rxn02720_c_reverse,DLKcat,794.16,87.2880876,9.0981486917122
rxn02803_c_reverse,DLKcat,794.16,87.2880876,9.0981486917122
rxn00119_c_reverse_num2,DLKcat,713.88,19.4126888,36.77388574837711
rxn10052_c_reverse,DLKcat,713.88,19.4126888,36.77388574837711
rxn00872_c,DLKcat,711.36,87.2880876,8.149565645885453
rxn00946_c,DLKcat,704.16,87.2880876,8.067080163639648
rxn03251_c,DLKcat,704.16,87.2880876,8.067080163639648
rxn02803_c,DLKcat,704.16,87.2880876,8.067080163639648
rxn03253_c,DLKcat,704.16,87.2880876,8.067080163639648
rxn02720_c,DLKcat,704.16,87.2880876,8.067080163639648
rxn02679_c,DLKcat,704.16,87.2880876,8.067080163639648
rxn01802_c,DLKcat,704.16,87.2880876,8.067080163639648
rxn00213_c_num1,DLKcat,696.6,33.0543807,21.07436246718124
rxn05654_c_num1,DLKcat,643.68,1371.5895527999996,0.469294913107186
rxn00707_c,DLKcat,522.0,99.2586872,5.2589855329055775
rxn02421_c_reverse,DLKcat,521.2800000000001,82.68419039999999,6.304470025989396
rxn07292_c,DLKcat,475.56,45.786135,10.386550426237113
rxn01219_c,DLKcat,473.03999999999996,99.2586872,4.765728958784778
rxn03904_c,DLKcat,457.55999999999995,78.47549560000002,5.830609880213357
rxn00216_c_num2,DLKcat,452.52000000000004,26.6530092,16.978195467699763
rxn06538_c,DLKcat,438.48,100.76892570000001,4.351341417545746
rxn01486_c_num4,DLKcat,342.72,68.8177902,4.980107600142034
rxn02169_c,DLKcat,333.0,87.2880876,3.8149535538684436
rxn16507_c_reverse,DLKcat,303.48,105.0469032,2.8889952083804027
rxn00364_c_reverse,DLKcat,293.04,99.2586872,2.9522856715759587
rxn01219_c_reverse,DLKcat,293.04,99.2586872,2.9522856715759587
rxn05028_c,DLKcat,281.52000000000004,75.61447600000001,3.7230966197530746
rxn12008_c,DLKcat,281.16,75.61447600000001,3.718335626633186
rxn03891_c,DLKcat,280.8,75.61447600000001,3.713574633513297
rxn03892_c,DLKcat,280.44,75.61447600000001,3.7088136403934078
rxn05287_c,DLKcat,279.72,75.61447600000001,3.6992916541536305
rxn01486_c_num1,DLKcat,278.28,75.61447600000001,3.680247681674074
rxn01466_c_num1,DLKcat,275.76,75.61447600000001,3.6469207298348527
rxn01486_c_num3,DLKcat,259.92,39.510883500000006,6.578440595994265
rxn01466_c_num2,DLKcat,258.12,39.510883500000006,6.5328835281549695
rxn02341_c,DLKcat,10440.0,43.8782295,237.93120458518044
rxn06488_c_reverse_num2,DLKcat,82.08,60.415384,1.358594360668137
rxn00102_c,DLKcat,73.44000000000001,66.8582202,1.0984438380248718
rxn08800_c_reverse_num1,DLKcat,70.2,60.415384,1.161955703203012
rxn08821_c_reverse_num1,DLKcat,70.2,60.415384,1.161955703203012
rxn08823_c_reverse_num2,DLKcat,70.2,60.415384,1.161955703203012
rxn08817_c_reverse_num2,DLKcat,70.2,60.415384,1.161955703203012
rxn08820_c_reverse_num2,DLKcat,70.2,60.415384,1.161955703203012
rxn08802_c_reverse_num2,DLKcat,70.2,60.415384,1.161955703203012
rxn08799_c_reverse_num2,DLKcat,70.2,60.415384,1.161955703203012
rxn08822_c_reverse_num1,DLKcat,70.2,60.415384,1.161955703203012
rxn08818_c_reverse_num1,DLKcat,70.2,60.415384,1.161955703203012
rxn04308_c,DLKcat,64.44,56.3354262,1.1438628292475757
rxn08806_c_reverse_num2,DLKcat,51.839999999999996,60.415384,0.8580595962114549
rxn08838_c_reverse_num1,DLKcat,51.839999999999996,60.415384,0.8580595962114549
rxn08843_c_reverse_num2,DLKcat,51.839999999999996,60.415384,0.8580595962114549
rxn08804_c_reverse_num2,DLKcat,51.839999999999996,60.415384,0.8580595962114549
rxn08839_c_reverse_num1,DLKcat,51.839999999999996,60.415384,0.8580595962114549
rxn08807_c_reverse_num1,DLKcat,51.839999999999996,60.415384,0.8580595962114549
rxn08844_c_reverse_num2,DLKcat,51.839999999999996,60.415384,0.8580595962114549
rxn08803_c_reverse_num1,DLKcat,51.839999999999996,60.415384,0.8580595962114549
rxn08841_c_reverse_num2,DLKcat,51.839999999999996,60.415384,0.8580595962114549
rxn08809_c_reverse_num1,DLKcat,51.839999999999996,60.415384,0.8580595962114549
rxn08842_c_reverse_num2,DLKcat,51.839999999999996,60.415384,0.8580595962114549
rxn08805_c_reverse_num1,DLKcat,51.839999999999996,60.415384,0.8580595962114549
rxn08845_c_reverse_num1,DLKcat,45.72,60.415384,0.7567608938809359
rxn08810_c_reverse_num2,DLKcat,45.72,60.415384,0.7567608938809359
rxn08846_c_reverse_num1,DLKcat,44.28,60.415384,0.7329259050972845
rxn08811_c_reverse_num1,DLKcat,44.28,60.415384,0.7329259050972845
rxn08816_c_reverse_num2,DLKcat,43.92,60.415384,0.7269671579013716
rxn08851_c_reverse_num2,DLKcat,43.92,60.415384,0.7269671579013716
rxn08848_c_reverse_num1,DLKcat,43.2,60.415384,0.7150496635095459
rxn08813_c_reverse_num1,DLKcat,43.2,60.415384,0.7150496635095459
rxn08815_c_reverse_num2,DLKcat,42.120000000000005,60.415384,0.6971734219218072
rxn08850_c_reverse_num1,DLKcat,42.120000000000005,60.415384,0.6971734219218072
rxn08814_c_reverse_num1,DLKcat,38.88,60.415384,0.6435446971585913
rxn08812_c_reverse_num1,DLKcat,38.88,60.415384,0.6435446971585913
rxn08849_c_reverse_num2,DLKcat,38.88,60.415384,0.6435446971585913
rxn00336_c,modify,43920.0,188.91137719999998,232.48996778792213
rxn00558_c,modify,508319.99999999994,118.44355060000001,4291.664657340996
rxn00558_c_reverse,modify,508319.99999999994,118.44355060000001,4291.664657340996
rxn00737_c,modify,51625.8,186.288,277.12896160783305
rxn00747_c_reverse,modify,272664.0,54.3429118,5017.471294204739
rxn00786_c,modify,75600.0,74.2791558,1017.7821649394675
rxn00802_c,modify,13913.64,204.168,68.1479957681909
rxn01116_c,modify,643320.0,71.6420931,8979.637140166136
rxn01255_c,modify,15871.68,173.6065184,91.423295313317
rxn01256_c,modify,1327.68,11.2977326,117.51738574517157
rxn01682_c,modify,14443.560000000001,89.59204679999999,161.21475639732793
rxn01974_c,modify,208800.0,58.493372,3569.6352058486214
rxn01996_c_reverse,modify,2025.72,16.729778500000002,121.0846874033628
rxn02007_c,modify,12958.92,142.2346528,91.10944305690323
rxn02213_c,modify,188136.0,185.3689068,1014.9274937624006
rxn02473_c,modify,97363.8,21.9135904,4443.078392119623
rxn03437_c,modify,25999.56,129.3467894,201.00661269293167
rxn05072_c,modify,159912.72,39.238891100000004,4075.362873850428
rxn12146_c,modify,9733.32,130.0184284,74.8610802313005
rxn15467_c,modify,32997.96,129.3467894,255.11232364612522
rxn00148_c_num1,modify,389949.2605739304,205.9894508,1893.0545183721147
rxn00173_c,modify,432000.0,98.1845212,4399.878868075592
rxn00225_c,modify,3071124.8868986196,86.1829374,35634.95257355454
rxn00225_c_reverse,modify,836180.6334495062,86.1829374,9702.391896536892
rxn00250_c,modify,576000.0,246.2777116,2338.8230963244014
rxn00336_c_reverse,modify,30600.0,188.91137719999998,161.9807152620769
rxn00500_c_reverse_num1,modify,412179.88978664466,137.60744200000002,2995.3313846691854
rxn01333_c,modify,179951.229544106,38.328480000000006,4694.974325726091
rxn01476_c,modify,79313.15209763002,24.4780099,3240.1797540587654
rxn01791_c,modify,459360.0,59.8618502,7673.668596364233
rxn02373_c,modify,79089.72682104983,182.66498560000002,432.97694170157274
rxn02760_c,modify,252479.37600000002,47.794845200000005,5282.56499092082
rxn05226_c,modify,177867.0772362788,210.0979734,846.5911134594447
rxn05560_c,modify,177867.0772362788,208.0095274,855.091011741219
rxn05655_c,modify,216385.4412,188.5643821,1147.54143274654
rxn08173_c,modify,2312558.677057309,240.5080025,9615.308650934843
rxn08287_c,modify,216888.07009651326,230.8390612,939.5639930652831
rxnbccaa3_c,modify,834827.436,279.02629859999996,2991.931012197429
rxn00154_c,modify,1749600.0,618.9056393000001,2826.9252837619115
rxn08094_c,modify,521586.36,682.2346964999999,764.5262879121248
rxn01100_c,modify,468000.0,42.6967065,10961.032790667356
rxn00198_c,modify,157320.0,80.0682727,1964.8232026866244
rxn00248_c_reverse,modify,720000.0,139.6666524,5155.131791502722
rxn00604_c,modify,252000.0,92.2776672,2730.888281493098
rxn00902_c,modify,7560.0,136.4237684,55.41556349501924
rxn01643_c,modify,30564.0,72.336856,422.52320172720806
rxn00113_c,modify,6840.0,162.18368159999997,42.17440332172112
rxn01101_c,modify,221742.1385051953,55.3309524,4007.5604862567898
rxn00260_c_reverse,modify,66966.57132618719,47.252985800000005,1417.1923782684476
rxn01019_c,modify,449021.0352992602,68.6846342,6537.4306863420725
rxn00692_c_reverse,modify,20323.440000000002,93.0804838,218.34265541279882
rxn00288_c,modify,273282.12,129.5527318,2109.427691743973
rxn00781_c,modify,92565.19527315028,144.18037239999998,642.0096836506041
rxn01388_c,modify,102542.50428380856,101.72464049999999,1008.039977136204
rxn01000_c,modify,4731.80568203823,67.4788688,70.12277719211306
rxn01739_c,modify,15644.19868907658,20.8211636,751.3604421741627
rxn15228_c_reverse,modify,254422.5664006149,74.7938308,3401.651762976886
rxn00785_c_reverse,modify,267742.87615996925,74.7938308,3579.745458899122
rxn00330_c,modify,136806.2698997556,82.3487806,1661.3029227995103
rxn01115_c,modify,55767.339632357645,103.4668744,538.9873807994112
rxn00337_c,modify,57993.812910178465,44.7381902,1296.2932262328857
rxn09296_c_num1,modify,303871.61241511017,11.8095917,25730.916032864214
rxn09296_c_num2,modify,26350.459555241596,13.4549359,1958.4232694294437
